ISO-10303-21;
HEADER;
/* Generated by software containing ST-Developer
 * from STEP Tools, Inc. (www.steptools.com) 
 */

FILE_DESCRIPTION(
/* description */ (''),
/* implementation_level */ '2;1');

FILE_NAME(
/* name */ 'CARA_TEO.step',
/* time_stamp */ '2026-09-24T08:08:35-05:00',
/* author */ (''),
/* organization */ (''),
/* preprocessor_version */ 'ST-DEVELOPER v20.2',
/* originating_system */ 'Autodesk Translation Framework v15.15.0.0',
/* authorisation */ '');

FILE_SCHEMA (('AUTOMOTIVE_DESIGN { 1 0 10303 214 3 1 1 }'));
ENDSEC;

DATA;
#10=MECHANICAL_DESIGN_GEOMETRIC_PRESENTATION_REPRESENTATION('',(#13,#14),
#8416);
#11=SHAPE_REPRESENTATION_RELATIONSHIP('SRR','None',#8423,#12);
#12=ADVANCED_BREP_SHAPE_REPRESENTATION('',(#15,#16),#8415);
#13=STYLED_ITEM('',(#8432),#15);
#14=STYLED_ITEM('',(#8432),#16);
#15=MANIFOLD_SOLID_BREP('Frontal',#5085);
#16=MANIFOLD_SOLID_BREP('Cuerpo',#5086);
#17=FACE_BOUND('',#1702,.T.);
#18=FACE_BOUND('',#1703,.T.);
#19=FACE_BOUND('',#1704,.T.);
#20=FACE_BOUND('',#1705,.T.);
#21=FACE_BOUND('',#1706,.T.);
#22=FACE_BOUND('',#1707,.T.);
#23=FACE_BOUND('',#1708,.T.);
#24=FACE_BOUND('',#1709,.T.);
#25=FACE_BOUND('',#1717,.T.);
#26=FACE_BOUND('',#1721,.T.);
#27=FACE_BOUND('',#1757,.T.);
#28=FACE_BOUND('',#1760,.T.);
#29=FACE_BOUND('',#1763,.T.);
#30=FACE_BOUND('',#1766,.T.);
#31=FACE_BOUND('',#1776,.T.);
#32=FACE_BOUND('',#1777,.T.);
#33=FACE_BOUND('',#1778,.T.);
#34=FACE_BOUND('',#1779,.T.);
#35=FACE_BOUND('',#1780,.T.);
#36=FACE_BOUND('',#1781,.T.);
#37=FACE_BOUND('',#1782,.T.);
#38=FACE_BOUND('',#1783,.T.);
#39=FACE_BOUND('',#1784,.T.);
#40=FACE_BOUND('',#1785,.T.);
#41=FACE_BOUND('',#1786,.T.);
#42=FACE_BOUND('',#1800,.T.);
#43=FACE_BOUND('',#1801,.T.);
#44=FACE_BOUND('',#1802,.T.);
#45=FACE_BOUND('',#1808,.T.);
#46=FACE_BOUND('',#1809,.T.);
#47=FACE_BOUND('',#1810,.T.);
#48=FACE_BOUND('',#1811,.T.);
#49=FACE_BOUND('',#1820,.T.);
#50=FACE_BOUND('',#1821,.T.);
#51=FACE_BOUND('',#1822,.T.);
#52=FACE_BOUND('',#1823,.T.);
#53=FACE_BOUND('',#1824,.T.);
#54=FACE_BOUND('',#1825,.T.);
#55=FACE_BOUND('',#1826,.T.);
#56=FACE_BOUND('',#1827,.T.);
#57=FACE_BOUND('',#1828,.T.);
#58=FACE_BOUND('',#1829,.T.);
#59=FACE_BOUND('',#1830,.T.);
#60=FACE_BOUND('',#1835,.T.);
#61=FACE_BOUND('',#1836,.T.);
#62=FACE_BOUND('',#1837,.T.);
#63=FACE_BOUND('',#1838,.T.);
#64=FACE_BOUND('',#1839,.T.);
#65=FACE_BOUND('',#1840,.T.);
#66=FACE_BOUND('',#1841,.T.);
#67=FACE_BOUND('',#1842,.T.);
#68=FACE_BOUND('',#1843,.T.);
#69=FACE_BOUND('',#1844,.T.);
#70=FACE_BOUND('',#1845,.T.);
#71=FACE_BOUND('',#1848,.T.);
#72=FACE_BOUND('',#1849,.T.);
#73=FACE_BOUND('',#1850,.T.);
#74=FACE_BOUND('',#1866,.T.);
#75=FACE_BOUND('',#1878,.T.);
#76=FACE_BOUND('',#1882,.T.);
#77=FACE_BOUND('',#1939,.T.);
#78=FACE_BOUND('',#1940,.T.);
#79=FACE_BOUND('',#1941,.T.);
#80=FACE_BOUND('',#1942,.T.);
#81=FACE_BOUND('',#1943,.T.);
#82=FACE_BOUND('',#1944,.T.);
#83=FACE_BOUND('',#1953,.T.);
#84=FACE_BOUND('',#1954,.T.);
#85=FACE_BOUND('',#1955,.T.);
#86=FACE_BOUND('',#1956,.T.);
#87=FACE_BOUND('',#1999,.T.);
#88=FACE_BOUND('',#2000,.T.);
#89=FACE_BOUND('',#2001,.T.);
#90=FACE_BOUND('',#2002,.T.);
#91=FACE_BOUND('',#2003,.T.);
#92=FACE_BOUND('',#2006,.T.);
#93=FACE_BOUND('',#2017,.T.);
#94=FACE_BOUND('',#2018,.T.);
#95=FACE_BOUND('',#2019,.T.);
#96=FACE_BOUND('',#2031,.T.);
#97=FACE_BOUND('',#2032,.T.);
#98=FACE_BOUND('',#2033,.T.);
#99=FACE_BOUND('',#2034,.T.);
#100=FACE_BOUND('',#2038,.T.);
#101=PLANE('',#5124);
#102=PLANE('',#5127);
#103=PLANE('',#5130);
#104=PLANE('',#5147);
#105=PLANE('',#5150);
#106=PLANE('',#5156);
#107=PLANE('',#5162);
#108=PLANE('',#5163);
#109=PLANE('',#5164);
#110=PLANE('',#5165);
#111=PLANE('',#5168);
#112=PLANE('',#5171);
#113=PLANE('',#5174);
#114=PLANE('',#5177);
#115=PLANE('',#5178);
#116=PLANE('',#5179);
#117=PLANE('',#5180);
#118=PLANE('',#5181);
#119=PLANE('',#5182);
#120=PLANE('',#5183);
#121=PLANE('',#5184);
#122=PLANE('',#5185);
#123=PLANE('',#5186);
#124=PLANE('',#5187);
#125=PLANE('',#5199);
#126=PLANE('',#5203);
#127=PLANE('',#5207);
#128=PLANE('',#5211);
#129=PLANE('',#5215);
#130=PLANE('',#5219);
#131=PLANE('',#5223);
#132=PLANE('',#5227);
#133=PLANE('',#5228);
#134=PLANE('',#5231);
#135=PLANE('',#5234);
#136=PLANE('',#5237);
#137=PLANE('',#5240);
#138=PLANE('',#5253);
#139=PLANE('',#5256);
#140=PLANE('',#5259);
#141=PLANE('',#5262);
#142=PLANE('',#5273);
#143=PLANE('',#5282);
#144=PLANE('',#5283);
#145=PLANE('',#5289);
#146=PLANE('',#5290);
#147=PLANE('',#5291);
#148=PLANE('',#5294);
#149=PLANE('',#5295);
#150=PLANE('',#5304);
#151=PLANE('',#5305);
#152=PLANE('',#5306);
#153=PLANE('',#5307);
#154=PLANE('',#5316);
#155=PLANE('',#5319);
#156=PLANE('',#5338);
#157=PLANE('',#5339);
#158=PLANE('',#5340);
#159=PLANE('',#5341);
#160=PLANE('',#5342);
#161=PLANE('',#5343);
#162=PLANE('',#5344);
#163=PLANE('',#5345);
#164=PLANE('',#5346);
#165=PLANE('',#5347);
#166=PLANE('',#5348);
#167=PLANE('',#5349);
#168=PLANE('',#5350);
#169=PLANE('',#5351);
#170=PLANE('',#5352);
#171=PLANE('',#5353);
#172=PLANE('',#5354);
#173=PLANE('',#5355);
#174=PLANE('',#5356);
#175=PLANE('',#5357);
#176=PLANE('',#5358);
#177=PLANE('',#5359);
#178=PLANE('',#5360);
#179=PLANE('',#5361);
#180=PLANE('',#5362);
#181=PLANE('',#5363);
#182=PLANE('',#5364);
#183=PLANE('',#5365);
#184=PLANE('',#5366);
#185=PLANE('',#5367);
#186=PLANE('',#5368);
#187=PLANE('',#5369);
#188=PLANE('',#5370);
#189=PLANE('',#5371);
#190=PLANE('',#5372);
#191=PLANE('',#5373);
#192=PLANE('',#5374);
#193=PLANE('',#5375);
#194=PLANE('',#5376);
#195=PLANE('',#5377);
#196=PLANE('',#5378);
#197=PLANE('',#5379);
#198=PLANE('',#5380);
#199=PLANE('',#5381);
#200=PLANE('',#5382);
#201=PLANE('',#5383);
#202=PLANE('',#5384);
#203=PLANE('',#5385);
#204=PLANE('',#5386);
#205=PLANE('',#5387);
#206=PLANE('',#5388);
#207=PLANE('',#5389);
#208=PLANE('',#5390);
#209=PLANE('',#5391);
#210=PLANE('',#5392);
#211=PLANE('',#5393);
#212=PLANE('',#5394);
#213=PLANE('',#5395);
#214=PLANE('',#5396);
#215=PLANE('',#5397);
#216=PLANE('',#5398);
#217=PLANE('',#5399);
#218=PLANE('',#5400);
#219=PLANE('',#5401);
#220=PLANE('',#5402);
#221=PLANE('',#5403);
#222=PLANE('',#5404);
#223=PLANE('',#5405);
#224=PLANE('',#5406);
#225=PLANE('',#5407);
#226=PLANE('',#5408);
#227=PLANE('',#5409);
#228=PLANE('',#5410);
#229=PLANE('',#5411);
#230=PLANE('',#5412);
#231=PLANE('',#5413);
#232=PLANE('',#5422);
#233=PLANE('',#5439);
#234=PLANE('',#5440);
#235=PLANE('',#5448);
#236=PLANE('',#5449);
#237=PLANE('',#5450);
#238=PLANE('',#5451);
#239=PLANE('',#5457);
#240=PLANE('',#5461);
#241=PLANE('',#5464);
#242=PLANE('',#5467);
#243=PLANE('',#5470);
#244=PLANE('',#5473);
#245=PLANE('',#5476);
#246=PLANE('',#5479);
#247=PLANE('',#5482);
#248=PLANE('',#5485);
#249=PLANE('',#5488);
#250=PLANE('',#5491);
#251=PLANE('',#5494);
#252=PLANE('',#5497);
#253=PLANE('',#5500);
#254=PLANE('',#5503);
#255=PLANE('',#5506);
#256=PLANE('',#5509);
#257=PLANE('',#5510);
#258=PLANE('',#5511);
#259=PLANE('',#5513);
#260=PLANE('',#5514);
#261=PLANE('',#5515);
#262=PLANE('',#5516);
#263=PLANE('',#5517);
#264=PLANE('',#5520);
#265=PLANE('',#5521);
#266=PLANE('',#5522);
#267=PLANE('',#5523);
#268=PLANE('',#5525);
#269=PLANE('',#5527);
#270=PLANE('',#5529);
#271=PLANE('',#5532);
#272=PLANE('',#5535);
#273=PLANE('',#5540);
#274=PLANE('',#5545);
#275=LINE('',#6984,#805);
#276=LINE('',#6985,#806);
#277=LINE('',#6996,#807);
#278=LINE('',#6997,#808);
#279=LINE('',#7008,#809);
#280=LINE('',#7009,#810);
#281=LINE('',#7017,#811);
#282=LINE('',#7018,#812);
#283=LINE('',#7021,#813);
#284=LINE('',#7023,#814);
#285=LINE('',#7024,#815);
#286=LINE('',#7027,#816);
#287=LINE('',#7031,#817);
#288=LINE('',#7032,#818);
#289=LINE('',#7035,#819);
#290=LINE('',#7042,#820);
#291=LINE('',#7046,#821);
#292=LINE('',#7050,#822);
#293=LINE('',#7053,#823);
#294=LINE('',#7060,#824);
#295=LINE('',#7064,#825);
#296=LINE('',#7068,#826);
#297=LINE('',#7072,#827);
#298=LINE('',#7084,#828);
#299=LINE('',#7087,#829);
#300=LINE('',#7089,#830);
#301=LINE('',#7093,#831);
#302=LINE('',#7095,#832);
#303=LINE('',#7100,#833);
#304=LINE('',#7104,#834);
#305=LINE('',#7111,#835);
#306=LINE('',#7115,#836);
#307=LINE('',#7122,#837);
#308=LINE('',#7124,#838);
#309=LINE('',#7125,#839);
#310=LINE('',#7128,#840);
#311=LINE('',#7132,#841);
#312=LINE('',#7133,#842);
#313=LINE('',#7136,#843);
#314=LINE('',#7140,#844);
#315=LINE('',#7141,#845);
#316=LINE('',#7144,#846);
#317=LINE('',#7148,#847);
#318=LINE('',#7149,#848);
#319=LINE('',#7156,#849);
#320=LINE('',#7158,#850);
#321=LINE('',#7160,#851);
#322=LINE('',#7161,#852);
#323=LINE('',#7164,#853);
#324=LINE('',#7166,#854);
#325=LINE('',#7167,#855);
#326=LINE('',#7170,#856);
#327=LINE('',#7172,#857);
#328=LINE('',#7173,#858);
#329=LINE('',#7175,#859);
#330=LINE('',#7176,#860);
#331=LINE('',#7181,#861);
#332=LINE('',#7183,#862);
#333=LINE('',#7185,#863);
#334=LINE('',#7186,#864);
#335=LINE('',#7189,#865);
#336=LINE('',#7191,#866);
#337=LINE('',#7192,#867);
#338=LINE('',#7195,#868);
#339=LINE('',#7197,#869);
#340=LINE('',#7198,#870);
#341=LINE('',#7200,#871);
#342=LINE('',#7201,#872);
#343=LINE('',#7206,#873);
#344=LINE('',#7210,#874);
#345=LINE('',#7214,#875);
#346=LINE('',#7218,#876);
#347=LINE('',#7223,#877);
#348=LINE('',#7230,#878);
#349=LINE('',#7237,#879);
#350=LINE('',#7244,#880);
#351=LINE('',#7251,#881);
#352=LINE('',#7258,#882);
#353=LINE('',#7265,#883);
#354=LINE('',#7272,#884);
#355=LINE('',#7278,#885);
#356=LINE('',#7279,#886);
#357=LINE('',#7280,#887);
#358=LINE('',#7284,#888);
#359=LINE('',#7287,#889);
#360=LINE('',#7288,#890);
#361=LINE('',#7292,#891);
#362=LINE('',#7295,#892);
#363=LINE('',#7296,#893);
#364=LINE('',#7300,#894);
#365=LINE('',#7303,#895);
#366=LINE('',#7304,#896);
#367=LINE('',#7312,#897);
#368=LINE('',#7318,#898);
#369=LINE('',#7324,#899);
#370=LINE('',#7330,#900);
#371=LINE('',#7335,#901);
#372=LINE('',#7337,#902);
#373=LINE('',#7341,#903);
#374=LINE('',#7343,#904);
#375=LINE('',#7345,#905);
#376=LINE('',#7348,#906);
#377=LINE('',#7352,#907);
#378=LINE('',#7354,#908);
#379=LINE('',#7358,#909);
#380=LINE('',#7360,#910);
#381=LINE('',#7362,#911);
#382=LINE('',#7365,#912);
#383=LINE('',#7369,#913);
#384=LINE('',#7371,#914);
#385=LINE('',#7375,#915);
#386=LINE('',#7377,#916);
#387=LINE('',#7379,#917);
#388=LINE('',#7382,#918);
#389=LINE('',#7386,#919);
#390=LINE('',#7388,#920);
#391=LINE('',#7392,#921);
#392=LINE('',#7394,#922);
#393=LINE('',#7396,#923);
#394=LINE('',#7399,#924);
#395=LINE('',#7402,#925);
#396=LINE('',#7405,#926);
#397=LINE('',#7408,#927);
#398=LINE('',#7411,#928);
#399=LINE('',#7414,#929);
#400=LINE('',#7417,#930);
#401=LINE('',#7420,#931);
#402=LINE('',#7423,#932);
#403=LINE('',#7427,#933);
#404=LINE('',#7429,#934);
#405=LINE('',#7431,#935);
#406=LINE('',#7432,#936);
#407=LINE('',#7435,#937);
#408=LINE('',#7437,#938);
#409=LINE('',#7439,#939);
#410=LINE('',#7440,#940);
#411=LINE('',#7443,#941);
#412=LINE('',#7445,#942);
#413=LINE('',#7447,#943);
#414=LINE('',#7448,#944);
#415=LINE('',#7451,#945);
#416=LINE('',#7453,#946);
#417=LINE('',#7455,#947);
#418=LINE('',#7456,#948);
#419=LINE('',#7461,#949);
#420=LINE('',#7468,#950);
#421=LINE('',#7471,#951);
#422=LINE('',#7474,#952);
#423=LINE('',#7477,#953);
#424=LINE('',#7478,#954);
#425=LINE('',#7481,#955);
#426=LINE('',#7483,#956);
#427=LINE('',#7484,#957);
#428=LINE('',#7487,#958);
#429=LINE('',#7489,#959);
#430=LINE('',#7491,#960);
#431=LINE('',#7492,#961);
#432=LINE('',#7495,#962);
#433=LINE('',#7497,#963);
#434=LINE('',#7499,#964);
#435=LINE('',#7500,#965);
#436=LINE('',#7503,#966);
#437=LINE('',#7505,#967);
#438=LINE('',#7507,#968);
#439=LINE('',#7508,#969);
#440=LINE('',#7511,#970);
#441=LINE('',#7513,#971);
#442=LINE('',#7515,#972);
#443=LINE('',#7516,#973);
#444=LINE('',#7519,#974);
#445=LINE('',#7522,#975);
#446=LINE('',#7527,#976);
#447=LINE('',#7531,#977);
#448=LINE('',#7532,#978);
#449=LINE('',#7535,#979);
#450=LINE('',#7537,#980);
#451=LINE('',#7538,#981);
#452=LINE('',#7541,#982);
#453=LINE('',#7543,#983);
#454=LINE('',#7545,#984);
#455=LINE('',#7547,#985);
#456=LINE('',#7548,#986);
#457=LINE('',#7550,#987);
#458=LINE('',#7551,#988);
#459=LINE('',#7554,#989);
#460=LINE('',#7557,#990);
#461=LINE('',#7559,#991);
#462=LINE('',#7561,#992);
#463=LINE('',#7563,#993);
#464=LINE('',#7565,#994);
#465=LINE('',#7567,#995);
#466=LINE('',#7569,#996);
#467=LINE('',#7570,#997);
#468=LINE('',#7573,#998);
#469=LINE('',#7575,#999);
#470=LINE('',#7576,#1000);
#471=LINE('',#7579,#1001);
#472=LINE('',#7581,#1002);
#473=LINE('',#7583,#1003);
#474=LINE('',#7584,#1004);
#475=LINE('',#7587,#1005);
#476=LINE('',#7589,#1006);
#477=LINE('',#7591,#1007);
#478=LINE('',#7592,#1008);
#479=LINE('',#7595,#1009);
#480=LINE('',#7597,#1010);
#481=LINE('',#7599,#1011);
#482=LINE('',#7600,#1012);
#483=LINE('',#7620,#1013);
#484=LINE('',#7622,#1014);
#485=LINE('',#7624,#1015);
#486=LINE('',#7625,#1016);
#487=LINE('',#7628,#1017);
#488=LINE('',#7630,#1018);
#489=LINE('',#7631,#1019);
#490=LINE('',#7634,#1020);
#491=LINE('',#7636,#1021);
#492=LINE('',#7637,#1022);
#493=LINE('',#7640,#1023);
#494=LINE('',#7642,#1024);
#495=LINE('',#7644,#1025);
#496=LINE('',#7646,#1026);
#497=LINE('',#7648,#1027);
#498=LINE('',#7650,#1028);
#499=LINE('',#7652,#1029);
#500=LINE('',#7654,#1030);
#501=LINE('',#7656,#1031);
#502=LINE('',#7658,#1032);
#503=LINE('',#7660,#1033);
#504=LINE('',#7662,#1034);
#505=LINE('',#7663,#1035);
#506=LINE('',#7666,#1036);
#507=LINE('',#7668,#1037);
#508=LINE('',#7670,#1038);
#509=LINE('',#7671,#1039);
#510=LINE('',#7674,#1040);
#511=LINE('',#7676,#1041);
#512=LINE('',#7678,#1042);
#513=LINE('',#7679,#1043);
#514=LINE('',#7682,#1044);
#515=LINE('',#7684,#1045);
#516=LINE('',#7686,#1046);
#517=LINE('',#7687,#1047);
#518=LINE('',#7706,#1048);
#519=LINE('',#7710,#1049);
#520=LINE('',#7712,#1050);
#521=LINE('',#7714,#1051);
#522=LINE('',#7718,#1052);
#523=LINE('',#7720,#1053);
#524=LINE('',#7724,#1054);
#525=LINE('',#7728,#1055);
#526=LINE('',#7730,#1056);
#527=LINE('',#7732,#1057);
#528=LINE('',#7734,#1058);
#529=LINE('',#7736,#1059);
#530=LINE('',#7738,#1060);
#531=LINE('',#7740,#1061);
#532=LINE('',#7742,#1062);
#533=LINE('',#7744,#1063);
#534=LINE('',#7748,#1064);
#535=LINE('',#7752,#1065);
#536=LINE('',#7753,#1066);
#537=LINE('',#7757,#1067);
#538=LINE('',#7760,#1068);
#539=LINE('',#7763,#1069);
#540=LINE('',#7767,#1070);
#541=LINE('',#7771,#1071);
#542=LINE('',#7775,#1072);
#543=LINE('',#7779,#1073);
#544=LINE('',#7783,#1074);
#545=LINE('',#7787,#1075);
#546=LINE('',#7791,#1076);
#547=LINE('',#7795,#1077);
#548=LINE('',#7799,#1078);
#549=LINE('',#7803,#1079);
#550=LINE('',#7807,#1080);
#551=LINE('',#7811,#1081);
#552=LINE('',#7812,#1082);
#553=LINE('',#7814,#1083);
#554=LINE('',#7815,#1084);
#555=LINE('',#7817,#1085);
#556=LINE('',#7818,#1086);
#557=LINE('',#7819,#1087);
#558=LINE('',#7822,#1088);
#559=LINE('',#7823,#1089);
#560=LINE('',#7825,#1090);
#561=LINE('',#7829,#1091);
#562=LINE('',#7830,#1092);
#563=LINE('',#7832,#1093);
#564=LINE('',#7834,#1094);
#565=LINE('',#7835,#1095);
#566=LINE('',#7837,#1096);
#567=LINE('',#7838,#1097);
#568=LINE('',#7839,#1098);
#569=LINE('',#7842,#1099);
#570=LINE('',#7843,#1100);
#571=LINE('',#7845,#1101);
#572=LINE('',#7850,#1102);
#573=LINE('',#7852,#1103);
#574=LINE('',#7853,#1104);
#575=LINE('',#7856,#1105);
#576=LINE('',#7858,#1106);
#577=LINE('',#7859,#1107);
#578=LINE('',#7860,#1108);
#579=LINE('',#7862,#1109);
#580=LINE('',#7865,#1110);
#581=LINE('',#7867,#1111);
#582=LINE('',#7868,#1112);
#583=LINE('',#7871,#1113);
#584=LINE('',#7873,#1114);
#585=LINE('',#7874,#1115);
#586=LINE('',#7876,#1116);
#587=LINE('',#7877,#1117);
#588=LINE('',#7879,#1118);
#589=LINE('',#7881,#1119);
#590=LINE('',#7883,#1120);
#591=LINE('',#7884,#1121);
#592=LINE('',#7887,#1122);
#593=LINE('',#7889,#1123);
#594=LINE('',#7892,#1124);
#595=LINE('',#7893,#1125);
#596=LINE('',#7894,#1126);
#597=LINE('',#7898,#1127);
#598=LINE('',#7899,#1128);
#599=LINE('',#7901,#1129);
#600=LINE('',#7904,#1130);
#601=LINE('',#7905,#1131);
#602=LINE('',#7907,#1132);
#603=LINE('',#7910,#1133);
#604=LINE('',#7911,#1134);
#605=LINE('',#7913,#1135);
#606=LINE('',#7916,#1136);
#607=LINE('',#7917,#1137);
#608=LINE('',#7919,#1138);
#609=LINE('',#7921,#1139);
#610=LINE('',#7925,#1140);
#611=LINE('',#7926,#1141);
#612=LINE('',#7928,#1142);
#613=LINE('',#7929,#1143);
#614=LINE('',#7932,#1144);
#615=LINE('',#7933,#1145);
#616=LINE('',#7936,#1146);
#617=LINE('',#7937,#1147);
#618=LINE('',#7938,#1148);
#619=LINE('',#7940,#1149);
#620=LINE('',#7942,#1150);
#621=LINE('',#7944,#1151);
#622=LINE('',#7945,#1152);
#623=LINE('',#7948,#1153);
#624=LINE('',#7949,#1154);
#625=LINE('',#7951,#1155);
#626=LINE('',#7952,#1156);
#627=LINE('',#7956,#1157);
#628=LINE('',#7957,#1158);
#629=LINE('',#7958,#1159);
#630=LINE('',#7961,#1160);
#631=LINE('',#7962,#1161);
#632=LINE('',#7965,#1162);
#633=LINE('',#7966,#1163);
#634=LINE('',#7968,#1164);
#635=LINE('',#7972,#1165);
#636=LINE('',#7973,#1166);
#637=LINE('',#7974,#1167);
#638=LINE('',#7977,#1168);
#639=LINE('',#7978,#1169);
#640=LINE('',#7981,#1170);
#641=LINE('',#7982,#1171);
#642=LINE('',#7984,#1172);
#643=LINE('',#7988,#1173);
#644=LINE('',#7989,#1174);
#645=LINE('',#7990,#1175);
#646=LINE('',#7993,#1176);
#647=LINE('',#7994,#1177);
#648=LINE('',#7997,#1178);
#649=LINE('',#7998,#1179);
#650=LINE('',#8000,#1180);
#651=LINE('',#8004,#1181);
#652=LINE('',#8005,#1182);
#653=LINE('',#8006,#1183);
#654=LINE('',#8009,#1184);
#655=LINE('',#8010,#1185);
#656=LINE('',#8013,#1186);
#657=LINE('',#8014,#1187);
#658=LINE('',#8016,#1188);
#659=LINE('',#8018,#1189);
#660=LINE('',#8019,#1190);
#661=LINE('',#8021,#1191);
#662=LINE('',#8023,#1192);
#663=LINE('',#8026,#1193);
#664=LINE('',#8027,#1194);
#665=LINE('',#8029,#1195);
#666=LINE('',#8031,#1196);
#667=LINE('',#8034,#1197);
#668=LINE('',#8035,#1198);
#669=LINE('',#8037,#1199);
#670=LINE('',#8039,#1200);
#671=LINE('',#8044,#1201);
#672=LINE('',#8045,#1202);
#673=LINE('',#8046,#1203);
#674=LINE('',#8049,#1204);
#675=LINE('',#8050,#1205);
#676=LINE('',#8053,#1206);
#677=LINE('',#8054,#1207);
#678=LINE('',#8056,#1208);
#679=LINE('',#8060,#1209);
#680=LINE('',#8061,#1210);
#681=LINE('',#8062,#1211);
#682=LINE('',#8065,#1212);
#683=LINE('',#8066,#1213);
#684=LINE('',#8069,#1214);
#685=LINE('',#8070,#1215);
#686=LINE('',#8072,#1216);
#687=LINE('',#8076,#1217);
#688=LINE('',#8077,#1218);
#689=LINE('',#8078,#1219);
#690=LINE('',#8081,#1220);
#691=LINE('',#8082,#1221);
#692=LINE('',#8085,#1222);
#693=LINE('',#8086,#1223);
#694=LINE('',#8088,#1224);
#695=LINE('',#8090,#1225);
#696=LINE('',#8092,#1226);
#697=LINE('',#8094,#1227);
#698=LINE('',#8096,#1228);
#699=LINE('',#8098,#1229);
#700=LINE('',#8100,#1230);
#701=LINE('',#8102,#1231);
#702=LINE('',#8104,#1232);
#703=LINE('',#8108,#1233);
#704=LINE('',#8110,#1234);
#705=LINE('',#8114,#1235);
#706=LINE('',#8118,#1236);
#707=LINE('',#8122,#1237);
#708=LINE('',#8126,#1238);
#709=LINE('',#8128,#1239);
#710=LINE('',#8132,#1240);
#711=LINE('',#8136,#1241);
#712=LINE('',#8144,#1242);
#713=LINE('',#8153,#1243);
#714=LINE('',#8160,#1244);
#715=LINE('',#8161,#1245);
#716=LINE('',#8164,#1246);
#717=LINE('',#8166,#1247);
#718=LINE('',#8167,#1248);
#719=LINE('',#8170,#1249);
#720=LINE('',#8176,#1250);
#721=LINE('',#8181,#1251);
#722=LINE('',#8183,#1252);
#723=LINE('',#8185,#1253);
#724=LINE('',#8186,#1254);
#725=LINE('',#8189,#1255);
#726=LINE('',#8191,#1256);
#727=LINE('',#8192,#1257);
#728=LINE('',#8194,#1258);
#729=LINE('',#8197,#1259);
#730=LINE('',#8201,#1260);
#731=LINE('',#8204,#1261);
#732=LINE('',#8209,#1262);
#733=LINE('',#8213,#1263);
#734=LINE('',#8215,#1264);
#735=LINE('',#8216,#1265);
#736=LINE('',#8220,#1266);
#737=LINE('',#8223,#1267);
#738=LINE('',#8224,#1268);
#739=LINE('',#8228,#1269);
#740=LINE('',#8231,#1270);
#741=LINE('',#8232,#1271);
#742=LINE('',#8236,#1272);
#743=LINE('',#8239,#1273);
#744=LINE('',#8240,#1274);
#745=LINE('',#8245,#1275);
#746=LINE('',#8247,#1276);
#747=LINE('',#8248,#1277);
#748=LINE('',#8252,#1278);
#749=LINE('',#8255,#1279);
#750=LINE('',#8256,#1280);
#751=LINE('',#8260,#1281);
#752=LINE('',#8263,#1282);
#753=LINE('',#8264,#1283);
#754=LINE('',#8268,#1284);
#755=LINE('',#8271,#1285);
#756=LINE('',#8272,#1286);
#757=LINE('',#8277,#1287);
#758=LINE('',#8279,#1288);
#759=LINE('',#8280,#1289);
#760=LINE('',#8284,#1290);
#761=LINE('',#8287,#1291);
#762=LINE('',#8288,#1292);
#763=LINE('',#8292,#1293);
#764=LINE('',#8295,#1294);
#765=LINE('',#8296,#1295);
#766=LINE('',#8300,#1296);
#767=LINE('',#8303,#1297);
#768=LINE('',#8304,#1298);
#769=LINE('',#8309,#1299);
#770=LINE('',#8311,#1300);
#771=LINE('',#8312,#1301);
#772=LINE('',#8316,#1302);
#773=LINE('',#8319,#1303);
#774=LINE('',#8320,#1304);
#775=LINE('',#8324,#1305);
#776=LINE('',#8327,#1306);
#777=LINE('',#8328,#1307);
#778=LINE('',#8332,#1308);
#779=LINE('',#8335,#1309);
#780=LINE('',#8336,#1310);
#781=LINE('',#8341,#1311);
#782=LINE('',#8343,#1312);
#783=LINE('',#8344,#1313);
#784=LINE('',#8347,#1314);
#785=LINE('',#8349,#1315);
#786=LINE('',#8350,#1316);
#787=LINE('',#8352,#1317);
#788=LINE('',#8354,#1318);
#789=LINE('',#8356,#1319);
#790=LINE('',#8357,#1320);
#791=LINE('',#8361,#1321);
#792=LINE('',#8367,#1322);
#793=LINE('',#8374,#1323);
#794=LINE('',#8376,#1324);
#795=LINE('',#8378,#1325);
#796=LINE('',#8383,#1326);
#797=LINE('',#8385,#1327);
#798=LINE('',#8386,#1328);
#799=LINE('',#8389,#1329);
#800=LINE('',#8393,#1330);
#801=LINE('',#8394,#1331);
#802=LINE('',#8397,#1332);
#803=LINE('',#8401,#1333);
#804=LINE('',#8402,#1334);
#805=VECTOR('',#5562,1.);
#806=VECTOR('',#5563,1.);
#807=VECTOR('',#5576,1.);
#808=VECTOR('',#5577,1.);
#809=VECTOR('',#5590,1.);
#810=VECTOR('',#5591,1.);
#811=VECTOR('',#5602,1.);
#812=VECTOR('',#5603,1.);
#813=VECTOR('',#5606,1.);
#814=VECTOR('',#5607,1.);
#815=VECTOR('',#5608,1.);
#816=VECTOR('',#5611,1.);
#817=VECTOR('',#5616,1.);
#818=VECTOR('',#5617,1.);
#819=VECTOR('',#5620,1.);
#820=VECTOR('',#5627,1.);
#821=VECTOR('',#5630,1.);
#822=VECTOR('',#5633,1.);
#823=VECTOR('',#5636,1.);
#824=VECTOR('',#5641,1.);
#825=VECTOR('',#5644,1.);
#826=VECTOR('',#5647,1.);
#827=VECTOR('',#5650,1.);
#828=VECTOR('',#5663,1.);
#829=VECTOR('',#5666,1.);
#830=VECTOR('',#5669,1.);
#831=VECTOR('',#5674,1.);
#832=VECTOR('',#5677,1.);
#833=VECTOR('',#5682,0.4);
#834=VECTOR('',#5687,0.5);
#835=VECTOR('',#5696,0.4);
#836=VECTOR('',#5701,0.5);
#837=VECTOR('',#5712,1.);
#838=VECTOR('',#5713,1.);
#839=VECTOR('',#5714,1.);
#840=VECTOR('',#5717,1.);
#841=VECTOR('',#5722,1.);
#842=VECTOR('',#5723,1.);
#843=VECTOR('',#5726,1.);
#844=VECTOR('',#5731,1.);
#845=VECTOR('',#5732,1.);
#846=VECTOR('',#5735,1.);
#847=VECTOR('',#5740,1.);
#848=VECTOR('',#5741,1.);
#849=VECTOR('',#5750,1.);
#850=VECTOR('',#5751,1.);
#851=VECTOR('',#5752,1.);
#852=VECTOR('',#5753,1.);
#853=VECTOR('',#5756,1.);
#854=VECTOR('',#5757,1.);
#855=VECTOR('',#5758,1.);
#856=VECTOR('',#5761,1.);
#857=VECTOR('',#5762,1.);
#858=VECTOR('',#5763,1.);
#859=VECTOR('',#5766,1.);
#860=VECTOR('',#5767,1.);
#861=VECTOR('',#5772,1.);
#862=VECTOR('',#5773,1.);
#863=VECTOR('',#5774,1.);
#864=VECTOR('',#5775,1.);
#865=VECTOR('',#5778,1.);
#866=VECTOR('',#5779,1.);
#867=VECTOR('',#5780,1.);
#868=VECTOR('',#5783,1.);
#869=VECTOR('',#5784,1.);
#870=VECTOR('',#5785,1.);
#871=VECTOR('',#5788,1.);
#872=VECTOR('',#5789,1.);
#873=VECTOR('',#5796,0.16);
#874=VECTOR('',#5801,0.16);
#875=VECTOR('',#5806,0.16);
#876=VECTOR('',#5811,0.16);
#877=VECTOR('',#5816,0.125);
#878=VECTOR('',#5825,0.125);
#879=VECTOR('',#5834,0.125);
#880=VECTOR('',#5843,0.125);
#881=VECTOR('',#5852,0.35);
#882=VECTOR('',#5861,0.35);
#883=VECTOR('',#5870,0.35);
#884=VECTOR('',#5879,0.35);
#885=VECTOR('',#5886,1.);
#886=VECTOR('',#5887,1.);
#887=VECTOR('',#5888,1.);
#888=VECTOR('',#5893,1.);
#889=VECTOR('',#5896,1.);
#890=VECTOR('',#5897,1.);
#891=VECTOR('',#5902,1.);
#892=VECTOR('',#5905,1.);
#893=VECTOR('',#5906,1.);
#894=VECTOR('',#5911,1.);
#895=VECTOR('',#5914,1.);
#896=VECTOR('',#5915,1.);
#897=VECTOR('',#5926,0.199999999999999);
#898=VECTOR('',#5933,0.199999999999999);
#899=VECTOR('',#5940,0.199999999999999);
#900=VECTOR('',#5947,0.199999999999999);
#901=VECTOR('',#5952,1.);
#902=VECTOR('',#5953,1.);
#903=VECTOR('',#5956,1.);
#904=VECTOR('',#5957,1.);
#905=VECTOR('',#5958,1.);
#906=VECTOR('',#5961,1.);
#907=VECTOR('',#5964,1.);
#908=VECTOR('',#5965,1.);
#909=VECTOR('',#5968,1.);
#910=VECTOR('',#5969,1.);
#911=VECTOR('',#5970,1.);
#912=VECTOR('',#5973,1.);
#913=VECTOR('',#5976,1.);
#914=VECTOR('',#5977,1.);
#915=VECTOR('',#5980,1.);
#916=VECTOR('',#5981,1.);
#917=VECTOR('',#5982,1.);
#918=VECTOR('',#5985,1.);
#919=VECTOR('',#5988,1.);
#920=VECTOR('',#5989,1.);
#921=VECTOR('',#5992,1.);
#922=VECTOR('',#5993,1.);
#923=VECTOR('',#5994,1.);
#924=VECTOR('',#5997,1.);
#925=VECTOR('',#6000,1.);
#926=VECTOR('',#6003,1.);
#927=VECTOR('',#6006,1.);
#928=VECTOR('',#6009,1.);
#929=VECTOR('',#6012,1.);
#930=VECTOR('',#6015,1.);
#931=VECTOR('',#6018,1.);
#932=VECTOR('',#6021,1.);
#933=VECTOR('',#6024,1.);
#934=VECTOR('',#6025,1.);
#935=VECTOR('',#6026,1.);
#936=VECTOR('',#6027,1.);
#937=VECTOR('',#6028,1.);
#938=VECTOR('',#6029,1.);
#939=VECTOR('',#6030,1.);
#940=VECTOR('',#6031,1.);
#941=VECTOR('',#6032,1.);
#942=VECTOR('',#6033,1.);
#943=VECTOR('',#6034,1.);
#944=VECTOR('',#6035,1.);
#945=VECTOR('',#6036,1.);
#946=VECTOR('',#6037,1.);
#947=VECTOR('',#6038,1.);
#948=VECTOR('',#6039,1.);
#949=VECTOR('',#6044,1.);
#950=VECTOR('',#6053,1.);
#951=VECTOR('',#6056,1.);
#952=VECTOR('',#6059,1.);
#953=VECTOR('',#6062,1.);
#954=VECTOR('',#6063,1.);
#955=VECTOR('',#6066,1.);
#956=VECTOR('',#6067,1.);
#957=VECTOR('',#6068,1.);
#958=VECTOR('',#6069,1.);
#959=VECTOR('',#6070,1.);
#960=VECTOR('',#6071,1.);
#961=VECTOR('',#6072,1.);
#962=VECTOR('',#6073,1.);
#963=VECTOR('',#6074,1.);
#964=VECTOR('',#6075,1.);
#965=VECTOR('',#6076,1.);
#966=VECTOR('',#6077,1.);
#967=VECTOR('',#6078,1.);
#968=VECTOR('',#6079,1.);
#969=VECTOR('',#6080,1.);
#970=VECTOR('',#6081,1.);
#971=VECTOR('',#6082,1.);
#972=VECTOR('',#6083,1.);
#973=VECTOR('',#6084,1.);
#974=VECTOR('',#6087,1.);
#975=VECTOR('',#6090,1.);
#976=VECTOR('',#6095,1.);
#977=VECTOR('',#6100,1.);
#978=VECTOR('',#6101,1.);
#979=VECTOR('',#6104,1.);
#980=VECTOR('',#6105,1.);
#981=VECTOR('',#6106,1.);
#982=VECTOR('',#6109,1.);
#983=VECTOR('',#6110,1.);
#984=VECTOR('',#6111,1.);
#985=VECTOR('',#6112,1.);
#986=VECTOR('',#6113,1.);
#987=VECTOR('',#6114,1.);
#988=VECTOR('',#6115,1.);
#989=VECTOR('',#6118,1.);
#990=VECTOR('',#6123,1.);
#991=VECTOR('',#6124,1.);
#992=VECTOR('',#6125,1.);
#993=VECTOR('',#6126,1.);
#994=VECTOR('',#6127,1.);
#995=VECTOR('',#6128,1.);
#996=VECTOR('',#6129,1.);
#997=VECTOR('',#6130,1.);
#998=VECTOR('',#6133,1.);
#999=VECTOR('',#6134,1.);
#1000=VECTOR('',#6135,1.);
#1001=VECTOR('',#6136,1.);
#1002=VECTOR('',#6137,1.);
#1003=VECTOR('',#6138,1.);
#1004=VECTOR('',#6139,1.);
#1005=VECTOR('',#6140,1.);
#1006=VECTOR('',#6141,1.);
#1007=VECTOR('',#6142,1.);
#1008=VECTOR('',#6143,1.);
#1009=VECTOR('',#6144,1.);
#1010=VECTOR('',#6145,1.);
#1011=VECTOR('',#6146,1.);
#1012=VECTOR('',#6147,1.);
#1013=VECTOR('',#6166,1.);
#1014=VECTOR('',#6167,1.);
#1015=VECTOR('',#6168,1.);
#1016=VECTOR('',#6169,1.);
#1017=VECTOR('',#6172,1.);
#1018=VECTOR('',#6173,1.);
#1019=VECTOR('',#6174,1.);
#1020=VECTOR('',#6177,1.);
#1021=VECTOR('',#6178,1.);
#1022=VECTOR('',#6179,1.);
#1023=VECTOR('',#6182,1.);
#1024=VECTOR('',#6183,1.);
#1025=VECTOR('',#6184,1.);
#1026=VECTOR('',#6185,1.);
#1027=VECTOR('',#6186,1.);
#1028=VECTOR('',#6187,1.);
#1029=VECTOR('',#6188,1.);
#1030=VECTOR('',#6189,1.);
#1031=VECTOR('',#6190,1.);
#1032=VECTOR('',#6191,1.);
#1033=VECTOR('',#6192,1.);
#1034=VECTOR('',#6193,1.);
#1035=VECTOR('',#6194,1.);
#1036=VECTOR('',#6195,1.);
#1037=VECTOR('',#6196,1.);
#1038=VECTOR('',#6197,1.);
#1039=VECTOR('',#6198,1.);
#1040=VECTOR('',#6199,1.);
#1041=VECTOR('',#6200,1.);
#1042=VECTOR('',#6201,1.);
#1043=VECTOR('',#6202,1.);
#1044=VECTOR('',#6203,1.);
#1045=VECTOR('',#6204,1.);
#1046=VECTOR('',#6205,1.);
#1047=VECTOR('',#6206,1.);
#1048=VECTOR('',#6225,1.);
#1049=VECTOR('',#6228,1.);
#1050=VECTOR('',#6229,1.);
#1051=VECTOR('',#6230,1.);
#1052=VECTOR('',#6235,1.);
#1053=VECTOR('',#6236,1.);
#1054=VECTOR('',#6239,1.);
#1055=VECTOR('',#6242,1.);
#1056=VECTOR('',#6243,1.);
#1057=VECTOR('',#6244,1.);
#1058=VECTOR('',#6245,1.);
#1059=VECTOR('',#6246,1.);
#1060=VECTOR('',#6247,1.);
#1061=VECTOR('',#6248,1.);
#1062=VECTOR('',#6249,1.);
#1063=VECTOR('',#6250,1.);
#1064=VECTOR('',#6253,1.);
#1065=VECTOR('',#6256,1.);
#1066=VECTOR('',#6257,1.);
#1067=VECTOR('',#6260,1.);
#1068=VECTOR('',#6263,1.);
#1069=VECTOR('',#6264,1.);
#1070=VECTOR('',#6267,1.);
#1071=VECTOR('',#6270,1.);
#1072=VECTOR('',#6273,1.);
#1073=VECTOR('',#6276,1.);
#1074=VECTOR('',#6279,1.);
#1075=VECTOR('',#6282,1.);
#1076=VECTOR('',#6285,1.);
#1077=VECTOR('',#6288,1.);
#1078=VECTOR('',#6291,1.);
#1079=VECTOR('',#6294,1.);
#1080=VECTOR('',#6297,1.);
#1081=VECTOR('',#6302,1.);
#1082=VECTOR('',#6303,1.);
#1083=VECTOR('',#6304,1.);
#1084=VECTOR('',#6305,1.);
#1085=VECTOR('',#6308,1.);
#1086=VECTOR('',#6309,1.);
#1087=VECTOR('',#6310,1.);
#1088=VECTOR('',#6313,1.);
#1089=VECTOR('',#6314,1.);
#1090=VECTOR('',#6317,1.);
#1091=VECTOR('',#6322,1.);
#1092=VECTOR('',#6323,1.);
#1093=VECTOR('',#6326,1.);
#1094=VECTOR('',#6327,1.);
#1095=VECTOR('',#6328,1.);
#1096=VECTOR('',#6331,1.);
#1097=VECTOR('',#6332,1.);
#1098=VECTOR('',#6333,1.);
#1099=VECTOR('',#6336,1.);
#1100=VECTOR('',#6337,1.);
#1101=VECTOR('',#6340,1.);
#1102=VECTOR('',#6345,1.);
#1103=VECTOR('',#6346,1.);
#1104=VECTOR('',#6347,1.);
#1105=VECTOR('',#6350,1.);
#1106=VECTOR('',#6351,1.);
#1107=VECTOR('',#6352,1.);
#1108=VECTOR('',#6353,1.);
#1109=VECTOR('',#6356,1.);
#1110=VECTOR('',#6359,1.);
#1111=VECTOR('',#6360,1.);
#1112=VECTOR('',#6361,1.);
#1113=VECTOR('',#6364,1.);
#1114=VECTOR('',#6365,1.);
#1115=VECTOR('',#6366,1.);
#1116=VECTOR('',#6367,1.);
#1117=VECTOR('',#6368,1.);
#1118=VECTOR('',#6371,1.);
#1119=VECTOR('',#6372,1.);
#1120=VECTOR('',#6373,1.);
#1121=VECTOR('',#6374,1.);
#1122=VECTOR('',#6379,1.);
#1123=VECTOR('',#6382,1.);
#1124=VECTOR('',#6385,1.);
#1125=VECTOR('',#6386,1.);
#1126=VECTOR('',#6387,1.);
#1127=VECTOR('',#6392,1.);
#1128=VECTOR('',#6393,1.);
#1129=VECTOR('',#6396,1.);
#1130=VECTOR('',#6399,1.);
#1131=VECTOR('',#6400,1.);
#1132=VECTOR('',#6403,1.);
#1133=VECTOR('',#6406,1.);
#1134=VECTOR('',#6407,1.);
#1135=VECTOR('',#6410,1.);
#1136=VECTOR('',#6413,1.);
#1137=VECTOR('',#6414,1.);
#1138=VECTOR('',#6417,1.);
#1139=VECTOR('',#6420,1.);
#1140=VECTOR('',#6423,1.);
#1141=VECTOR('',#6424,1.);
#1142=VECTOR('',#6425,1.);
#1143=VECTOR('',#6426,1.);
#1144=VECTOR('',#6429,1.);
#1145=VECTOR('',#6430,1.);
#1146=VECTOR('',#6433,1.);
#1147=VECTOR('',#6434,1.);
#1148=VECTOR('',#6435,1.);
#1149=VECTOR('',#6436,1.);
#1150=VECTOR('',#6437,1.);
#1151=VECTOR('',#6438,1.);
#1152=VECTOR('',#6439,1.);
#1153=VECTOR('',#6442,1.);
#1154=VECTOR('',#6443,1.);
#1155=VECTOR('',#6446,1.);
#1156=VECTOR('',#6447,1.);
#1157=VECTOR('',#6450,1.);
#1158=VECTOR('',#6451,1.);
#1159=VECTOR('',#6452,1.);
#1160=VECTOR('',#6455,1.);
#1161=VECTOR('',#6456,1.);
#1162=VECTOR('',#6459,1.);
#1163=VECTOR('',#6460,1.);
#1164=VECTOR('',#6463,1.);
#1165=VECTOR('',#6466,1.);
#1166=VECTOR('',#6467,1.);
#1167=VECTOR('',#6468,1.);
#1168=VECTOR('',#6471,1.);
#1169=VECTOR('',#6472,1.);
#1170=VECTOR('',#6475,1.);
#1171=VECTOR('',#6476,1.);
#1172=VECTOR('',#6479,1.);
#1173=VECTOR('',#6482,1.);
#1174=VECTOR('',#6483,1.);
#1175=VECTOR('',#6484,1.);
#1176=VECTOR('',#6487,1.);
#1177=VECTOR('',#6488,1.);
#1178=VECTOR('',#6491,1.);
#1179=VECTOR('',#6492,1.);
#1180=VECTOR('',#6495,1.);
#1181=VECTOR('',#6498,1.);
#1182=VECTOR('',#6499,1.);
#1183=VECTOR('',#6500,1.);
#1184=VECTOR('',#6503,1.);
#1185=VECTOR('',#6504,1.);
#1186=VECTOR('',#6507,1.);
#1187=VECTOR('',#6508,1.);
#1188=VECTOR('',#6511,1.);
#1189=VECTOR('',#6514,1.);
#1190=VECTOR('',#6515,1.);
#1191=VECTOR('',#6518,1.);
#1192=VECTOR('',#6521,1.);
#1193=VECTOR('',#6526,1.);
#1194=VECTOR('',#6527,1.);
#1195=VECTOR('',#6530,1.);
#1196=VECTOR('',#6533,1.);
#1197=VECTOR('',#6538,1.);
#1198=VECTOR('',#6539,1.);
#1199=VECTOR('',#6542,1.);
#1200=VECTOR('',#6545,1.);
#1201=VECTOR('',#6550,1.);
#1202=VECTOR('',#6551,1.);
#1203=VECTOR('',#6552,1.);
#1204=VECTOR('',#6555,1.);
#1205=VECTOR('',#6556,1.);
#1206=VECTOR('',#6559,1.);
#1207=VECTOR('',#6560,1.);
#1208=VECTOR('',#6563,1.);
#1209=VECTOR('',#6566,1.);
#1210=VECTOR('',#6567,1.);
#1211=VECTOR('',#6568,1.);
#1212=VECTOR('',#6571,1.);
#1213=VECTOR('',#6572,1.);
#1214=VECTOR('',#6575,1.);
#1215=VECTOR('',#6576,1.);
#1216=VECTOR('',#6579,1.);
#1217=VECTOR('',#6582,1.);
#1218=VECTOR('',#6583,1.);
#1219=VECTOR('',#6584,1.);
#1220=VECTOR('',#6587,1.);
#1221=VECTOR('',#6588,1.);
#1222=VECTOR('',#6591,1.);
#1223=VECTOR('',#6592,1.);
#1224=VECTOR('',#6595,1.);
#1225=VECTOR('',#6598,0.075);
#1226=VECTOR('',#6601,0.075);
#1227=VECTOR('',#6604,0.075);
#1228=VECTOR('',#6607,0.075);
#1229=VECTOR('',#6610,0.075);
#1230=VECTOR('',#6613,0.075);
#1231=VECTOR('',#6616,0.075);
#1232=VECTOR('',#6619,0.075);
#1233=VECTOR('',#6622,1.);
#1234=VECTOR('',#6623,1.);
#1235=VECTOR('',#6626,1.);
#1236=VECTOR('',#6629,1.);
#1237=VECTOR('',#6632,1.);
#1238=VECTOR('',#6635,1.);
#1239=VECTOR('',#6636,1.);
#1240=VECTOR('',#6639,1.);
#1241=VECTOR('',#6642,1.);
#1242=VECTOR('',#6651,1.);
#1243=VECTOR('',#6658,1.);
#1244=VECTOR('',#6667,1.);
#1245=VECTOR('',#6668,1.);
#1246=VECTOR('',#6671,1.);
#1247=VECTOR('',#6672,1.);
#1248=VECTOR('',#6673,1.);
#1249=VECTOR('',#6676,0.199999999999999);
#1250=VECTOR('',#6685,1.);
#1251=VECTOR('',#6694,1.);
#1252=VECTOR('',#6695,1.);
#1253=VECTOR('',#6696,1.);
#1254=VECTOR('',#6697,1.);
#1255=VECTOR('',#6700,1.);
#1256=VECTOR('',#6701,1.);
#1257=VECTOR('',#6702,1.);
#1258=VECTOR('',#6705,1.);
#1259=VECTOR('',#6708,0.199999999999999);
#1260=VECTOR('',#6713,1.);
#1261=VECTOR('',#6718,1.);
#1262=VECTOR('',#6725,0.199999999999999);
#1263=VECTOR('',#6730,1.);
#1264=VECTOR('',#6731,1.);
#1265=VECTOR('',#6732,1.);
#1266=VECTOR('',#6737,1.);
#1267=VECTOR('',#6740,1.);
#1268=VECTOR('',#6741,1.);
#1269=VECTOR('',#6746,1.);
#1270=VECTOR('',#6749,1.);
#1271=VECTOR('',#6750,1.);
#1272=VECTOR('',#6755,1.);
#1273=VECTOR('',#6758,1.);
#1274=VECTOR('',#6759,1.);
#1275=VECTOR('',#6766,1.);
#1276=VECTOR('',#6767,1.);
#1277=VECTOR('',#6768,1.);
#1278=VECTOR('',#6773,1.);
#1279=VECTOR('',#6776,1.);
#1280=VECTOR('',#6777,1.);
#1281=VECTOR('',#6782,1.);
#1282=VECTOR('',#6785,1.);
#1283=VECTOR('',#6786,1.);
#1284=VECTOR('',#6791,1.);
#1285=VECTOR('',#6794,1.);
#1286=VECTOR('',#6795,1.);
#1287=VECTOR('',#6802,1.);
#1288=VECTOR('',#6803,1.);
#1289=VECTOR('',#6804,1.);
#1290=VECTOR('',#6809,1.);
#1291=VECTOR('',#6812,1.);
#1292=VECTOR('',#6813,1.);
#1293=VECTOR('',#6818,1.);
#1294=VECTOR('',#6821,1.);
#1295=VECTOR('',#6822,1.);
#1296=VECTOR('',#6827,1.);
#1297=VECTOR('',#6830,1.);
#1298=VECTOR('',#6831,1.);
#1299=VECTOR('',#6838,1.);
#1300=VECTOR('',#6839,1.);
#1301=VECTOR('',#6840,1.);
#1302=VECTOR('',#6845,1.);
#1303=VECTOR('',#6848,1.);
#1304=VECTOR('',#6849,1.);
#1305=VECTOR('',#6854,1.);
#1306=VECTOR('',#6857,1.);
#1307=VECTOR('',#6858,1.);
#1308=VECTOR('',#6863,1.);
#1309=VECTOR('',#6866,1.);
#1310=VECTOR('',#6867,1.);
#1311=VECTOR('',#6874,1.);
#1312=VECTOR('',#6875,1.);
#1313=VECTOR('',#6876,1.);
#1314=VECTOR('',#6879,1.);
#1315=VECTOR('',#6880,1.);
#1316=VECTOR('',#6881,1.);
#1317=VECTOR('',#6884,1.);
#1318=VECTOR('',#6885,1.);
#1319=VECTOR('',#6886,1.);
#1320=VECTOR('',#6887,1.);
#1321=VECTOR('',#6894,1.);
#1322=VECTOR('',#6903,0.199999999999999);
#1323=VECTOR('',#6916,1.);
#1324=VECTOR('',#6919,1.);
#1325=VECTOR('',#6922,1.);
#1326=VECTOR('',#6929,1.);
#1327=VECTOR('',#6930,1.);
#1328=VECTOR('',#6931,1.);
#1329=VECTOR('',#6934,1.);
#1330=VECTOR('',#6939,1.);
#1331=VECTOR('',#6940,1.);
#1332=VECTOR('',#6943,1.);
#1333=VECTOR('',#6948,1.);
#1334=VECTOR('',#6949,1.);
#1335=CYLINDRICAL_SURFACE('',#5105,0.06);
#1336=CYLINDRICAL_SURFACE('',#5111,0.06);
#1337=CYLINDRICAL_SURFACE('',#5117,0.06);
#1338=CYLINDRICAL_SURFACE('',#5123,0.06);
#1339=CYLINDRICAL_SURFACE('',#5125,0.15);
#1340=CYLINDRICAL_SURFACE('',#5128,0.15);
#1341=CYLINDRICAL_SURFACE('',#5145,0.15);
#1342=CYLINDRICAL_SURFACE('',#5148,0.15);
#1343=CYLINDRICAL_SURFACE('',#5151,0.4);
#1344=CYLINDRICAL_SURFACE('',#5154,0.5);
#1345=CYLINDRICAL_SURFACE('',#5157,0.4);
#1346=CYLINDRICAL_SURFACE('',#5160,0.5);
#1347=CYLINDRICAL_SURFACE('',#5166,0.1);
#1348=CYLINDRICAL_SURFACE('',#5169,0.1);
#1349=CYLINDRICAL_SURFACE('',#5172,0.1);
#1350=CYLINDRICAL_SURFACE('',#5175,0.1);
#1351=CYLINDRICAL_SURFACE('',#5188,0.16);
#1352=CYLINDRICAL_SURFACE('',#5190,0.16);
#1353=CYLINDRICAL_SURFACE('',#5192,0.16);
#1354=CYLINDRICAL_SURFACE('',#5194,0.16);
#1355=CYLINDRICAL_SURFACE('',#5196,0.125);
#1356=CYLINDRICAL_SURFACE('',#5200,0.125);
#1357=CYLINDRICAL_SURFACE('',#5204,0.125);
#1358=CYLINDRICAL_SURFACE('',#5208,0.125);
#1359=CYLINDRICAL_SURFACE('',#5212,0.35);
#1360=CYLINDRICAL_SURFACE('',#5216,0.35);
#1361=CYLINDRICAL_SURFACE('',#5220,0.35);
#1362=CYLINDRICAL_SURFACE('',#5224,0.35);
#1363=CYLINDRICAL_SURFACE('',#5229,0.4);
#1364=CYLINDRICAL_SURFACE('',#5232,0.4);
#1365=CYLINDRICAL_SURFACE('',#5235,0.4);
#1366=CYLINDRICAL_SURFACE('',#5238,0.4);
#1367=CYLINDRICAL_SURFACE('',#5241,0.199999999999999);
#1368=CYLINDRICAL_SURFACE('',#5244,0.199999999999999);
#1369=CYLINDRICAL_SURFACE('',#5247,0.199999999999999);
#1370=CYLINDRICAL_SURFACE('',#5250,0.199999999999999);
#1371=CYLINDRICAL_SURFACE('',#5265,1.62);
#1372=CYLINDRICAL_SURFACE('',#5267,1.62);
#1373=CYLINDRICAL_SURFACE('',#5269,1.62);
#1374=CYLINDRICAL_SURFACE('',#5271,1.62);
#1375=CYLINDRICAL_SURFACE('',#5274,0.619999999999997);
#1376=CYLINDRICAL_SURFACE('',#5277,0.619999999999996);
#1377=CYLINDRICAL_SURFACE('',#5280,0.619999999999996);
#1378=CYLINDRICAL_SURFACE('',#5284,0.619999999999997);
#1379=CYLINDRICAL_SURFACE('',#5286,0.619999999999997);
#1380=CYLINDRICAL_SURFACE('',#5292,0.619999999999996);
#1381=CYLINDRICAL_SURFACE('',#5414,0.075);
#1382=CYLINDRICAL_SURFACE('',#5415,0.075);
#1383=CYLINDRICAL_SURFACE('',#5416,0.075);
#1384=CYLINDRICAL_SURFACE('',#5417,0.075);
#1385=CYLINDRICAL_SURFACE('',#5418,0.075);
#1386=CYLINDRICAL_SURFACE('',#5419,0.075);
#1387=CYLINDRICAL_SURFACE('',#5420,0.075);
#1388=CYLINDRICAL_SURFACE('',#5421,0.075);
#1389=CYLINDRICAL_SURFACE('',#5441,0.199999999999999);
#1390=CYLINDRICAL_SURFACE('',#5443,0.4);
#1391=CYLINDRICAL_SURFACE('',#5444,0.4);
#1392=CYLINDRICAL_SURFACE('',#5446,0.27);
#1393=CYLINDRICAL_SURFACE('',#5452,0.199999999999999);
#1394=CYLINDRICAL_SURFACE('',#5454,0.4);
#1395=CYLINDRICAL_SURFACE('',#5456,0.4);
#1396=CYLINDRICAL_SURFACE('',#5459,0.199999999999999);
#1397=CYLINDRICAL_SURFACE('',#5462,0.0999999999999999);
#1398=CYLINDRICAL_SURFACE('',#5465,0.0999999999999996);
#1399=CYLINDRICAL_SURFACE('',#5468,0.0999999999999988);
#1400=CYLINDRICAL_SURFACE('',#5471,0.0999999999999996);
#1401=CYLINDRICAL_SURFACE('',#5474,0.0999999999999996);
#1402=CYLINDRICAL_SURFACE('',#5477,0.0999999999999996);
#1403=CYLINDRICAL_SURFACE('',#5480,0.0999999999999996);
#1404=CYLINDRICAL_SURFACE('',#5483,0.0999999999999996);
#1405=CYLINDRICAL_SURFACE('',#5486,0.0999999999999996);
#1406=CYLINDRICAL_SURFACE('',#5489,0.0999999999999996);
#1407=CYLINDRICAL_SURFACE('',#5492,0.0999999999999996);
#1408=CYLINDRICAL_SURFACE('',#5495,0.0999999999999996);
#1409=CYLINDRICAL_SURFACE('',#5498,0.0999999999999996);
#1410=CYLINDRICAL_SURFACE('',#5501,0.0999999999999996);
#1411=CYLINDRICAL_SURFACE('',#5504,0.0999999999999988);
#1412=CYLINDRICAL_SURFACE('',#5507,0.0999999999999996);
#1413=CYLINDRICAL_SURFACE('',#5518,0.199999999999999);
#1414=CYLINDRICAL_SURFACE('',#5524,0.4);
#1415=CYLINDRICAL_SURFACE('',#5526,0.4);
#1416=CYLINDRICAL_SURFACE('',#5528,0.27);
#1417=CYLINDRICAL_SURFACE('',#5530,0.419999999999996);
#1418=CYLINDRICAL_SURFACE('',#5533,0.419999999999996);
#1419=CYLINDRICAL_SURFACE('',#5536,0.419999999999999);
#1420=CYLINDRICAL_SURFACE('',#5538,0.419999999999998);
#1421=CYLINDRICAL_SURFACE('',#5542,0.619999999999996);
#1422=CYLINDRICAL_SURFACE('',#5544,0.619999999999997);
#1423=FACE_OUTER_BOUND('',#1689,.T.);
#1424=FACE_OUTER_BOUND('',#1690,.T.);
#1425=FACE_OUTER_BOUND('',#1691,.T.);
#1426=FACE_OUTER_BOUND('',#1692,.T.);
#1427=FACE_OUTER_BOUND('',#1693,.T.);
#1428=FACE_OUTER_BOUND('',#1694,.T.);
#1429=FACE_OUTER_BOUND('',#1695,.T.);
#1430=FACE_OUTER_BOUND('',#1696,.T.);
#1431=FACE_OUTER_BOUND('',#1697,.T.);
#1432=FACE_OUTER_BOUND('',#1698,.T.);
#1433=FACE_OUTER_BOUND('',#1699,.T.);
#1434=FACE_OUTER_BOUND('',#1700,.T.);
#1435=FACE_OUTER_BOUND('',#1701,.T.);
#1436=FACE_OUTER_BOUND('',#1710,.T.);
#1437=FACE_OUTER_BOUND('',#1711,.T.);
#1438=FACE_OUTER_BOUND('',#1712,.T.);
#1439=FACE_OUTER_BOUND('',#1713,.T.);
#1440=FACE_OUTER_BOUND('',#1714,.T.);
#1441=FACE_OUTER_BOUND('',#1715,.T.);
#1442=FACE_OUTER_BOUND('',#1716,.T.);
#1443=FACE_OUTER_BOUND('',#1718,.T.);
#1444=FACE_OUTER_BOUND('',#1719,.T.);
#1445=FACE_OUTER_BOUND('',#1720,.T.);
#1446=FACE_OUTER_BOUND('',#1722,.T.);
#1447=FACE_OUTER_BOUND('',#1723,.T.);
#1448=FACE_OUTER_BOUND('',#1724,.T.);
#1449=FACE_OUTER_BOUND('',#1725,.T.);
#1450=FACE_OUTER_BOUND('',#1726,.T.);
#1451=FACE_OUTER_BOUND('',#1727,.T.);
#1452=FACE_OUTER_BOUND('',#1728,.T.);
#1453=FACE_OUTER_BOUND('',#1729,.T.);
#1454=FACE_OUTER_BOUND('',#1730,.T.);
#1455=FACE_OUTER_BOUND('',#1731,.T.);
#1456=FACE_OUTER_BOUND('',#1732,.T.);
#1457=FACE_OUTER_BOUND('',#1733,.T.);
#1458=FACE_OUTER_BOUND('',#1734,.T.);
#1459=FACE_OUTER_BOUND('',#1735,.T.);
#1460=FACE_OUTER_BOUND('',#1736,.T.);
#1461=FACE_OUTER_BOUND('',#1737,.T.);
#1462=FACE_OUTER_BOUND('',#1738,.T.);
#1463=FACE_OUTER_BOUND('',#1739,.T.);
#1464=FACE_OUTER_BOUND('',#1740,.T.);
#1465=FACE_OUTER_BOUND('',#1741,.T.);
#1466=FACE_OUTER_BOUND('',#1742,.T.);
#1467=FACE_OUTER_BOUND('',#1743,.T.);
#1468=FACE_OUTER_BOUND('',#1744,.T.);
#1469=FACE_OUTER_BOUND('',#1745,.T.);
#1470=FACE_OUTER_BOUND('',#1746,.T.);
#1471=FACE_OUTER_BOUND('',#1747,.T.);
#1472=FACE_OUTER_BOUND('',#1748,.T.);
#1473=FACE_OUTER_BOUND('',#1749,.T.);
#1474=FACE_OUTER_BOUND('',#1750,.T.);
#1475=FACE_OUTER_BOUND('',#1751,.T.);
#1476=FACE_OUTER_BOUND('',#1752,.T.);
#1477=FACE_OUTER_BOUND('',#1753,.T.);
#1478=FACE_OUTER_BOUND('',#1754,.T.);
#1479=FACE_OUTER_BOUND('',#1755,.T.);
#1480=FACE_OUTER_BOUND('',#1756,.T.);
#1481=FACE_OUTER_BOUND('',#1758,.T.);
#1482=FACE_OUTER_BOUND('',#1759,.T.);
#1483=FACE_OUTER_BOUND('',#1761,.T.);
#1484=FACE_OUTER_BOUND('',#1762,.T.);
#1485=FACE_OUTER_BOUND('',#1764,.T.);
#1486=FACE_OUTER_BOUND('',#1765,.T.);
#1487=FACE_OUTER_BOUND('',#1767,.T.);
#1488=FACE_OUTER_BOUND('',#1768,.T.);
#1489=FACE_OUTER_BOUND('',#1769,.T.);
#1490=FACE_OUTER_BOUND('',#1770,.T.);
#1491=FACE_OUTER_BOUND('',#1771,.T.);
#1492=FACE_OUTER_BOUND('',#1772,.T.);
#1493=FACE_OUTER_BOUND('',#1773,.T.);
#1494=FACE_OUTER_BOUND('',#1774,.T.);
#1495=FACE_OUTER_BOUND('',#1775,.T.);
#1496=FACE_OUTER_BOUND('',#1787,.T.);
#1497=FACE_OUTER_BOUND('',#1788,.T.);
#1498=FACE_OUTER_BOUND('',#1789,.T.);
#1499=FACE_OUTER_BOUND('',#1790,.T.);
#1500=FACE_OUTER_BOUND('',#1791,.T.);
#1501=FACE_OUTER_BOUND('',#1792,.T.);
#1502=FACE_OUTER_BOUND('',#1793,.T.);
#1503=FACE_OUTER_BOUND('',#1794,.T.);
#1504=FACE_OUTER_BOUND('',#1795,.T.);
#1505=FACE_OUTER_BOUND('',#1796,.T.);
#1506=FACE_OUTER_BOUND('',#1797,.T.);
#1507=FACE_OUTER_BOUND('',#1798,.T.);
#1508=FACE_OUTER_BOUND('',#1799,.T.);
#1509=FACE_OUTER_BOUND('',#1803,.T.);
#1510=FACE_OUTER_BOUND('',#1804,.T.);
#1511=FACE_OUTER_BOUND('',#1805,.T.);
#1512=FACE_OUTER_BOUND('',#1806,.T.);
#1513=FACE_OUTER_BOUND('',#1807,.T.);
#1514=FACE_OUTER_BOUND('',#1812,.T.);
#1515=FACE_OUTER_BOUND('',#1813,.T.);
#1516=FACE_OUTER_BOUND('',#1814,.T.);
#1517=FACE_OUTER_BOUND('',#1815,.T.);
#1518=FACE_OUTER_BOUND('',#1816,.T.);
#1519=FACE_OUTER_BOUND('',#1817,.T.);
#1520=FACE_OUTER_BOUND('',#1818,.T.);
#1521=FACE_OUTER_BOUND('',#1819,.T.);
#1522=FACE_OUTER_BOUND('',#1831,.T.);
#1523=FACE_OUTER_BOUND('',#1832,.T.);
#1524=FACE_OUTER_BOUND('',#1833,.T.);
#1525=FACE_OUTER_BOUND('',#1834,.T.);
#1526=FACE_OUTER_BOUND('',#1846,.T.);
#1527=FACE_OUTER_BOUND('',#1847,.T.);
#1528=FACE_OUTER_BOUND('',#1851,.T.);
#1529=FACE_OUTER_BOUND('',#1852,.T.);
#1530=FACE_OUTER_BOUND('',#1853,.T.);
#1531=FACE_OUTER_BOUND('',#1854,.T.);
#1532=FACE_OUTER_BOUND('',#1855,.T.);
#1533=FACE_OUTER_BOUND('',#1856,.T.);
#1534=FACE_OUTER_BOUND('',#1857,.T.);
#1535=FACE_OUTER_BOUND('',#1858,.T.);
#1536=FACE_OUTER_BOUND('',#1859,.T.);
#1537=FACE_OUTER_BOUND('',#1860,.T.);
#1538=FACE_OUTER_BOUND('',#1861,.T.);
#1539=FACE_OUTER_BOUND('',#1862,.T.);
#1540=FACE_OUTER_BOUND('',#1863,.T.);
#1541=FACE_OUTER_BOUND('',#1864,.T.);
#1542=FACE_OUTER_BOUND('',#1865,.T.);
#1543=FACE_OUTER_BOUND('',#1867,.T.);
#1544=FACE_OUTER_BOUND('',#1868,.T.);
#1545=FACE_OUTER_BOUND('',#1869,.T.);
#1546=FACE_OUTER_BOUND('',#1870,.T.);
#1547=FACE_OUTER_BOUND('',#1871,.T.);
#1548=FACE_OUTER_BOUND('',#1872,.T.);
#1549=FACE_OUTER_BOUND('',#1873,.T.);
#1550=FACE_OUTER_BOUND('',#1874,.T.);
#1551=FACE_OUTER_BOUND('',#1875,.T.);
#1552=FACE_OUTER_BOUND('',#1876,.T.);
#1553=FACE_OUTER_BOUND('',#1877,.T.);
#1554=FACE_OUTER_BOUND('',#1879,.T.);
#1555=FACE_OUTER_BOUND('',#1880,.T.);
#1556=FACE_OUTER_BOUND('',#1881,.T.);
#1557=FACE_OUTER_BOUND('',#1883,.T.);
#1558=FACE_OUTER_BOUND('',#1884,.T.);
#1559=FACE_OUTER_BOUND('',#1885,.T.);
#1560=FACE_OUTER_BOUND('',#1886,.T.);
#1561=FACE_OUTER_BOUND('',#1887,.T.);
#1562=FACE_OUTER_BOUND('',#1888,.T.);
#1563=FACE_OUTER_BOUND('',#1889,.T.);
#1564=FACE_OUTER_BOUND('',#1890,.T.);
#1565=FACE_OUTER_BOUND('',#1891,.T.);
#1566=FACE_OUTER_BOUND('',#1892,.T.);
#1567=FACE_OUTER_BOUND('',#1893,.T.);
#1568=FACE_OUTER_BOUND('',#1894,.T.);
#1569=FACE_OUTER_BOUND('',#1895,.T.);
#1570=FACE_OUTER_BOUND('',#1896,.T.);
#1571=FACE_OUTER_BOUND('',#1897,.T.);
#1572=FACE_OUTER_BOUND('',#1898,.T.);
#1573=FACE_OUTER_BOUND('',#1899,.T.);
#1574=FACE_OUTER_BOUND('',#1900,.T.);
#1575=FACE_OUTER_BOUND('',#1901,.T.);
#1576=FACE_OUTER_BOUND('',#1902,.T.);
#1577=FACE_OUTER_BOUND('',#1903,.T.);
#1578=FACE_OUTER_BOUND('',#1904,.T.);
#1579=FACE_OUTER_BOUND('',#1905,.T.);
#1580=FACE_OUTER_BOUND('',#1906,.T.);
#1581=FACE_OUTER_BOUND('',#1907,.T.);
#1582=FACE_OUTER_BOUND('',#1908,.T.);
#1583=FACE_OUTER_BOUND('',#1909,.T.);
#1584=FACE_OUTER_BOUND('',#1910,.T.);
#1585=FACE_OUTER_BOUND('',#1911,.T.);
#1586=FACE_OUTER_BOUND('',#1912,.T.);
#1587=FACE_OUTER_BOUND('',#1913,.T.);
#1588=FACE_OUTER_BOUND('',#1914,.T.);
#1589=FACE_OUTER_BOUND('',#1915,.T.);
#1590=FACE_OUTER_BOUND('',#1916,.T.);
#1591=FACE_OUTER_BOUND('',#1917,.T.);
#1592=FACE_OUTER_BOUND('',#1918,.T.);
#1593=FACE_OUTER_BOUND('',#1919,.T.);
#1594=FACE_OUTER_BOUND('',#1920,.T.);
#1595=FACE_OUTER_BOUND('',#1921,.T.);
#1596=FACE_OUTER_BOUND('',#1922,.T.);
#1597=FACE_OUTER_BOUND('',#1923,.T.);
#1598=FACE_OUTER_BOUND('',#1924,.T.);
#1599=FACE_OUTER_BOUND('',#1925,.T.);
#1600=FACE_OUTER_BOUND('',#1926,.T.);
#1601=FACE_OUTER_BOUND('',#1927,.T.);
#1602=FACE_OUTER_BOUND('',#1928,.T.);
#1603=FACE_OUTER_BOUND('',#1929,.T.);
#1604=FACE_OUTER_BOUND('',#1930,.T.);
#1605=FACE_OUTER_BOUND('',#1931,.T.);
#1606=FACE_OUTER_BOUND('',#1932,.T.);
#1607=FACE_OUTER_BOUND('',#1933,.T.);
#1608=FACE_OUTER_BOUND('',#1934,.T.);
#1609=FACE_OUTER_BOUND('',#1935,.T.);
#1610=FACE_OUTER_BOUND('',#1936,.T.);
#1611=FACE_OUTER_BOUND('',#1937,.T.);
#1612=FACE_OUTER_BOUND('',#1938,.T.);
#1613=FACE_OUTER_BOUND('',#1945,.T.);
#1614=FACE_OUTER_BOUND('',#1946,.T.);
#1615=FACE_OUTER_BOUND('',#1947,.T.);
#1616=FACE_OUTER_BOUND('',#1948,.T.);
#1617=FACE_OUTER_BOUND('',#1949,.T.);
#1618=FACE_OUTER_BOUND('',#1950,.T.);
#1619=FACE_OUTER_BOUND('',#1951,.T.);
#1620=FACE_OUTER_BOUND('',#1952,.T.);
#1621=FACE_OUTER_BOUND('',#1957,.T.);
#1622=FACE_OUTER_BOUND('',#1958,.T.);
#1623=FACE_OUTER_BOUND('',#1959,.T.);
#1624=FACE_OUTER_BOUND('',#1960,.T.);
#1625=FACE_OUTER_BOUND('',#1961,.T.);
#1626=FACE_OUTER_BOUND('',#1962,.T.);
#1627=FACE_OUTER_BOUND('',#1963,.T.);
#1628=FACE_OUTER_BOUND('',#1964,.T.);
#1629=FACE_OUTER_BOUND('',#1965,.T.);
#1630=FACE_OUTER_BOUND('',#1966,.T.);
#1631=FACE_OUTER_BOUND('',#1967,.T.);
#1632=FACE_OUTER_BOUND('',#1968,.T.);
#1633=FACE_OUTER_BOUND('',#1969,.T.);
#1634=FACE_OUTER_BOUND('',#1970,.T.);
#1635=FACE_OUTER_BOUND('',#1971,.T.);
#1636=FACE_OUTER_BOUND('',#1972,.T.);
#1637=FACE_OUTER_BOUND('',#1973,.T.);
#1638=FACE_OUTER_BOUND('',#1974,.T.);
#1639=FACE_OUTER_BOUND('',#1975,.T.);
#1640=FACE_OUTER_BOUND('',#1976,.T.);
#1641=FACE_OUTER_BOUND('',#1977,.T.);
#1642=FACE_OUTER_BOUND('',#1978,.T.);
#1643=FACE_OUTER_BOUND('',#1979,.T.);
#1644=FACE_OUTER_BOUND('',#1980,.T.);
#1645=FACE_OUTER_BOUND('',#1981,.T.);
#1646=FACE_OUTER_BOUND('',#1982,.T.);
#1647=FACE_OUTER_BOUND('',#1983,.T.);
#1648=FACE_OUTER_BOUND('',#1984,.T.);
#1649=FACE_OUTER_BOUND('',#1985,.T.);
#1650=FACE_OUTER_BOUND('',#1986,.T.);
#1651=FACE_OUTER_BOUND('',#1987,.T.);
#1652=FACE_OUTER_BOUND('',#1988,.T.);
#1653=FACE_OUTER_BOUND('',#1989,.T.);
#1654=FACE_OUTER_BOUND('',#1990,.T.);
#1655=FACE_OUTER_BOUND('',#1991,.T.);
#1656=FACE_OUTER_BOUND('',#1992,.T.);
#1657=FACE_OUTER_BOUND('',#1993,.T.);
#1658=FACE_OUTER_BOUND('',#1994,.T.);
#1659=FACE_OUTER_BOUND('',#1995,.T.);
#1660=FACE_OUTER_BOUND('',#1996,.T.);
#1661=FACE_OUTER_BOUND('',#1997,.T.);
#1662=FACE_OUTER_BOUND('',#1998,.T.);
#1663=FACE_OUTER_BOUND('',#2004,.T.);
#1664=FACE_OUTER_BOUND('',#2005,.T.);
#1665=FACE_OUTER_BOUND('',#2007,.T.);
#1666=FACE_OUTER_BOUND('',#2008,.T.);
#1667=FACE_OUTER_BOUND('',#2009,.T.);
#1668=FACE_OUTER_BOUND('',#2010,.T.);
#1669=FACE_OUTER_BOUND('',#2011,.T.);
#1670=FACE_OUTER_BOUND('',#2012,.T.);
#1671=FACE_OUTER_BOUND('',#2013,.T.);
#1672=FACE_OUTER_BOUND('',#2014,.T.);
#1673=FACE_OUTER_BOUND('',#2015,.T.);
#1674=FACE_OUTER_BOUND('',#2016,.T.);
#1675=FACE_OUTER_BOUND('',#2020,.T.);
#1676=FACE_OUTER_BOUND('',#2021,.T.);
#1677=FACE_OUTER_BOUND('',#2022,.T.);
#1678=FACE_OUTER_BOUND('',#2023,.T.);
#1679=FACE_OUTER_BOUND('',#2024,.T.);
#1680=FACE_OUTER_BOUND('',#2025,.T.);
#1681=FACE_OUTER_BOUND('',#2026,.T.);
#1682=FACE_OUTER_BOUND('',#2027,.T.);
#1683=FACE_OUTER_BOUND('',#2028,.T.);
#1684=FACE_OUTER_BOUND('',#2029,.T.);
#1685=FACE_OUTER_BOUND('',#2030,.T.);
#1686=FACE_OUTER_BOUND('',#2035,.T.);
#1687=FACE_OUTER_BOUND('',#2036,.T.);
#1688=FACE_OUTER_BOUND('',#2037,.T.);
#1689=EDGE_LOOP('',(#3395,#3396,#3397,#3398));
#1690=EDGE_LOOP('',(#3399,#3400,#3401,#3402));
#1691=EDGE_LOOP('',(#3403,#3404,#3405,#3406));
#1692=EDGE_LOOP('',(#3407,#3408,#3409,#3410));
#1693=EDGE_LOOP('',(#3411,#3412,#3413,#3414));
#1694=EDGE_LOOP('',(#3415,#3416,#3417,#3418));
#1695=EDGE_LOOP('',(#3419,#3420,#3421,#3422));
#1696=EDGE_LOOP('',(#3423,#3424,#3425,#3426));
#1697=EDGE_LOOP('',(#3427,#3428,#3429,#3430));
#1698=EDGE_LOOP('',(#3431,#3432,#3433,#3434));
#1699=EDGE_LOOP('',(#3435,#3436,#3437,#3438));
#1700=EDGE_LOOP('',(#3439,#3440,#3441,#3442));
#1701=EDGE_LOOP('',(#3443,#3444,#3445,#3446,#3447,#3448,#3449,#3450));
#1702=EDGE_LOOP('',(#3451));
#1703=EDGE_LOOP('',(#3452));
#1704=EDGE_LOOP('',(#3453,#3454,#3455,#3456,#3457,#3458,#3459,#3460));
#1705=EDGE_LOOP('',(#3461));
#1706=EDGE_LOOP('',(#3462));
#1707=EDGE_LOOP('',(#3463));
#1708=EDGE_LOOP('',(#3464));
#1709=EDGE_LOOP('',(#3465,#3466,#3467,#3468,#3469,#3470,#3471,#3472));
#1710=EDGE_LOOP('',(#3473,#3474,#3475,#3476));
#1711=EDGE_LOOP('',(#3477,#3478,#3479,#3480));
#1712=EDGE_LOOP('',(#3481,#3482,#3483,#3484));
#1713=EDGE_LOOP('',(#3485,#3486,#3487,#3488));
#1714=EDGE_LOOP('',(#3489,#3490,#3491,#3492));
#1715=EDGE_LOOP('',(#3493,#3494,#3495,#3496));
#1716=EDGE_LOOP('',(#3497));
#1717=EDGE_LOOP('',(#3498));
#1718=EDGE_LOOP('',(#3499,#3500,#3501,#3502));
#1719=EDGE_LOOP('',(#3503,#3504,#3505,#3506));
#1720=EDGE_LOOP('',(#3507));
#1721=EDGE_LOOP('',(#3508));
#1722=EDGE_LOOP('',(#3509));
#1723=EDGE_LOOP('',(#3510));
#1724=EDGE_LOOP('',(#3511,#3512,#3513,#3514));
#1725=EDGE_LOOP('',(#3515,#3516,#3517,#3518));
#1726=EDGE_LOOP('',(#3519,#3520,#3521,#3522));
#1727=EDGE_LOOP('',(#3523,#3524,#3525,#3526));
#1728=EDGE_LOOP('',(#3527,#3528,#3529,#3530));
#1729=EDGE_LOOP('',(#3531,#3532,#3533,#3534));
#1730=EDGE_LOOP('',(#3535,#3536,#3537,#3538));
#1731=EDGE_LOOP('',(#3539,#3540,#3541,#3542));
#1732=EDGE_LOOP('',(#3543,#3544,#3545,#3546,#3547,#3548,#3549,#3550));
#1733=EDGE_LOOP('',(#3551,#3552,#3553,#3554));
#1734=EDGE_LOOP('',(#3555,#3556,#3557,#3558));
#1735=EDGE_LOOP('',(#3559,#3560,#3561,#3562));
#1736=EDGE_LOOP('',(#3563,#3564,#3565,#3566));
#1737=EDGE_LOOP('',(#3567,#3568,#3569,#3570));
#1738=EDGE_LOOP('',(#3571,#3572,#3573,#3574));
#1739=EDGE_LOOP('',(#3575,#3576,#3577,#3578));
#1740=EDGE_LOOP('',(#3579,#3580,#3581,#3582));
#1741=EDGE_LOOP('',(#3583,#3584,#3585,#3586));
#1742=EDGE_LOOP('',(#3587,#3588,#3589,#3590));
#1743=EDGE_LOOP('',(#3591,#3592,#3593,#3594));
#1744=EDGE_LOOP('',(#3595,#3596,#3597,#3598));
#1745=EDGE_LOOP('',(#3599,#3600,#3601,#3602));
#1746=EDGE_LOOP('',(#3603,#3604,#3605,#3606));
#1747=EDGE_LOOP('',(#3607,#3608,#3609,#3610));
#1748=EDGE_LOOP('',(#3611));
#1749=EDGE_LOOP('',(#3612,#3613,#3614,#3615));
#1750=EDGE_LOOP('',(#3616));
#1751=EDGE_LOOP('',(#3617,#3618,#3619,#3620));
#1752=EDGE_LOOP('',(#3621));
#1753=EDGE_LOOP('',(#3622,#3623,#3624,#3625));
#1754=EDGE_LOOP('',(#3626));
#1755=EDGE_LOOP('',(#3627,#3628,#3629,#3630));
#1756=EDGE_LOOP('',(#3631));
#1757=EDGE_LOOP('',(#3632));
#1758=EDGE_LOOP('',(#3633,#3634,#3635,#3636));
#1759=EDGE_LOOP('',(#3637));
#1760=EDGE_LOOP('',(#3638));
#1761=EDGE_LOOP('',(#3639,#3640,#3641,#3642));
#1762=EDGE_LOOP('',(#3643));
#1763=EDGE_LOOP('',(#3644));
#1764=EDGE_LOOP('',(#3645,#3646,#3647,#3648));
#1765=EDGE_LOOP('',(#3649));
#1766=EDGE_LOOP('',(#3650));
#1767=EDGE_LOOP('',(#3651,#3652,#3653,#3654));
#1768=EDGE_LOOP('',(#3655,#3656,#3657,#3658));
#1769=EDGE_LOOP('',(#3659,#3660,#3661,#3662));
#1770=EDGE_LOOP('',(#3663,#3664,#3665,#3666));
#1771=EDGE_LOOP('',(#3667,#3668,#3669,#3670));
#1772=EDGE_LOOP('',(#3671,#3672,#3673,#3674));
#1773=EDGE_LOOP('',(#3675,#3676,#3677,#3678));
#1774=EDGE_LOOP('',(#3679,#3680,#3681,#3682));
#1775=EDGE_LOOP('',(#3683,#3684,#3685,#3686,#3687,#3688,#3689,#3690));
#1776=EDGE_LOOP('',(#3691,#3692,#3693,#3694,#3695,#3696,#3697,#3698));
#1777=EDGE_LOOP('',(#3699));
#1778=EDGE_LOOP('',(#3700));
#1779=EDGE_LOOP('',(#3701));
#1780=EDGE_LOOP('',(#3702));
#1781=EDGE_LOOP('',(#3703));
#1782=EDGE_LOOP('',(#3704));
#1783=EDGE_LOOP('',(#3705));
#1784=EDGE_LOOP('',(#3706));
#1785=EDGE_LOOP('',(#3707,#3708,#3709,#3710));
#1786=EDGE_LOOP('',(#3711,#3712,#3713,#3714));
#1787=EDGE_LOOP('',(#3715,#3716,#3717,#3718));
#1788=EDGE_LOOP('',(#3719,#3720,#3721,#3722));
#1789=EDGE_LOOP('',(#3723,#3724,#3725,#3726));
#1790=EDGE_LOOP('',(#3727,#3728,#3729,#3730));
#1791=EDGE_LOOP('',(#3731,#3732,#3733,#3734,#3735,#3736,#3737,#3738));
#1792=EDGE_LOOP('',(#3739,#3740,#3741,#3742,#3743,#3744,#3745,#3746));
#1793=EDGE_LOOP('',(#3747,#3748,#3749,#3750,#3751,#3752,#3753,#3754));
#1794=EDGE_LOOP('',(#3755,#3756,#3757,#3758,#3759,#3760,#3761,#3762));
#1795=EDGE_LOOP('',(#3763,#3764,#3765,#3766));
#1796=EDGE_LOOP('',(#3767,#3768,#3769,#3770));
#1797=EDGE_LOOP('',(#3771,#3772,#3773,#3774));
#1798=EDGE_LOOP('',(#3775,#3776,#3777,#3778));
#1799=EDGE_LOOP('',(#3779,#3780,#3781,#3782));
#1800=EDGE_LOOP('',(#3783,#3784,#3785,#3786));
#1801=EDGE_LOOP('',(#3787,#3788,#3789,#3790));
#1802=EDGE_LOOP('',(#3791,#3792,#3793,#3794));
#1803=EDGE_LOOP('',(#3795,#3796,#3797,#3798));
#1804=EDGE_LOOP('',(#3799,#3800,#3801,#3802));
#1805=EDGE_LOOP('',(#3803,#3804,#3805,#3806));
#1806=EDGE_LOOP('',(#3807,#3808,#3809));
#1807=EDGE_LOOP('',(#3810,#3811,#3812,#3813));
#1808=EDGE_LOOP('',(#3814,#3815,#3816,#3817));
#1809=EDGE_LOOP('',(#3818,#3819,#3820,#3821));
#1810=EDGE_LOOP('',(#3822,#3823,#3824,#3825));
#1811=EDGE_LOOP('',(#3826,#3827,#3828,#3829));
#1812=EDGE_LOOP('',(#3830,#3831,#3832,#3833));
#1813=EDGE_LOOP('',(#3834,#3835,#3836,#3837));
#1814=EDGE_LOOP('',(#3838,#3839,#3840));
#1815=EDGE_LOOP('',(#3841,#3842,#3843,#3844));
#1816=EDGE_LOOP('',(#3845,#3846,#3847,#3848,#3849,#3850,#3851,#3852,#3853,
#3854,#3855,#3856));
#1817=EDGE_LOOP('',(#3857,#3858,#3859,#3860));
#1818=EDGE_LOOP('',(#3861,#3862,#3863,#3864,#3865,#3866,#3867,#3868,#3869,
#3870,#3871,#3872));
#1819=EDGE_LOOP('',(#3873,#3874,#3875,#3876));
#1820=EDGE_LOOP('',(#3877,#3878,#3879,#3880));
#1821=EDGE_LOOP('',(#3881,#3882,#3883,#3884));
#1822=EDGE_LOOP('',(#3885,#3886,#3887,#3888));
#1823=EDGE_LOOP('',(#3889));
#1824=EDGE_LOOP('',(#3890));
#1825=EDGE_LOOP('',(#3891));
#1826=EDGE_LOOP('',(#3892));
#1827=EDGE_LOOP('',(#3893));
#1828=EDGE_LOOP('',(#3894));
#1829=EDGE_LOOP('',(#3895));
#1830=EDGE_LOOP('',(#3896));
#1831=EDGE_LOOP('',(#3897,#3898,#3899,#3900));
#1832=EDGE_LOOP('',(#3901,#3902,#3903,#3904));
#1833=EDGE_LOOP('',(#3905,#3906,#3907,#3908));
#1834=EDGE_LOOP('',(#3909,#3910,#3911,#3912,#3913,#3914,#3915,#3916,#3917,
#3918,#3919,#3920,#3921,#3922,#3923,#3924));
#1835=EDGE_LOOP('',(#3925,#3926,#3927,#3928));
#1836=EDGE_LOOP('',(#3929,#3930,#3931,#3932));
#1837=EDGE_LOOP('',(#3933,#3934,#3935,#3936));
#1838=EDGE_LOOP('',(#3937));
#1839=EDGE_LOOP('',(#3938));
#1840=EDGE_LOOP('',(#3939));
#1841=EDGE_LOOP('',(#3940));
#1842=EDGE_LOOP('',(#3941));
#1843=EDGE_LOOP('',(#3942));
#1844=EDGE_LOOP('',(#3943));
#1845=EDGE_LOOP('',(#3944));
#1846=EDGE_LOOP('',(#3945,#3946,#3947,#3948,#3949,#3950,#3951,#3952));
#1847=EDGE_LOOP('',(#3953,#3954,#3955,#3956,#3957,#3958,#3959,#3960,#3961,
#3962,#3963,#3964,#3965,#3966,#3967,#3968,#3969,#3970,#3971,#3972,#3973,
#3974,#3975,#3976,#3977,#3978));
#1848=EDGE_LOOP('',(#3979,#3980,#3981,#3982,#3983,#3984,#3985,#3986));
#1849=EDGE_LOOP('',(#3987,#3988,#3989,#3990,#3991,#3992,#3993,#3994));
#1850=EDGE_LOOP('',(#3995,#3996,#3997,#3998,#3999,#4000,#4001,#4002));
#1851=EDGE_LOOP('',(#4003,#4004,#4005,#4006,#4007,#4008));
#1852=EDGE_LOOP('',(#4009,#4010,#4011,#4012));
#1853=EDGE_LOOP('',(#4013,#4014,#4015,#4016,#4017,#4018));
#1854=EDGE_LOOP('',(#4019,#4020,#4021,#4022));
#1855=EDGE_LOOP('',(#4023,#4024,#4025,#4026));
#1856=EDGE_LOOP('',(#4027,#4028,#4029,#4030));
#1857=EDGE_LOOP('',(#4031,#4032,#4033,#4034,#4035,#4036));
#1858=EDGE_LOOP('',(#4037,#4038,#4039,#4040));
#1859=EDGE_LOOP('',(#4041,#4042,#4043,#4044,#4045,#4046));
#1860=EDGE_LOOP('',(#4047,#4048,#4049,#4050));
#1861=EDGE_LOOP('',(#4051,#4052,#4053,#4054));
#1862=EDGE_LOOP('',(#4055,#4056,#4057));
#1863=EDGE_LOOP('',(#4058,#4059,#4060,#4061,#4062));
#1864=EDGE_LOOP('',(#4063,#4064,#4065));
#1865=EDGE_LOOP('',(#4066,#4067,#4068,#4069));
#1866=EDGE_LOOP('',(#4070));
#1867=EDGE_LOOP('',(#4071,#4072,#4073,#4074,#4075,#4076,#4077,#4078,#4079,
#4080,#4081,#4082));
#1868=EDGE_LOOP('',(#4083,#4084,#4085,#4086,#4087));
#1869=EDGE_LOOP('',(#4088,#4089,#4090));
#1870=EDGE_LOOP('',(#4091,#4092,#4093));
#1871=EDGE_LOOP('',(#4094,#4095,#4096));
#1872=EDGE_LOOP('',(#4097,#4098,#4099,#4100,#4101));
#1873=EDGE_LOOP('',(#4102,#4103,#4104));
#1874=EDGE_LOOP('',(#4105,#4106,#4107));
#1875=EDGE_LOOP('',(#4108,#4109,#4110));
#1876=EDGE_LOOP('',(#4111,#4112,#4113,#4114,#4115));
#1877=EDGE_LOOP('',(#4116,#4117,#4118,#4119));
#1878=EDGE_LOOP('',(#4120));
#1879=EDGE_LOOP('',(#4121,#4122,#4123,#4124));
#1880=EDGE_LOOP('',(#4125,#4126,#4127));
#1881=EDGE_LOOP('',(#4128,#4129,#4130,#4131));
#1882=EDGE_LOOP('',(#4132));
#1883=EDGE_LOOP('',(#4133,#4134,#4135));
#1884=EDGE_LOOP('',(#4136,#4137,#4138,#4139));
#1885=EDGE_LOOP('',(#4140,#4141,#4142,#4143));
#1886=EDGE_LOOP('',(#4144,#4145,#4146));
#1887=EDGE_LOOP('',(#4147,#4148,#4149,#4150,#4151,#4152,#4153,#4154,#4155,
#4156,#4157,#4158));
#1888=EDGE_LOOP('',(#4159,#4160,#4161));
#1889=EDGE_LOOP('',(#4162,#4163,#4164,#4165));
#1890=EDGE_LOOP('',(#4166,#4167,#4168,#4169));
#1891=EDGE_LOOP('',(#4170,#4171,#4172,#4173));
#1892=EDGE_LOOP('',(#4174,#4175,#4176,#4177));
#1893=EDGE_LOOP('',(#4178,#4179,#4180,#4181));
#1894=EDGE_LOOP('',(#4182,#4183,#4184,#4185));
#1895=EDGE_LOOP('',(#4186,#4187,#4188,#4189));
#1896=EDGE_LOOP('',(#4190,#4191,#4192,#4193));
#1897=EDGE_LOOP('',(#4194,#4195,#4196,#4197));
#1898=EDGE_LOOP('',(#4198,#4199,#4200,#4201));
#1899=EDGE_LOOP('',(#4202,#4203,#4204,#4205));
#1900=EDGE_LOOP('',(#4206,#4207,#4208,#4209));
#1901=EDGE_LOOP('',(#4210,#4211,#4212,#4213));
#1902=EDGE_LOOP('',(#4214,#4215,#4216,#4217));
#1903=EDGE_LOOP('',(#4218,#4219,#4220,#4221));
#1904=EDGE_LOOP('',(#4222,#4223,#4224,#4225));
#1905=EDGE_LOOP('',(#4226,#4227,#4228,#4229));
#1906=EDGE_LOOP('',(#4230,#4231,#4232,#4233));
#1907=EDGE_LOOP('',(#4234,#4235,#4236,#4237));
#1908=EDGE_LOOP('',(#4238,#4239,#4240,#4241));
#1909=EDGE_LOOP('',(#4242,#4243,#4244,#4245));
#1910=EDGE_LOOP('',(#4246,#4247,#4248,#4249));
#1911=EDGE_LOOP('',(#4250,#4251,#4252,#4253));
#1912=EDGE_LOOP('',(#4254,#4255,#4256,#4257));
#1913=EDGE_LOOP('',(#4258,#4259,#4260,#4261));
#1914=EDGE_LOOP('',(#4262,#4263,#4264,#4265));
#1915=EDGE_LOOP('',(#4266,#4267,#4268,#4269));
#1916=EDGE_LOOP('',(#4270,#4271,#4272,#4273));
#1917=EDGE_LOOP('',(#4274,#4275,#4276,#4277));
#1918=EDGE_LOOP('',(#4278,#4279,#4280,#4281));
#1919=EDGE_LOOP('',(#4282,#4283,#4284,#4285));
#1920=EDGE_LOOP('',(#4286,#4287,#4288,#4289));
#1921=EDGE_LOOP('',(#4290,#4291,#4292,#4293));
#1922=EDGE_LOOP('',(#4294,#4295,#4296,#4297));
#1923=EDGE_LOOP('',(#4298,#4299,#4300,#4301));
#1924=EDGE_LOOP('',(#4302,#4303,#4304,#4305));
#1925=EDGE_LOOP('',(#4306,#4307,#4308,#4309));
#1926=EDGE_LOOP('',(#4310,#4311,#4312,#4313));
#1927=EDGE_LOOP('',(#4314,#4315,#4316,#4317));
#1928=EDGE_LOOP('',(#4318,#4319,#4320,#4321));
#1929=EDGE_LOOP('',(#4322,#4323,#4324,#4325));
#1930=EDGE_LOOP('',(#4326,#4327,#4328,#4329));
#1931=EDGE_LOOP('',(#4330,#4331,#4332,#4333));
#1932=EDGE_LOOP('',(#4334,#4335,#4336,#4337));
#1933=EDGE_LOOP('',(#4338,#4339,#4340,#4341));
#1934=EDGE_LOOP('',(#4342,#4343,#4344,#4345));
#1935=EDGE_LOOP('',(#4346,#4347,#4348,#4349));
#1936=EDGE_LOOP('',(#4350,#4351,#4352,#4353));
#1937=EDGE_LOOP('',(#4354,#4355,#4356,#4357));
#1938=EDGE_LOOP('',(#4358,#4359,#4360,#4361,#4362,#4363,#4364,#4365,#4366,
#4367,#4368,#4369,#4370,#4371,#4372,#4373,#4374,#4375));
#1939=EDGE_LOOP('',(#4376,#4377,#4378));
#1940=EDGE_LOOP('',(#4379));
#1941=EDGE_LOOP('',(#4380));
#1942=EDGE_LOOP('',(#4381));
#1943=EDGE_LOOP('',(#4382,#4383,#4384));
#1944=EDGE_LOOP('',(#4385));
#1945=EDGE_LOOP('',(#4386,#4387,#4388,#4389));
#1946=EDGE_LOOP('',(#4390,#4391,#4392,#4393));
#1947=EDGE_LOOP('',(#4394,#4395,#4396,#4397));
#1948=EDGE_LOOP('',(#4398,#4399,#4400,#4401));
#1949=EDGE_LOOP('',(#4402,#4403,#4404,#4405));
#1950=EDGE_LOOP('',(#4406,#4407,#4408,#4409));
#1951=EDGE_LOOP('',(#4410,#4411,#4412));
#1952=EDGE_LOOP('',(#4413,#4414,#4415,#4416,#4417,#4418,#4419,#4420));
#1953=EDGE_LOOP('',(#4421,#4422,#4423,#4424));
#1954=EDGE_LOOP('',(#4425,#4426,#4427,#4428));
#1955=EDGE_LOOP('',(#4429,#4430,#4431,#4432));
#1956=EDGE_LOOP('',(#4433,#4434,#4435,#4436));
#1957=EDGE_LOOP('',(#4437,#4438,#4439,#4440));
#1958=EDGE_LOOP('',(#4441,#4442,#4443,#4444));
#1959=EDGE_LOOP('',(#4445,#4446,#4447,#4448));
#1960=EDGE_LOOP('',(#4449,#4450,#4451,#4452));
#1961=EDGE_LOOP('',(#4453,#4454,#4455,#4456));
#1962=EDGE_LOOP('',(#4457,#4458,#4459));
#1963=EDGE_LOOP('',(#4460,#4461,#4462,#4463));
#1964=EDGE_LOOP('',(#4464,#4465,#4466,#4467,#4468,#4469,#4470,#4471));
#1965=EDGE_LOOP('',(#4472,#4473,#4474,#4475));
#1966=EDGE_LOOP('',(#4476,#4477,#4478,#4479));
#1967=EDGE_LOOP('',(#4480,#4481,#4482,#4483));
#1968=EDGE_LOOP('',(#4484,#4485,#4486,#4487,#4488,#4489,#4490,#4491));
#1969=EDGE_LOOP('',(#4492,#4493,#4494,#4495));
#1970=EDGE_LOOP('',(#4496,#4497,#4498,#4499));
#1971=EDGE_LOOP('',(#4500,#4501,#4502,#4503));
#1972=EDGE_LOOP('',(#4504,#4505,#4506,#4507));
#1973=EDGE_LOOP('',(#4508,#4509,#4510,#4511));
#1974=EDGE_LOOP('',(#4512,#4513,#4514,#4515));
#1975=EDGE_LOOP('',(#4516,#4517,#4518,#4519));
#1976=EDGE_LOOP('',(#4520,#4521,#4522,#4523));
#1977=EDGE_LOOP('',(#4524,#4525,#4526,#4527));
#1978=EDGE_LOOP('',(#4528,#4529,#4530,#4531));
#1979=EDGE_LOOP('',(#4532,#4533,#4534,#4535));
#1980=EDGE_LOOP('',(#4536,#4537,#4538,#4539));
#1981=EDGE_LOOP('',(#4540,#4541,#4542,#4543));
#1982=EDGE_LOOP('',(#4544,#4545,#4546,#4547));
#1983=EDGE_LOOP('',(#4548,#4549,#4550,#4551));
#1984=EDGE_LOOP('',(#4552,#4553,#4554,#4555));
#1985=EDGE_LOOP('',(#4556,#4557,#4558,#4559));
#1986=EDGE_LOOP('',(#4560,#4561,#4562,#4563));
#1987=EDGE_LOOP('',(#4564,#4565,#4566,#4567));
#1988=EDGE_LOOP('',(#4568,#4569,#4570,#4571));
#1989=EDGE_LOOP('',(#4572,#4573,#4574,#4575));
#1990=EDGE_LOOP('',(#4576,#4577,#4578,#4579));
#1991=EDGE_LOOP('',(#4580,#4581,#4582,#4583));
#1992=EDGE_LOOP('',(#4584,#4585,#4586,#4587));
#1993=EDGE_LOOP('',(#4588,#4589,#4590,#4591));
#1994=EDGE_LOOP('',(#4592,#4593,#4594,#4595));
#1995=EDGE_LOOP('',(#4596,#4597,#4598,#4599));
#1996=EDGE_LOOP('',(#4600,#4601,#4602,#4603,#4604,#4605,#4606,#4607,#4608,
#4609,#4610,#4611));
#1997=EDGE_LOOP('',(#4612,#4613,#4614,#4615,#4616,#4617,#4618,#4619,#4620,
#4621,#4622,#4623));
#1998=EDGE_LOOP('',(#4624,#4625,#4626,#4627,#4628,#4629,#4630,#4631,#4632,
#4633,#4634,#4635,#4636,#4637));
#1999=EDGE_LOOP('',(#4638,#4639,#4640,#4641,#4642,#4643,#4644,#4645));
#2000=EDGE_LOOP('',(#4646));
#2001=EDGE_LOOP('',(#4647));
#2002=EDGE_LOOP('',(#4648));
#2003=EDGE_LOOP('',(#4649));
#2004=EDGE_LOOP('',(#4650,#4651,#4652,#4653,#4654,#4655,#4656,#4657,#4658,
#4659));
#2005=EDGE_LOOP('',(#4660,#4661,#4662,#4663));
#2006=EDGE_LOOP('',(#4664));
#2007=EDGE_LOOP('',(#4665,#4666,#4667));
#2008=EDGE_LOOP('',(#4668,#4669,#4670));
#2009=EDGE_LOOP('',(#4671,#4672,#4673,#4674,#4675,#4676,#4677,#4678));
#2010=EDGE_LOOP('',(#4679,#4680,#4681,#4682));
#2011=EDGE_LOOP('',(#4683));
#2012=EDGE_LOOP('',(#4684));
#2013=EDGE_LOOP('',(#4685));
#2014=EDGE_LOOP('',(#4686));
#2015=EDGE_LOOP('',(#4687,#4688,#4689,#4690));
#2016=EDGE_LOOP('',(#4691,#4692,#4693,#4694,#4695,#4696,#4697,#4698));
#2017=EDGE_LOOP('',(#4699,#4700,#4701,#4702));
#2018=EDGE_LOOP('',(#4703,#4704,#4705,#4706));
#2019=EDGE_LOOP('',(#4707,#4708,#4709,#4710));
#2020=EDGE_LOOP('',(#4711,#4712,#4713,#4714));
#2021=EDGE_LOOP('',(#4715,#4716,#4717,#4718));
#2022=EDGE_LOOP('',(#4719,#4720,#4721,#4722));
#2023=EDGE_LOOP('',(#4723,#4724,#4725,#4726));
#2024=EDGE_LOOP('',(#4727,#4728,#4729,#4730));
#2025=EDGE_LOOP('',(#4731,#4732,#4733,#4734));
#2026=EDGE_LOOP('',(#4735,#4736,#4737,#4738));
#2027=EDGE_LOOP('',(#4739,#4740,#4741,#4742));
#2028=EDGE_LOOP('',(#4743,#4744,#4745,#4746));
#2029=EDGE_LOOP('',(#4747,#4748,#4749,#4750));
#2030=EDGE_LOOP('',(#4751,#4752,#4753,#4754,#4755,#4756,#4757,#4758));
#2031=EDGE_LOOP('',(#4759,#4760,#4761,#4762,#4763,#4764,#4765,#4766));
#2032=EDGE_LOOP('',(#4767,#4768,#4769,#4770,#4771,#4772,#4773,#4774));
#2033=EDGE_LOOP('',(#4775,#4776,#4777,#4778,#4779,#4780,#4781,#4782));
#2034=EDGE_LOOP('',(#4783,#4784,#4785,#4786,#4787,#4788,#4789,#4790));
#2035=EDGE_LOOP('',(#4791,#4792,#4793,#4794));
#2036=EDGE_LOOP('',(#4795,#4796,#4797,#4798));
#2037=EDGE_LOOP('',(#4799,#4800,#4801,#4802,#4803,#4804,#4805,#4806));
#2038=EDGE_LOOP('',(#4807,#4808,#4809,#4810,#4811,#4812,#4813,#4814));
#2039=CIRCLE('',#5101,0.0600000000000001);
#2040=CIRCLE('',#5102,0.21);
#2041=CIRCLE('',#5103,0.06);
#2042=CIRCLE('',#5104,0.15);
#2043=CIRCLE('',#5106,0.06);
#2044=CIRCLE('',#5108,0.06);
#2045=CIRCLE('',#5109,0.15);
#2046=CIRCLE('',#5110,0.21);
#2047=CIRCLE('',#5112,0.06);
#2048=CIRCLE('',#5114,0.06);
#2049=CIRCLE('',#5115,0.15);
#2050=CIRCLE('',#5116,0.21);
#2051=CIRCLE('',#5118,0.06);
#2052=CIRCLE('',#5120,0.06);
#2053=CIRCLE('',#5121,0.15);
#2054=CIRCLE('',#5122,0.21);
#2055=CIRCLE('',#5126,0.15);
#2056=CIRCLE('',#5129,0.15);
#2057=CIRCLE('',#5131,0.4);
#2058=CIRCLE('',#5132,0.4);
#2059=CIRCLE('',#5133,0.4);
#2060=CIRCLE('',#5134,0.4);
#2061=CIRCLE('',#5135,0.5);
#2062=CIRCLE('',#5136,0.5);
#2063=CIRCLE('',#5137,0.1);
#2064=CIRCLE('',#5138,0.1);
#2065=CIRCLE('',#5139,0.1);
#2066=CIRCLE('',#5140,0.1);
#2067=CIRCLE('',#5141,0.16);
#2068=CIRCLE('',#5142,0.16);
#2069=CIRCLE('',#5143,0.16);
#2070=CIRCLE('',#5144,0.16);
#2071=CIRCLE('',#5146,0.15);
#2072=CIRCLE('',#5149,0.15);
#2073=CIRCLE('',#5152,0.4);
#2074=CIRCLE('',#5153,0.4);
#2075=CIRCLE('',#5155,0.5);
#2076=CIRCLE('',#5158,0.4);
#2077=CIRCLE('',#5159,0.4);
#2078=CIRCLE('',#5161,0.5);
#2079=CIRCLE('',#5167,0.1);
#2080=CIRCLE('',#5170,0.1);
#2081=CIRCLE('',#5173,0.1);
#2082=CIRCLE('',#5176,0.1);
#2083=CIRCLE('',#5189,0.16);
#2084=CIRCLE('',#5191,0.16);
#2085=CIRCLE('',#5193,0.16);
#2086=CIRCLE('',#5195,0.16);
#2087=CIRCLE('',#5197,0.125);
#2088=CIRCLE('',#5198,0.125);
#2089=CIRCLE('',#5201,0.125);
#2090=CIRCLE('',#5202,0.125);
#2091=CIRCLE('',#5205,0.125);
#2092=CIRCLE('',#5206,0.125);
#2093=CIRCLE('',#5209,0.125);
#2094=CIRCLE('',#5210,0.125);
#2095=CIRCLE('',#5213,0.35);
#2096=CIRCLE('',#5214,0.35);
#2097=CIRCLE('',#5217,0.35);
#2098=CIRCLE('',#5218,0.35);
#2099=CIRCLE('',#5221,0.35);
#2100=CIRCLE('',#5222,0.35);
#2101=CIRCLE('',#5225,0.35);
#2102=CIRCLE('',#5226,0.35);
#2103=CIRCLE('',#5230,0.4);
#2104=CIRCLE('',#5233,0.4);
#2105=CIRCLE('',#5236,0.4);
#2106=CIRCLE('',#5239,0.4);
#2107=CIRCLE('',#5242,0.199999999999999);
#2108=CIRCLE('',#5243,0.199999999999999);
#2109=CIRCLE('',#5245,0.199999999999999);
#2110=CIRCLE('',#5246,0.199999999999999);
#2111=CIRCLE('',#5248,0.199999999999999);
#2112=CIRCLE('',#5249,0.199999999999999);
#2113=CIRCLE('',#5251,0.199999999999999);
#2114=CIRCLE('',#5252,0.199999999999999);
#2115=CIRCLE('',#5254,1.62);
#2116=CIRCLE('',#5255,0.619999999999996);
#2117=CIRCLE('',#5257,1.62);
#2118=CIRCLE('',#5258,0.619999999999996);
#2119=CIRCLE('',#5260,0.619999999999997);
#2120=CIRCLE('',#5261,1.62);
#2121=CIRCLE('',#5263,0.619999999999997);
#2122=CIRCLE('',#5264,1.62);
#2123=CIRCLE('',#5266,1.62);
#2124=CIRCLE('',#5268,1.62);
#2125=CIRCLE('',#5270,1.62);
#2126=CIRCLE('',#5272,1.62);
#2127=CIRCLE('',#5275,0.619999999999997);
#2128=CIRCLE('',#5276,0.619999999999997);
#2129=CIRCLE('',#5278,0.619999999999996);
#2130=CIRCLE('',#5279,0.619999999999996);
#2131=CIRCLE('',#5281,0.619999999999996);
#2132=CIRCLE('',#5285,0.619999999999997);
#2133=CIRCLE('',#5287,0.619999999999997);
#2134=CIRCLE('',#5288,0.619999999999997);
#2135=CIRCLE('',#5293,0.619999999999996);
#2136=CIRCLE('',#5296,0.075);
#2137=CIRCLE('',#5297,0.075);
#2138=CIRCLE('',#5298,0.075);
#2139=CIRCLE('',#5299,0.075);
#2140=CIRCLE('',#5300,0.075);
#2141=CIRCLE('',#5301,0.075);
#2142=CIRCLE('',#5302,0.075);
#2143=CIRCLE('',#5303,0.075);
#2144=CIRCLE('',#5308,0.075);
#2145=CIRCLE('',#5309,0.075);
#2146=CIRCLE('',#5310,0.075);
#2147=CIRCLE('',#5311,0.075);
#2148=CIRCLE('',#5312,0.075);
#2149=CIRCLE('',#5313,0.075);
#2150=CIRCLE('',#5314,0.075);
#2151=CIRCLE('',#5315,0.075);
#2152=CIRCLE('',#5317,0.4);
#2153=CIRCLE('',#5318,0.4);
#2154=CIRCLE('',#5320,0.0999999999999999);
#2155=CIRCLE('',#5321,0.0999999999999996);
#2156=CIRCLE('',#5322,0.0999999999999988);
#2157=CIRCLE('',#5323,0.0999999999999996);
#2158=CIRCLE('',#5324,0.4);
#2159=CIRCLE('',#5325,0.4);
#2160=CIRCLE('',#5326,0.0999999999999988);
#2161=CIRCLE('',#5327,0.0999999999999996);
#2162=CIRCLE('',#5328,0.0999999999999996);
#2163=CIRCLE('',#5329,0.0999999999999996);
#2164=CIRCLE('',#5330,0.0999999999999996);
#2165=CIRCLE('',#5331,0.0999999999999996);
#2166=CIRCLE('',#5332,0.0999999999999996);
#2167=CIRCLE('',#5333,0.0999999999999996);
#2168=CIRCLE('',#5334,0.0999999999999996);
#2169=CIRCLE('',#5335,0.0999999999999996);
#2170=CIRCLE('',#5336,0.0999999999999996);
#2171=CIRCLE('',#5337,0.0999999999999996);
#2172=CIRCLE('',#5423,0.419999999999999);
#2173=CIRCLE('',#5424,0.419999999999996);
#2174=CIRCLE('',#5425,0.419999999999996);
#2175=CIRCLE('',#5426,0.419999999999998);
#2176=CIRCLE('',#5427,0.4);
#2177=CIRCLE('',#5428,0.4);
#2178=CIRCLE('',#5429,0.4);
#2179=CIRCLE('',#5430,0.4);
#2180=CIRCLE('',#5431,0.4);
#2181=CIRCLE('',#5432,0.27);
#2182=CIRCLE('',#5433,0.199999999999999);
#2183=CIRCLE('',#5434,0.199999999999999);
#2184=CIRCLE('',#5435,0.199999999999999);
#2185=CIRCLE('',#5436,0.27);
#2186=CIRCLE('',#5437,0.4);
#2187=CIRCLE('',#5438,0.199999999999999);
#2188=CIRCLE('',#5442,0.199999999999999);
#2189=CIRCLE('',#5445,0.4);
#2190=CIRCLE('',#5447,0.27);
#2191=CIRCLE('',#5453,0.199999999999999);
#2192=CIRCLE('',#5455,0.4);
#2193=CIRCLE('',#5458,0.27);
#2194=CIRCLE('',#5460,0.199999999999999);
#2195=CIRCLE('',#5463,0.0999999999999999);
#2196=CIRCLE('',#5466,0.0999999999999996);
#2197=CIRCLE('',#5469,0.0999999999999988);
#2198=CIRCLE('',#5472,0.0999999999999996);
#2199=CIRCLE('',#5475,0.0999999999999996);
#2200=CIRCLE('',#5478,0.0999999999999996);
#2201=CIRCLE('',#5481,0.0999999999999996);
#2202=CIRCLE('',#5484,0.0999999999999996);
#2203=CIRCLE('',#5487,0.0999999999999996);
#2204=CIRCLE('',#5490,0.0999999999999996);
#2205=CIRCLE('',#5493,0.0999999999999996);
#2206=CIRCLE('',#5496,0.0999999999999996);
#2207=CIRCLE('',#5499,0.0999999999999996);
#2208=CIRCLE('',#5502,0.0999999999999996);
#2209=CIRCLE('',#5505,0.0999999999999988);
#2210=CIRCLE('',#5508,0.0999999999999996);
#2211=CIRCLE('',#5512,0.619999999999996);
#2212=CIRCLE('',#5519,0.199999999999999);
#2213=CIRCLE('',#5531,0.419999999999996);
#2214=CIRCLE('',#5534,0.419999999999996);
#2215=CIRCLE('',#5537,0.419999999999999);
#2216=CIRCLE('',#5539,0.419999999999998);
#2217=CIRCLE('',#5541,0.619999999999997);
#2218=CIRCLE('',#5543,0.619999999999996);
#2219=VERTEX_POINT('',#6972);
#2220=VERTEX_POINT('',#6973);
#2221=VERTEX_POINT('',#6975);
#2222=VERTEX_POINT('',#6977);
#2223=VERTEX_POINT('',#6981);
#2224=VERTEX_POINT('',#6982);
#2225=VERTEX_POINT('',#6987);
#2226=VERTEX_POINT('',#6988);
#2227=VERTEX_POINT('',#6993);
#2228=VERTEX_POINT('',#6994);
#2229=VERTEX_POINT('',#6999);
#2230=VERTEX_POINT('',#7000);
#2231=VERTEX_POINT('',#7005);
#2232=VERTEX_POINT('',#7006);
#2233=VERTEX_POINT('',#7011);
#2234=VERTEX_POINT('',#7012);
#2235=VERTEX_POINT('',#7020);
#2236=VERTEX_POINT('',#7022);
#2237=VERTEX_POINT('',#7026);
#2238=VERTEX_POINT('',#7030);
#2239=VERTEX_POINT('',#7034);
#2240=VERTEX_POINT('',#7038);
#2241=VERTEX_POINT('',#7039);
#2242=VERTEX_POINT('',#7041);
#2243=VERTEX_POINT('',#7043);
#2244=VERTEX_POINT('',#7045);
#2245=VERTEX_POINT('',#7047);
#2246=VERTEX_POINT('',#7049);
#2247=VERTEX_POINT('',#7051);
#2248=VERTEX_POINT('',#7054);
#2249=VERTEX_POINT('',#7056);
#2250=VERTEX_POINT('',#7058);
#2251=VERTEX_POINT('',#7059);
#2252=VERTEX_POINT('',#7061);
#2253=VERTEX_POINT('',#7063);
#2254=VERTEX_POINT('',#7065);
#2255=VERTEX_POINT('',#7067);
#2256=VERTEX_POINT('',#7069);
#2257=VERTEX_POINT('',#7071);
#2258=VERTEX_POINT('',#7074);
#2259=VERTEX_POINT('',#7076);
#2260=VERTEX_POINT('',#7078);
#2261=VERTEX_POINT('',#7080);
#2262=VERTEX_POINT('',#7083);
#2263=VERTEX_POINT('',#7085);
#2264=VERTEX_POINT('',#7091);
#2265=VERTEX_POINT('',#7097);
#2266=VERTEX_POINT('',#7099);
#2267=VERTEX_POINT('',#7103);
#2268=VERTEX_POINT('',#7108);
#2269=VERTEX_POINT('',#7110);
#2270=VERTEX_POINT('',#7114);
#2271=VERTEX_POINT('',#7121);
#2272=VERTEX_POINT('',#7123);
#2273=VERTEX_POINT('',#7127);
#2274=VERTEX_POINT('',#7131);
#2275=VERTEX_POINT('',#7135);
#2276=VERTEX_POINT('',#7139);
#2277=VERTEX_POINT('',#7143);
#2278=VERTEX_POINT('',#7147);
#2279=VERTEX_POINT('',#7154);
#2280=VERTEX_POINT('',#7155);
#2281=VERTEX_POINT('',#7157);
#2282=VERTEX_POINT('',#7159);
#2283=VERTEX_POINT('',#7163);
#2284=VERTEX_POINT('',#7165);
#2285=VERTEX_POINT('',#7169);
#2286=VERTEX_POINT('',#7171);
#2287=VERTEX_POINT('',#7179);
#2288=VERTEX_POINT('',#7180);
#2289=VERTEX_POINT('',#7182);
#2290=VERTEX_POINT('',#7184);
#2291=VERTEX_POINT('',#7188);
#2292=VERTEX_POINT('',#7190);
#2293=VERTEX_POINT('',#7194);
#2294=VERTEX_POINT('',#7196);
#2295=VERTEX_POINT('',#7204);
#2296=VERTEX_POINT('',#7208);
#2297=VERTEX_POINT('',#7212);
#2298=VERTEX_POINT('',#7216);
#2299=VERTEX_POINT('',#7220);
#2300=VERTEX_POINT('',#7222);
#2301=VERTEX_POINT('',#7227);
#2302=VERTEX_POINT('',#7229);
#2303=VERTEX_POINT('',#7234);
#2304=VERTEX_POINT('',#7236);
#2305=VERTEX_POINT('',#7241);
#2306=VERTEX_POINT('',#7243);
#2307=VERTEX_POINT('',#7248);
#2308=VERTEX_POINT('',#7250);
#2309=VERTEX_POINT('',#7255);
#2310=VERTEX_POINT('',#7257);
#2311=VERTEX_POINT('',#7262);
#2312=VERTEX_POINT('',#7264);
#2313=VERTEX_POINT('',#7269);
#2314=VERTEX_POINT('',#7271);
#2315=VERTEX_POINT('',#7276);
#2316=VERTEX_POINT('',#7277);
#2317=VERTEX_POINT('',#7282);
#2318=VERTEX_POINT('',#7286);
#2319=VERTEX_POINT('',#7290);
#2320=VERTEX_POINT('',#7294);
#2321=VERTEX_POINT('',#7298);
#2322=VERTEX_POINT('',#7302);
#2323=VERTEX_POINT('',#7309);
#2324=VERTEX_POINT('',#7311);
#2325=VERTEX_POINT('',#7315);
#2326=VERTEX_POINT('',#7317);
#2327=VERTEX_POINT('',#7321);
#2328=VERTEX_POINT('',#7323);
#2329=VERTEX_POINT('',#7327);
#2330=VERTEX_POINT('',#7329);
#2331=VERTEX_POINT('',#7333);
#2332=VERTEX_POINT('',#7334);
#2333=VERTEX_POINT('',#7336);
#2334=VERTEX_POINT('',#7338);
#2335=VERTEX_POINT('',#7340);
#2336=VERTEX_POINT('',#7342);
#2337=VERTEX_POINT('',#7344);
#2338=VERTEX_POINT('',#7346);
#2339=VERTEX_POINT('',#7350);
#2340=VERTEX_POINT('',#7351);
#2341=VERTEX_POINT('',#7353);
#2342=VERTEX_POINT('',#7355);
#2343=VERTEX_POINT('',#7357);
#2344=VERTEX_POINT('',#7359);
#2345=VERTEX_POINT('',#7361);
#2346=VERTEX_POINT('',#7363);
#2347=VERTEX_POINT('',#7367);
#2348=VERTEX_POINT('',#7368);
#2349=VERTEX_POINT('',#7370);
#2350=VERTEX_POINT('',#7372);
#2351=VERTEX_POINT('',#7374);
#2352=VERTEX_POINT('',#7376);
#2353=VERTEX_POINT('',#7378);
#2354=VERTEX_POINT('',#7380);
#2355=VERTEX_POINT('',#7384);
#2356=VERTEX_POINT('',#7385);
#2357=VERTEX_POINT('',#7387);
#2358=VERTEX_POINT('',#7389);
#2359=VERTEX_POINT('',#7391);
#2360=VERTEX_POINT('',#7393);
#2361=VERTEX_POINT('',#7395);
#2362=VERTEX_POINT('',#7397);
#2363=VERTEX_POINT('',#7401);
#2364=VERTEX_POINT('',#7403);
#2365=VERTEX_POINT('',#7407);
#2366=VERTEX_POINT('',#7409);
#2367=VERTEX_POINT('',#7413);
#2368=VERTEX_POINT('',#7415);
#2369=VERTEX_POINT('',#7419);
#2370=VERTEX_POINT('',#7421);
#2371=VERTEX_POINT('',#7425);
#2372=VERTEX_POINT('',#7426);
#2373=VERTEX_POINT('',#7428);
#2374=VERTEX_POINT('',#7430);
#2375=VERTEX_POINT('',#7433);
#2376=VERTEX_POINT('',#7434);
#2377=VERTEX_POINT('',#7436);
#2378=VERTEX_POINT('',#7438);
#2379=VERTEX_POINT('',#7441);
#2380=VERTEX_POINT('',#7442);
#2381=VERTEX_POINT('',#7444);
#2382=VERTEX_POINT('',#7446);
#2383=VERTEX_POINT('',#7449);
#2384=VERTEX_POINT('',#7450);
#2385=VERTEX_POINT('',#7452);
#2386=VERTEX_POINT('',#7454);
#2387=VERTEX_POINT('',#7458);
#2388=VERTEX_POINT('',#7460);
#2389=VERTEX_POINT('',#7464);
#2390=VERTEX_POINT('',#7466);
#2391=VERTEX_POINT('',#7470);
#2392=VERTEX_POINT('',#7472);
#2393=VERTEX_POINT('',#7476);
#2394=VERTEX_POINT('',#7480);
#2395=VERTEX_POINT('',#7482);
#2396=VERTEX_POINT('',#7485);
#2397=VERTEX_POINT('',#7486);
#2398=VERTEX_POINT('',#7488);
#2399=VERTEX_POINT('',#7490);
#2400=VERTEX_POINT('',#7493);
#2401=VERTEX_POINT('',#7494);
#2402=VERTEX_POINT('',#7496);
#2403=VERTEX_POINT('',#7498);
#2404=VERTEX_POINT('',#7501);
#2405=VERTEX_POINT('',#7502);
#2406=VERTEX_POINT('',#7504);
#2407=VERTEX_POINT('',#7506);
#2408=VERTEX_POINT('',#7509);
#2409=VERTEX_POINT('',#7510);
#2410=VERTEX_POINT('',#7512);
#2411=VERTEX_POINT('',#7514);
#2412=VERTEX_POINT('',#7518);
#2413=VERTEX_POINT('',#7520);
#2414=VERTEX_POINT('',#7524);
#2415=VERTEX_POINT('',#7526);
#2416=VERTEX_POINT('',#7530);
#2417=VERTEX_POINT('',#7534);
#2418=VERTEX_POINT('',#7536);
#2419=VERTEX_POINT('',#7540);
#2420=VERTEX_POINT('',#7542);
#2421=VERTEX_POINT('',#7544);
#2422=VERTEX_POINT('',#7546);
#2423=VERTEX_POINT('',#7549);
#2424=VERTEX_POINT('',#7553);
#2425=VERTEX_POINT('',#7558);
#2426=VERTEX_POINT('',#7560);
#2427=VERTEX_POINT('',#7562);
#2428=VERTEX_POINT('',#7564);
#2429=VERTEX_POINT('',#7566);
#2430=VERTEX_POINT('',#7568);
#2431=VERTEX_POINT('',#7572);
#2432=VERTEX_POINT('',#7574);
#2433=VERTEX_POINT('',#7577);
#2434=VERTEX_POINT('',#7578);
#2435=VERTEX_POINT('',#7580);
#2436=VERTEX_POINT('',#7582);
#2437=VERTEX_POINT('',#7585);
#2438=VERTEX_POINT('',#7586);
#2439=VERTEX_POINT('',#7588);
#2440=VERTEX_POINT('',#7590);
#2441=VERTEX_POINT('',#7593);
#2442=VERTEX_POINT('',#7594);
#2443=VERTEX_POINT('',#7596);
#2444=VERTEX_POINT('',#7598);
#2445=VERTEX_POINT('',#7601);
#2446=VERTEX_POINT('',#7603);
#2447=VERTEX_POINT('',#7605);
#2448=VERTEX_POINT('',#7607);
#2449=VERTEX_POINT('',#7609);
#2450=VERTEX_POINT('',#7611);
#2451=VERTEX_POINT('',#7613);
#2452=VERTEX_POINT('',#7615);
#2453=VERTEX_POINT('',#7618);
#2454=VERTEX_POINT('',#7619);
#2455=VERTEX_POINT('',#7621);
#2456=VERTEX_POINT('',#7623);
#2457=VERTEX_POINT('',#7627);
#2458=VERTEX_POINT('',#7629);
#2459=VERTEX_POINT('',#7633);
#2460=VERTEX_POINT('',#7635);
#2461=VERTEX_POINT('',#7639);
#2462=VERTEX_POINT('',#7641);
#2463=VERTEX_POINT('',#7643);
#2464=VERTEX_POINT('',#7645);
#2465=VERTEX_POINT('',#7647);
#2466=VERTEX_POINT('',#7649);
#2467=VERTEX_POINT('',#7651);
#2468=VERTEX_POINT('',#7653);
#2469=VERTEX_POINT('',#7655);
#2470=VERTEX_POINT('',#7657);
#2471=VERTEX_POINT('',#7659);
#2472=VERTEX_POINT('',#7661);
#2473=VERTEX_POINT('',#7664);
#2474=VERTEX_POINT('',#7665);
#2475=VERTEX_POINT('',#7667);
#2476=VERTEX_POINT('',#7669);
#2477=VERTEX_POINT('',#7672);
#2478=VERTEX_POINT('',#7673);
#2479=VERTEX_POINT('',#7675);
#2480=VERTEX_POINT('',#7677);
#2481=VERTEX_POINT('',#7680);
#2482=VERTEX_POINT('',#7681);
#2483=VERTEX_POINT('',#7683);
#2484=VERTEX_POINT('',#7685);
#2485=VERTEX_POINT('',#7688);
#2486=VERTEX_POINT('',#7690);
#2487=VERTEX_POINT('',#7692);
#2488=VERTEX_POINT('',#7694);
#2489=VERTEX_POINT('',#7696);
#2490=VERTEX_POINT('',#7698);
#2491=VERTEX_POINT('',#7700);
#2492=VERTEX_POINT('',#7702);
#2493=VERTEX_POINT('',#7705);
#2494=VERTEX_POINT('',#7707);
#2495=VERTEX_POINT('',#7709);
#2496=VERTEX_POINT('',#7711);
#2497=VERTEX_POINT('',#7713);
#2498=VERTEX_POINT('',#7717);
#2499=VERTEX_POINT('',#7719);
#2500=VERTEX_POINT('',#7721);
#2501=VERTEX_POINT('',#7723);
#2502=VERTEX_POINT('',#7725);
#2503=VERTEX_POINT('',#7727);
#2504=VERTEX_POINT('',#7729);
#2505=VERTEX_POINT('',#7731);
#2506=VERTEX_POINT('',#7733);
#2507=VERTEX_POINT('',#7735);
#2508=VERTEX_POINT('',#7737);
#2509=VERTEX_POINT('',#7739);
#2510=VERTEX_POINT('',#7741);
#2511=VERTEX_POINT('',#7743);
#2512=VERTEX_POINT('',#7745);
#2513=VERTEX_POINT('',#7747);
#2514=VERTEX_POINT('',#7749);
#2515=VERTEX_POINT('',#7751);
#2516=VERTEX_POINT('',#7754);
#2517=VERTEX_POINT('',#7756);
#2518=VERTEX_POINT('',#7758);
#2519=VERTEX_POINT('',#7761);
#2520=VERTEX_POINT('',#7762);
#2521=VERTEX_POINT('',#7764);
#2522=VERTEX_POINT('',#7766);
#2523=VERTEX_POINT('',#7768);
#2524=VERTEX_POINT('',#7770);
#2525=VERTEX_POINT('',#7772);
#2526=VERTEX_POINT('',#7774);
#2527=VERTEX_POINT('',#7777);
#2528=VERTEX_POINT('',#7778);
#2529=VERTEX_POINT('',#7780);
#2530=VERTEX_POINT('',#7782);
#2531=VERTEX_POINT('',#7784);
#2532=VERTEX_POINT('',#7786);
#2533=VERTEX_POINT('',#7788);
#2534=VERTEX_POINT('',#7790);
#2535=VERTEX_POINT('',#7793);
#2536=VERTEX_POINT('',#7794);
#2537=VERTEX_POINT('',#7796);
#2538=VERTEX_POINT('',#7798);
#2539=VERTEX_POINT('',#7800);
#2540=VERTEX_POINT('',#7802);
#2541=VERTEX_POINT('',#7804);
#2542=VERTEX_POINT('',#7806);
#2543=VERTEX_POINT('',#7810);
#2544=VERTEX_POINT('',#7813);
#2545=VERTEX_POINT('',#7821);
#2546=VERTEX_POINT('',#7828);
#2547=VERTEX_POINT('',#7833);
#2548=VERTEX_POINT('',#7841);
#2549=VERTEX_POINT('',#7848);
#2550=VERTEX_POINT('',#7849);
#2551=VERTEX_POINT('',#7851);
#2552=VERTEX_POINT('',#7855);
#2553=VERTEX_POINT('',#7857);
#2554=VERTEX_POINT('',#7864);
#2555=VERTEX_POINT('',#7866);
#2556=VERTEX_POINT('',#7870);
#2557=VERTEX_POINT('',#7872);
#2558=VERTEX_POINT('',#7875);
#2559=VERTEX_POINT('',#7880);
#2560=VERTEX_POINT('',#7882);
#2561=VERTEX_POINT('',#7891);
#2562=VERTEX_POINT('',#7897);
#2563=VERTEX_POINT('',#7903);
#2564=VERTEX_POINT('',#7909);
#2565=VERTEX_POINT('',#7915);
#2566=VERTEX_POINT('',#7923);
#2567=VERTEX_POINT('',#7924);
#2568=VERTEX_POINT('',#7927);
#2569=VERTEX_POINT('',#7931);
#2570=VERTEX_POINT('',#7935);
#2571=VERTEX_POINT('',#7939);
#2572=VERTEX_POINT('',#7941);
#2573=VERTEX_POINT('',#7943);
#2574=VERTEX_POINT('',#7947);
#2575=VERTEX_POINT('',#7954);
#2576=VERTEX_POINT('',#7955);
#2577=VERTEX_POINT('',#7960);
#2578=VERTEX_POINT('',#7964);
#2579=VERTEX_POINT('',#7970);
#2580=VERTEX_POINT('',#7971);
#2581=VERTEX_POINT('',#7976);
#2582=VERTEX_POINT('',#7980);
#2583=VERTEX_POINT('',#7986);
#2584=VERTEX_POINT('',#7987);
#2585=VERTEX_POINT('',#7992);
#2586=VERTEX_POINT('',#7996);
#2587=VERTEX_POINT('',#8002);
#2588=VERTEX_POINT('',#8003);
#2589=VERTEX_POINT('',#8008);
#2590=VERTEX_POINT('',#8012);
#2591=VERTEX_POINT('',#8042);
#2592=VERTEX_POINT('',#8043);
#2593=VERTEX_POINT('',#8048);
#2594=VERTEX_POINT('',#8052);
#2595=VERTEX_POINT('',#8058);
#2596=VERTEX_POINT('',#8059);
#2597=VERTEX_POINT('',#8064);
#2598=VERTEX_POINT('',#8068);
#2599=VERTEX_POINT('',#8074);
#2600=VERTEX_POINT('',#8075);
#2601=VERTEX_POINT('',#8080);
#2602=VERTEX_POINT('',#8084);
#2603=VERTEX_POINT('',#8106);
#2604=VERTEX_POINT('',#8107);
#2605=VERTEX_POINT('',#8109);
#2606=VERTEX_POINT('',#8111);
#2607=VERTEX_POINT('',#8113);
#2608=VERTEX_POINT('',#8115);
#2609=VERTEX_POINT('',#8117);
#2610=VERTEX_POINT('',#8119);
#2611=VERTEX_POINT('',#8121);
#2612=VERTEX_POINT('',#8123);
#2613=VERTEX_POINT('',#8125);
#2614=VERTEX_POINT('',#8127);
#2615=VERTEX_POINT('',#8129);
#2616=VERTEX_POINT('',#8131);
#2617=VERTEX_POINT('',#8133);
#2618=VERTEX_POINT('',#8135);
#2619=VERTEX_POINT('',#8139);
#2620=VERTEX_POINT('',#8140);
#2621=VERTEX_POINT('',#8142);
#2622=VERTEX_POINT('',#8145);
#2623=VERTEX_POINT('',#8147);
#2624=VERTEX_POINT('',#8149);
#2625=VERTEX_POINT('',#8151);
#2626=VERTEX_POINT('',#8152);
#2627=VERTEX_POINT('',#8154);
#2628=VERTEX_POINT('',#8157);
#2629=VERTEX_POINT('',#8163);
#2630=VERTEX_POINT('',#8165);
#2631=VERTEX_POINT('',#8169);
#2632=VERTEX_POINT('',#8174);
#2633=VERTEX_POINT('',#8182);
#2634=VERTEX_POINT('',#8184);
#2635=VERTEX_POINT('',#8188);
#2636=VERTEX_POINT('',#8190);
#2637=VERTEX_POINT('',#8196);
#2638=VERTEX_POINT('',#8200);
#2639=VERTEX_POINT('',#8208);
#2640=VERTEX_POINT('',#8212);
#2641=VERTEX_POINT('',#8214);
#2642=VERTEX_POINT('',#8218);
#2643=VERTEX_POINT('',#8222);
#2644=VERTEX_POINT('',#8226);
#2645=VERTEX_POINT('',#8230);
#2646=VERTEX_POINT('',#8234);
#2647=VERTEX_POINT('',#8238);
#2648=VERTEX_POINT('',#8244);
#2649=VERTEX_POINT('',#8246);
#2650=VERTEX_POINT('',#8250);
#2651=VERTEX_POINT('',#8254);
#2652=VERTEX_POINT('',#8258);
#2653=VERTEX_POINT('',#8262);
#2654=VERTEX_POINT('',#8266);
#2655=VERTEX_POINT('',#8270);
#2656=VERTEX_POINT('',#8276);
#2657=VERTEX_POINT('',#8278);
#2658=VERTEX_POINT('',#8282);
#2659=VERTEX_POINT('',#8286);
#2660=VERTEX_POINT('',#8290);
#2661=VERTEX_POINT('',#8294);
#2662=VERTEX_POINT('',#8298);
#2663=VERTEX_POINT('',#8302);
#2664=VERTEX_POINT('',#8308);
#2665=VERTEX_POINT('',#8310);
#2666=VERTEX_POINT('',#8314);
#2667=VERTEX_POINT('',#8318);
#2668=VERTEX_POINT('',#8322);
#2669=VERTEX_POINT('',#8326);
#2670=VERTEX_POINT('',#8330);
#2671=VERTEX_POINT('',#8334);
#2672=VERTEX_POINT('',#8340);
#2673=VERTEX_POINT('',#8342);
#2674=VERTEX_POINT('',#8346);
#2675=VERTEX_POINT('',#8348);
#2676=VERTEX_POINT('',#8353);
#2677=VERTEX_POINT('',#8355);
#2678=VERTEX_POINT('',#8366);
#2679=VERTEX_POINT('',#8382);
#2680=VERTEX_POINT('',#8384);
#2681=VERTEX_POINT('',#8388);
#2682=VERTEX_POINT('',#8392);
#2683=VERTEX_POINT('',#8396);
#2684=VERTEX_POINT('',#8400);
#2685=EDGE_CURVE('',#2219,#2220,#2039,.T.);
#2686=EDGE_CURVE('',#2220,#2221,#2040,.T.);
#2687=EDGE_CURVE('',#2221,#2222,#2041,.T.);
#2688=EDGE_CURVE('',#2222,#2219,#2042,.T.);
#2689=EDGE_CURVE('',#2223,#2224,#2043,.T.);
#2690=EDGE_CURVE('',#2224,#2222,#275,.T.);
#2691=EDGE_CURVE('',#2221,#2223,#276,.T.);
#2692=EDGE_CURVE('',#2225,#2226,#2044,.T.);
#2693=EDGE_CURVE('',#2226,#2224,#2045,.T.);
#2694=EDGE_CURVE('',#2223,#2225,#2046,.T.);
#2695=EDGE_CURVE('',#2227,#2228,#2047,.T.);
#2696=EDGE_CURVE('',#2228,#2226,#277,.T.);
#2697=EDGE_CURVE('',#2225,#2227,#278,.T.);
#2698=EDGE_CURVE('',#2229,#2230,#2048,.T.);
#2699=EDGE_CURVE('',#2230,#2228,#2049,.T.);
#2700=EDGE_CURVE('',#2227,#2229,#2050,.T.);
#2701=EDGE_CURVE('',#2231,#2232,#2051,.T.);
#2702=EDGE_CURVE('',#2232,#2230,#279,.T.);
#2703=EDGE_CURVE('',#2229,#2231,#280,.T.);
#2704=EDGE_CURVE('',#2233,#2234,#2052,.T.);
#2705=EDGE_CURVE('',#2234,#2232,#2053,.T.);
#2706=EDGE_CURVE('',#2231,#2233,#2054,.T.);
#2707=EDGE_CURVE('',#2233,#2220,#281,.T.);
#2708=EDGE_CURVE('',#2219,#2234,#282,.T.);
#2709=EDGE_CURVE('',#2235,#2232,#283,.T.);
#2710=EDGE_CURVE('',#2236,#2235,#284,.T.);
#2711=EDGE_CURVE('',#2230,#2236,#285,.T.);
#2712=EDGE_CURVE('',#2234,#2237,#286,.T.);
#2713=EDGE_CURVE('',#2237,#2235,#2055,.T.);
#2714=EDGE_CURVE('',#2238,#2219,#287,.T.);
#2715=EDGE_CURVE('',#2237,#2238,#288,.T.);
#2716=EDGE_CURVE('',#2222,#2239,#289,.T.);
#2717=EDGE_CURVE('',#2239,#2238,#2056,.T.);
#2718=EDGE_CURVE('',#2240,#2241,#2057,.T.);
#2719=EDGE_CURVE('',#2241,#2242,#290,.T.);
#2720=EDGE_CURVE('',#2242,#2243,#2058,.T.);
#2721=EDGE_CURVE('',#2243,#2244,#291,.T.);
#2722=EDGE_CURVE('',#2244,#2245,#2059,.T.);
#2723=EDGE_CURVE('',#2245,#2246,#292,.T.);
#2724=EDGE_CURVE('',#2246,#2247,#2060,.T.);
#2725=EDGE_CURVE('',#2247,#2240,#293,.T.);
#2726=EDGE_CURVE('',#2248,#2248,#2061,.T.);
#2727=EDGE_CURVE('',#2249,#2249,#2062,.T.);
#2728=EDGE_CURVE('',#2250,#2251,#294,.T.);
#2729=EDGE_CURVE('',#2251,#2252,#2063,.T.);
#2730=EDGE_CURVE('',#2252,#2253,#295,.T.);
#2731=EDGE_CURVE('',#2253,#2254,#2064,.T.);
#2732=EDGE_CURVE('',#2254,#2255,#296,.T.);
#2733=EDGE_CURVE('',#2255,#2256,#2065,.T.);
#2734=EDGE_CURVE('',#2256,#2257,#297,.T.);
#2735=EDGE_CURVE('',#2257,#2250,#2066,.T.);
#2736=EDGE_CURVE('',#2258,#2258,#2067,.T.);
#2737=EDGE_CURVE('',#2259,#2259,#2068,.T.);
#2738=EDGE_CURVE('',#2260,#2260,#2069,.T.);
#2739=EDGE_CURVE('',#2261,#2261,#2070,.T.);
#2740=EDGE_CURVE('',#2226,#2262,#298,.T.);
#2741=EDGE_CURVE('',#2262,#2263,#2071,.T.);
#2742=EDGE_CURVE('',#2263,#2224,#299,.T.);
#2743=EDGE_CURVE('',#2239,#2263,#300,.T.);
#2744=EDGE_CURVE('',#2236,#2264,#2072,.T.);
#2745=EDGE_CURVE('',#2264,#2228,#301,.T.);
#2746=EDGE_CURVE('',#2262,#2264,#302,.T.);
#2747=EDGE_CURVE('',#2265,#2265,#2073,.T.);
#2748=EDGE_CURVE('',#2265,#2266,#303,.T.);
#2749=EDGE_CURVE('',#2266,#2266,#2074,.T.);
#2750=EDGE_CURVE('',#2248,#2267,#304,.T.);
#2751=EDGE_CURVE('',#2267,#2267,#2075,.T.);
#2752=EDGE_CURVE('',#2268,#2268,#2076,.T.);
#2753=EDGE_CURVE('',#2268,#2269,#305,.T.);
#2754=EDGE_CURVE('',#2269,#2269,#2077,.T.);
#2755=EDGE_CURVE('',#2249,#2270,#306,.T.);
#2756=EDGE_CURVE('',#2270,#2270,#2078,.T.);
#2757=EDGE_CURVE('',#2250,#2271,#307,.T.);
#2758=EDGE_CURVE('',#2271,#2272,#308,.T.);
#2759=EDGE_CURVE('',#2251,#2272,#309,.T.);
#2760=EDGE_CURVE('',#2257,#2273,#310,.T.);
#2761=EDGE_CURVE('',#2273,#2271,#2079,.T.);
#2762=EDGE_CURVE('',#2256,#2274,#311,.T.);
#2763=EDGE_CURVE('',#2274,#2273,#312,.T.);
#2764=EDGE_CURVE('',#2255,#2275,#313,.T.);
#2765=EDGE_CURVE('',#2275,#2274,#2080,.T.);
#2766=EDGE_CURVE('',#2254,#2276,#314,.T.);
#2767=EDGE_CURVE('',#2276,#2275,#315,.T.);
#2768=EDGE_CURVE('',#2253,#2277,#316,.T.);
#2769=EDGE_CURVE('',#2277,#2276,#2081,.T.);
#2770=EDGE_CURVE('',#2252,#2278,#317,.T.);
#2771=EDGE_CURVE('',#2278,#2277,#318,.T.);
#2772=EDGE_CURVE('',#2272,#2278,#2082,.T.);
#2773=EDGE_CURVE('',#2279,#2280,#319,.T.);
#2774=EDGE_CURVE('',#2279,#2281,#320,.T.);
#2775=EDGE_CURVE('',#2281,#2282,#321,.T.);
#2776=EDGE_CURVE('',#2280,#2282,#322,.T.);
#2777=EDGE_CURVE('',#2283,#2279,#323,.T.);
#2778=EDGE_CURVE('',#2283,#2284,#324,.T.);
#2779=EDGE_CURVE('',#2284,#2281,#325,.T.);
#2780=EDGE_CURVE('',#2285,#2283,#326,.T.);
#2781=EDGE_CURVE('',#2285,#2286,#327,.T.);
#2782=EDGE_CURVE('',#2286,#2284,#328,.T.);
#2783=EDGE_CURVE('',#2280,#2285,#329,.T.);
#2784=EDGE_CURVE('',#2282,#2286,#330,.T.);
#2785=EDGE_CURVE('',#2287,#2288,#331,.T.);
#2786=EDGE_CURVE('',#2287,#2289,#332,.T.);
#2787=EDGE_CURVE('',#2289,#2290,#333,.T.);
#2788=EDGE_CURVE('',#2288,#2290,#334,.T.);
#2789=EDGE_CURVE('',#2291,#2287,#335,.T.);
#2790=EDGE_CURVE('',#2291,#2292,#336,.T.);
#2791=EDGE_CURVE('',#2292,#2289,#337,.T.);
#2792=EDGE_CURVE('',#2293,#2291,#338,.T.);
#2793=EDGE_CURVE('',#2293,#2294,#339,.T.);
#2794=EDGE_CURVE('',#2294,#2292,#340,.T.);
#2795=EDGE_CURVE('',#2288,#2293,#341,.T.);
#2796=EDGE_CURVE('',#2290,#2294,#342,.T.);
#2797=EDGE_CURVE('',#2295,#2295,#2083,.T.);
#2798=EDGE_CURVE('',#2295,#2258,#343,.T.);
#2799=EDGE_CURVE('',#2296,#2296,#2084,.T.);
#2800=EDGE_CURVE('',#2296,#2259,#344,.T.);
#2801=EDGE_CURVE('',#2297,#2297,#2085,.T.);
#2802=EDGE_CURVE('',#2297,#2260,#345,.T.);
#2803=EDGE_CURVE('',#2298,#2298,#2086,.T.);
#2804=EDGE_CURVE('',#2298,#2261,#346,.T.);
#2805=EDGE_CURVE('',#2299,#2299,#2087,.T.);
#2806=EDGE_CURVE('',#2299,#2300,#347,.T.);
#2807=EDGE_CURVE('',#2300,#2300,#2088,.T.);
#2808=EDGE_CURVE('',#2301,#2301,#2089,.T.);
#2809=EDGE_CURVE('',#2301,#2302,#348,.T.);
#2810=EDGE_CURVE('',#2302,#2302,#2090,.T.);
#2811=EDGE_CURVE('',#2303,#2303,#2091,.T.);
#2812=EDGE_CURVE('',#2303,#2304,#349,.T.);
#2813=EDGE_CURVE('',#2304,#2304,#2092,.T.);
#2814=EDGE_CURVE('',#2305,#2305,#2093,.T.);
#2815=EDGE_CURVE('',#2305,#2306,#350,.T.);
#2816=EDGE_CURVE('',#2306,#2306,#2094,.T.);
#2817=EDGE_CURVE('',#2307,#2307,#2095,.T.);
#2818=EDGE_CURVE('',#2307,#2308,#351,.T.);
#2819=EDGE_CURVE('',#2308,#2308,#2096,.T.);
#2820=EDGE_CURVE('',#2309,#2309,#2097,.T.);
#2821=EDGE_CURVE('',#2309,#2310,#352,.T.);
#2822=EDGE_CURVE('',#2310,#2310,#2098,.T.);
#2823=EDGE_CURVE('',#2311,#2311,#2099,.T.);
#2824=EDGE_CURVE('',#2311,#2312,#353,.T.);
#2825=EDGE_CURVE('',#2312,#2312,#2100,.T.);
#2826=EDGE_CURVE('',#2313,#2313,#2101,.T.);
#2827=EDGE_CURVE('',#2313,#2314,#354,.T.);
#2828=EDGE_CURVE('',#2314,#2314,#2102,.T.);
#2829=EDGE_CURVE('',#2315,#2316,#355,.T.);
#2830=EDGE_CURVE('',#2316,#2240,#356,.T.);
#2831=EDGE_CURVE('',#2315,#2247,#357,.T.);
#2832=EDGE_CURVE('',#2317,#2315,#2103,.T.);
#2833=EDGE_CURVE('',#2317,#2246,#358,.T.);
#2834=EDGE_CURVE('',#2318,#2317,#359,.T.);
#2835=EDGE_CURVE('',#2318,#2245,#360,.T.);
#2836=EDGE_CURVE('',#2319,#2318,#2104,.T.);
#2837=EDGE_CURVE('',#2319,#2244,#361,.T.);
#2838=EDGE_CURVE('',#2320,#2319,#362,.T.);
#2839=EDGE_CURVE('',#2320,#2243,#363,.T.);
#2840=EDGE_CURVE('',#2321,#2320,#2105,.T.);
#2841=EDGE_CURVE('',#2321,#2242,#364,.T.);
#2842=EDGE_CURVE('',#2322,#2321,#365,.T.);
#2843=EDGE_CURVE('',#2322,#2241,#366,.T.);
#2844=EDGE_CURVE('',#2316,#2322,#2106,.T.);
#2845=EDGE_CURVE('',#2323,#2323,#2107,.T.);
#2846=EDGE_CURVE('',#2323,#2324,#367,.T.);
#2847=EDGE_CURVE('',#2324,#2324,#2108,.T.);
#2848=EDGE_CURVE('',#2325,#2325,#2109,.T.);
#2849=EDGE_CURVE('',#2325,#2326,#368,.T.);
#2850=EDGE_CURVE('',#2326,#2326,#2110,.T.);
#2851=EDGE_CURVE('',#2327,#2327,#2111,.T.);
#2852=EDGE_CURVE('',#2327,#2328,#369,.T.);
#2853=EDGE_CURVE('',#2328,#2328,#2112,.T.);
#2854=EDGE_CURVE('',#2329,#2329,#2113,.T.);
#2855=EDGE_CURVE('',#2329,#2330,#370,.T.);
#2856=EDGE_CURVE('',#2330,#2330,#2114,.T.);
#2857=EDGE_CURVE('',#2331,#2332,#371,.T.);
#2858=EDGE_CURVE('',#2333,#2331,#372,.T.);
#2859=EDGE_CURVE('',#2334,#2333,#2115,.T.);
#2860=EDGE_CURVE('',#2335,#2334,#373,.T.);
#2861=EDGE_CURVE('',#2336,#2335,#374,.T.);
#2862=EDGE_CURVE('',#2337,#2336,#375,.T.);
#2863=EDGE_CURVE('',#2338,#2337,#2116,.T.);
#2864=EDGE_CURVE('',#2332,#2338,#376,.T.);
#2865=EDGE_CURVE('',#2339,#2340,#377,.T.);
#2866=EDGE_CURVE('',#2341,#2339,#378,.T.);
#2867=EDGE_CURVE('',#2342,#2341,#2117,.T.);
#2868=EDGE_CURVE('',#2343,#2342,#379,.T.);
#2869=EDGE_CURVE('',#2344,#2343,#380,.T.);
#2870=EDGE_CURVE('',#2345,#2344,#381,.T.);
#2871=EDGE_CURVE('',#2346,#2345,#2118,.T.);
#2872=EDGE_CURVE('',#2340,#2346,#382,.T.);
#2873=EDGE_CURVE('',#2347,#2348,#383,.T.);
#2874=EDGE_CURVE('',#2349,#2347,#384,.T.);
#2875=EDGE_CURVE('',#2350,#2349,#2119,.T.);
#2876=EDGE_CURVE('',#2351,#2350,#385,.T.);
#2877=EDGE_CURVE('',#2352,#2351,#386,.T.);
#2878=EDGE_CURVE('',#2353,#2352,#387,.T.);
#2879=EDGE_CURVE('',#2354,#2353,#2120,.T.);
#2880=EDGE_CURVE('',#2348,#2354,#388,.T.);
#2881=EDGE_CURVE('',#2355,#2356,#389,.T.);
#2882=EDGE_CURVE('',#2357,#2355,#390,.T.);
#2883=EDGE_CURVE('',#2358,#2357,#2121,.T.);
#2884=EDGE_CURVE('',#2359,#2358,#391,.T.);
#2885=EDGE_CURVE('',#2360,#2359,#392,.T.);
#2886=EDGE_CURVE('',#2361,#2360,#393,.T.);
#2887=EDGE_CURVE('',#2362,#2361,#2122,.T.);
#2888=EDGE_CURVE('',#2356,#2362,#394,.T.);
#2889=EDGE_CURVE('',#2341,#2363,#395,.T.);
#2890=EDGE_CURVE('',#2364,#2363,#2123,.T.);
#2891=EDGE_CURVE('',#2342,#2364,#396,.T.);
#2892=EDGE_CURVE('',#2333,#2365,#397,.T.);
#2893=EDGE_CURVE('',#2366,#2365,#2124,.T.);
#2894=EDGE_CURVE('',#2334,#2366,#398,.T.);
#2895=EDGE_CURVE('',#2353,#2367,#399,.T.);
#2896=EDGE_CURVE('',#2368,#2367,#2125,.T.);
#2897=EDGE_CURVE('',#2354,#2368,#400,.T.);
#2898=EDGE_CURVE('',#2361,#2369,#401,.T.);
#2899=EDGE_CURVE('',#2370,#2369,#2126,.T.);
#2900=EDGE_CURVE('',#2362,#2370,#402,.T.);
#2901=EDGE_CURVE('',#2371,#2372,#403,.T.);
#2902=EDGE_CURVE('',#2373,#2372,#404,.T.);
#2903=EDGE_CURVE('',#2374,#2373,#405,.T.);
#2904=EDGE_CURVE('',#2371,#2374,#406,.T.);
#2905=EDGE_CURVE('',#2375,#2376,#407,.T.);
#2906=EDGE_CURVE('',#2376,#2377,#408,.T.);
#2907=EDGE_CURVE('',#2377,#2378,#409,.T.);
#2908=EDGE_CURVE('',#2378,#2375,#410,.T.);
#2909=EDGE_CURVE('',#2379,#2380,#411,.T.);
#2910=EDGE_CURVE('',#2380,#2381,#412,.T.);
#2911=EDGE_CURVE('',#2381,#2382,#413,.T.);
#2912=EDGE_CURVE('',#2382,#2379,#414,.T.);
#2913=EDGE_CURVE('',#2383,#2384,#415,.T.);
#2914=EDGE_CURVE('',#2384,#2385,#416,.T.);
#2915=EDGE_CURVE('',#2385,#2386,#417,.T.);
#2916=EDGE_CURVE('',#2386,#2383,#418,.T.);
#2917=EDGE_CURVE('',#2372,#2387,#2127,.T.);
#2918=EDGE_CURVE('',#2387,#2388,#419,.T.);
#2919=EDGE_CURVE('',#2373,#2388,#2128,.T.);
#2920=EDGE_CURVE('',#2389,#2371,#2129,.T.);
#2921=EDGE_CURVE('',#2390,#2374,#2130,.T.);
#2922=EDGE_CURVE('',#2389,#2390,#420,.T.);
#2923=EDGE_CURVE('',#2391,#2345,#421,.T.);
#2924=EDGE_CURVE('',#2392,#2391,#2131,.T.);
#2925=EDGE_CURVE('',#2392,#2346,#422,.T.);
#2926=EDGE_CURVE('',#2343,#2393,#423,.T.);
#2927=EDGE_CURVE('',#2344,#2393,#424,.T.);
#2928=EDGE_CURVE('',#2387,#2394,#425,.T.);
#2929=EDGE_CURVE('',#2394,#2395,#426,.T.);
#2930=EDGE_CURVE('',#2388,#2395,#427,.T.);
#2931=EDGE_CURVE('',#2396,#2397,#428,.T.);
#2932=EDGE_CURVE('',#2397,#2398,#429,.T.);
#2933=EDGE_CURVE('',#2398,#2399,#430,.T.);
#2934=EDGE_CURVE('',#2399,#2396,#431,.T.);
#2935=EDGE_CURVE('',#2400,#2401,#432,.T.);
#2936=EDGE_CURVE('',#2401,#2402,#433,.T.);
#2937=EDGE_CURVE('',#2402,#2403,#434,.T.);
#2938=EDGE_CURVE('',#2403,#2400,#435,.T.);
#2939=EDGE_CURVE('',#2404,#2405,#436,.T.);
#2940=EDGE_CURVE('',#2405,#2406,#437,.T.);
#2941=EDGE_CURVE('',#2406,#2407,#438,.T.);
#2942=EDGE_CURVE('',#2407,#2404,#439,.T.);
#2943=EDGE_CURVE('',#2408,#2409,#440,.T.);
#2944=EDGE_CURVE('',#2409,#2410,#441,.T.);
#2945=EDGE_CURVE('',#2410,#2411,#442,.T.);
#2946=EDGE_CURVE('',#2411,#2408,#443,.T.);
#2947=EDGE_CURVE('',#2412,#2349,#444,.T.);
#2948=EDGE_CURVE('',#2413,#2412,#2132,.T.);
#2949=EDGE_CURVE('',#2413,#2350,#445,.T.);
#2950=EDGE_CURVE('',#2394,#2414,#2133,.T.);
#2951=EDGE_CURVE('',#2414,#2415,#446,.T.);
#2952=EDGE_CURVE('',#2395,#2415,#2134,.T.);
#2953=EDGE_CURVE('',#2416,#2332,#447,.T.);
#2954=EDGE_CURVE('',#2416,#2331,#448,.T.);
#2955=EDGE_CURVE('',#2417,#2389,#449,.T.);
#2956=EDGE_CURVE('',#2418,#2390,#450,.T.);
#2957=EDGE_CURVE('',#2417,#2418,#451,.T.);
#2958=EDGE_CURVE('',#2393,#2419,#452,.T.);
#2959=EDGE_CURVE('',#2419,#2420,#453,.T.);
#2960=EDGE_CURVE('',#2420,#2421,#454,.T.);
#2961=EDGE_CURVE('',#2421,#2422,#455,.T.);
#2962=EDGE_CURVE('',#2422,#2416,#456,.T.);
#2963=EDGE_CURVE('',#2423,#2338,#457,.T.);
#2964=EDGE_CURVE('',#2391,#2423,#458,.T.);
#2965=EDGE_CURVE('',#2424,#2337,#459,.T.);
#2966=EDGE_CURVE('',#2423,#2424,#2135,.T.);
#2967=EDGE_CURVE('',#2424,#2413,#460,.T.);
#2968=EDGE_CURVE('',#2336,#2425,#461,.T.);
#2969=EDGE_CURVE('',#2425,#2426,#462,.T.);
#2970=EDGE_CURVE('',#2426,#2427,#463,.T.);
#2971=EDGE_CURVE('',#2427,#2428,#464,.T.);
#2972=EDGE_CURVE('',#2428,#2429,#465,.T.);
#2973=EDGE_CURVE('',#2429,#2430,#466,.T.);
#2974=EDGE_CURVE('',#2430,#2351,#467,.T.);
#2975=EDGE_CURVE('',#2414,#2431,#468,.T.);
#2976=EDGE_CURVE('',#2431,#2432,#469,.T.);
#2977=EDGE_CURVE('',#2415,#2432,#470,.T.);
#2978=EDGE_CURVE('',#2433,#2434,#471,.T.);
#2979=EDGE_CURVE('',#2434,#2435,#472,.T.);
#2980=EDGE_CURVE('',#2435,#2436,#473,.T.);
#2981=EDGE_CURVE('',#2436,#2433,#474,.T.);
#2982=EDGE_CURVE('',#2437,#2438,#475,.T.);
#2983=EDGE_CURVE('',#2438,#2439,#476,.T.);
#2984=EDGE_CURVE('',#2439,#2440,#477,.T.);
#2985=EDGE_CURVE('',#2440,#2437,#478,.T.);
#2986=EDGE_CURVE('',#2441,#2442,#479,.T.);
#2987=EDGE_CURVE('',#2442,#2443,#480,.T.);
#2988=EDGE_CURVE('',#2443,#2444,#481,.T.);
#2989=EDGE_CURVE('',#2444,#2441,#482,.T.);
#2990=EDGE_CURVE('',#2445,#2445,#2136,.T.);
#2991=EDGE_CURVE('',#2446,#2446,#2137,.T.);
#2992=EDGE_CURVE('',#2447,#2447,#2138,.T.);
#2993=EDGE_CURVE('',#2448,#2448,#2139,.T.);
#2994=EDGE_CURVE('',#2449,#2449,#2140,.T.);
#2995=EDGE_CURVE('',#2450,#2450,#2141,.T.);
#2996=EDGE_CURVE('',#2451,#2451,#2142,.T.);
#2997=EDGE_CURVE('',#2452,#2452,#2143,.T.);
#2998=EDGE_CURVE('',#2453,#2454,#483,.T.);
#2999=EDGE_CURVE('',#2455,#2453,#484,.T.);
#3000=EDGE_CURVE('',#2456,#2455,#485,.T.);
#3001=EDGE_CURVE('',#2454,#2456,#486,.T.);
#3002=EDGE_CURVE('',#2454,#2457,#487,.T.);
#3003=EDGE_CURVE('',#2458,#2456,#488,.T.);
#3004=EDGE_CURVE('',#2458,#2457,#489,.T.);
#3005=EDGE_CURVE('',#2457,#2459,#490,.T.);
#3006=EDGE_CURVE('',#2460,#2458,#491,.T.);
#3007=EDGE_CURVE('',#2459,#2460,#492,.T.);
#3008=EDGE_CURVE('',#2455,#2461,#493,.T.);
#3009=EDGE_CURVE('',#2461,#2462,#494,.T.);
#3010=EDGE_CURVE('',#2463,#2462,#495,.T.);
#3011=EDGE_CURVE('',#2463,#2464,#496,.T.);
#3012=EDGE_CURVE('',#2464,#2465,#497,.T.);
#3013=EDGE_CURVE('',#2465,#2466,#498,.T.);
#3014=EDGE_CURVE('',#2466,#2467,#499,.T.);
#3015=EDGE_CURVE('',#2467,#2468,#500,.T.);
#3016=EDGE_CURVE('',#2468,#2469,#501,.T.);
#3017=EDGE_CURVE('',#2469,#2470,#502,.T.);
#3018=EDGE_CURVE('',#2470,#2471,#503,.T.);
#3019=EDGE_CURVE('',#2471,#2472,#504,.T.);
#3020=EDGE_CURVE('',#2472,#2460,#505,.T.);
#3021=EDGE_CURVE('',#2473,#2474,#506,.T.);
#3022=EDGE_CURVE('',#2474,#2475,#507,.T.);
#3023=EDGE_CURVE('',#2475,#2476,#508,.T.);
#3024=EDGE_CURVE('',#2476,#2473,#509,.T.);
#3025=EDGE_CURVE('',#2477,#2478,#510,.T.);
#3026=EDGE_CURVE('',#2478,#2479,#511,.T.);
#3027=EDGE_CURVE('',#2479,#2480,#512,.T.);
#3028=EDGE_CURVE('',#2480,#2477,#513,.T.);
#3029=EDGE_CURVE('',#2481,#2482,#514,.T.);
#3030=EDGE_CURVE('',#2482,#2483,#515,.T.);
#3031=EDGE_CURVE('',#2483,#2484,#516,.T.);
#3032=EDGE_CURVE('',#2484,#2481,#517,.T.);
#3033=EDGE_CURVE('',#2485,#2485,#2144,.T.);
#3034=EDGE_CURVE('',#2486,#2486,#2145,.T.);
#3035=EDGE_CURVE('',#2487,#2487,#2146,.T.);
#3036=EDGE_CURVE('',#2488,#2488,#2147,.T.);
#3037=EDGE_CURVE('',#2489,#2489,#2148,.T.);
#3038=EDGE_CURVE('',#2490,#2490,#2149,.T.);
#3039=EDGE_CURVE('',#2491,#2491,#2150,.T.);
#3040=EDGE_CURVE('',#2492,#2492,#2151,.T.);
#3041=EDGE_CURVE('',#2493,#2453,#518,.T.);
#3042=EDGE_CURVE('',#2493,#2494,#2152,.T.);
#3043=EDGE_CURVE('',#2494,#2495,#519,.T.);
#3044=EDGE_CURVE('',#2496,#2495,#520,.T.);
#3045=EDGE_CURVE('',#2496,#2497,#521,.T.);
#3046=EDGE_CURVE('',#2497,#2461,#2153,.T.);
#3047=EDGE_CURVE('',#2472,#2498,#522,.T.);
#3048=EDGE_CURVE('',#2498,#2499,#523,.T.);
#3049=EDGE_CURVE('',#2499,#2500,#2154,.T.);
#3050=EDGE_CURVE('',#2500,#2501,#524,.T.);
#3051=EDGE_CURVE('',#2501,#2502,#2155,.T.);
#3052=EDGE_CURVE('',#2502,#2503,#525,.T.);
#3053=EDGE_CURVE('',#2503,#2504,#526,.T.);
#3054=EDGE_CURVE('',#2504,#2505,#527,.T.);
#3055=EDGE_CURVE('',#2505,#2506,#528,.T.);
#3056=EDGE_CURVE('',#2506,#2507,#529,.T.);
#3057=EDGE_CURVE('',#2507,#2508,#530,.T.);
#3058=EDGE_CURVE('',#2508,#2509,#531,.T.);
#3059=EDGE_CURVE('',#2509,#2510,#532,.T.);
#3060=EDGE_CURVE('',#2510,#2511,#533,.T.);
#3061=EDGE_CURVE('',#2511,#2512,#2156,.T.);
#3062=EDGE_CURVE('',#2512,#2513,#534,.T.);
#3063=EDGE_CURVE('',#2513,#2514,#2157,.T.);
#3064=EDGE_CURVE('',#2514,#2515,#535,.T.);
#3065=EDGE_CURVE('',#2515,#2465,#536,.T.);
#3066=EDGE_CURVE('',#2464,#2516,#2158,.T.);
#3067=EDGE_CURVE('',#2517,#2516,#537,.T.);
#3068=EDGE_CURVE('',#2517,#2518,#2159,.T.);
#3069=EDGE_CURVE('',#2459,#2518,#538,.T.);
#3070=EDGE_CURVE('',#2519,#2520,#539,.T.);
#3071=EDGE_CURVE('',#2520,#2521,#2160,.T.);
#3072=EDGE_CURVE('',#2521,#2522,#540,.T.);
#3073=EDGE_CURVE('',#2522,#2523,#2161,.T.);
#3074=EDGE_CURVE('',#2523,#2524,#541,.T.);
#3075=EDGE_CURVE('',#2524,#2525,#2162,.T.);
#3076=EDGE_CURVE('',#2525,#2526,#542,.T.);
#3077=EDGE_CURVE('',#2526,#2519,#2163,.T.);
#3078=EDGE_CURVE('',#2527,#2528,#543,.T.);
#3079=EDGE_CURVE('',#2528,#2529,#2164,.T.);
#3080=EDGE_CURVE('',#2529,#2530,#544,.T.);
#3081=EDGE_CURVE('',#2530,#2531,#2165,.T.);
#3082=EDGE_CURVE('',#2531,#2532,#545,.T.);
#3083=EDGE_CURVE('',#2532,#2533,#2166,.T.);
#3084=EDGE_CURVE('',#2533,#2534,#546,.T.);
#3085=EDGE_CURVE('',#2534,#2527,#2167,.T.);
#3086=EDGE_CURVE('',#2535,#2536,#547,.T.);
#3087=EDGE_CURVE('',#2536,#2537,#2168,.T.);
#3088=EDGE_CURVE('',#2537,#2538,#548,.T.);
#3089=EDGE_CURVE('',#2538,#2539,#2169,.T.);
#3090=EDGE_CURVE('',#2539,#2540,#549,.T.);
#3091=EDGE_CURVE('',#2540,#2541,#2170,.T.);
#3092=EDGE_CURVE('',#2541,#2542,#550,.T.);
#3093=EDGE_CURVE('',#2542,#2535,#2171,.T.);
#3094=EDGE_CURVE('',#2543,#2467,#551,.T.);
#3095=EDGE_CURVE('',#2508,#2543,#552,.T.);
#3096=EDGE_CURVE('',#2507,#2544,#553,.T.);
#3097=EDGE_CURVE('',#2468,#2544,#554,.T.);
#3098=EDGE_CURVE('',#2515,#2544,#555,.T.);
#3099=EDGE_CURVE('',#2507,#2510,#556,.T.);
#3100=EDGE_CURVE('',#2515,#2510,#557,.T.);
#3101=EDGE_CURVE('',#2509,#2545,#558,.T.);
#3102=EDGE_CURVE('',#2466,#2545,#559,.T.);
#3103=EDGE_CURVE('',#2545,#2543,#560,.T.);
#3104=EDGE_CURVE('',#2544,#2546,#561,.T.);
#3105=EDGE_CURVE('',#2546,#2469,#562,.T.);
#3106=EDGE_CURVE('',#2546,#2506,#563,.T.);
#3107=EDGE_CURVE('',#2505,#2547,#564,.T.);
#3108=EDGE_CURVE('',#2470,#2547,#565,.T.);
#3109=EDGE_CURVE('',#2546,#2498,#566,.T.);
#3110=EDGE_CURVE('',#2503,#2498,#567,.T.);
#3111=EDGE_CURVE('',#2503,#2506,#568,.T.);
#3112=EDGE_CURVE('',#2548,#2471,#569,.T.);
#3113=EDGE_CURVE('',#2504,#2548,#570,.T.);
#3114=EDGE_CURVE('',#2547,#2548,#571,.T.);
#3115=EDGE_CURVE('',#2549,#2550,#572,.T.);
#3116=EDGE_CURVE('',#2551,#2549,#573,.T.);
#3117=EDGE_CURVE('',#2551,#2550,#574,.T.);
#3118=EDGE_CURVE('',#2550,#2552,#575,.T.);
#3119=EDGE_CURVE('',#2553,#2551,#576,.T.);
#3120=EDGE_CURVE('',#2553,#2339,#577,.T.);
#3121=EDGE_CURVE('',#2552,#2339,#578,.T.);
#3122=EDGE_CURVE('',#2552,#2340,#579,.T.);
#3123=EDGE_CURVE('',#2554,#2549,#580,.T.);
#3124=EDGE_CURVE('',#2554,#2555,#581,.T.);
#3125=EDGE_CURVE('',#2551,#2555,#582,.T.);
#3126=EDGE_CURVE('',#2355,#2556,#583,.T.);
#3127=EDGE_CURVE('',#2556,#2557,#584,.T.);
#3128=EDGE_CURVE('',#2557,#2554,#585,.T.);
#3129=EDGE_CURVE('',#2558,#2392,#586,.T.);
#3130=EDGE_CURVE('',#2357,#2558,#587,.T.);
#3131=EDGE_CURVE('',#2335,#2425,#588,.T.);
#3132=EDGE_CURVE('',#2559,#2335,#589,.T.);
#3133=EDGE_CURVE('',#2560,#2559,#590,.T.);
#3134=EDGE_CURVE('',#2426,#2560,#591,.T.);
#3135=EDGE_CURVE('',#2427,#2560,#592,.T.);
#3136=EDGE_CURVE('',#2356,#2556,#593,.T.);
#3137=EDGE_CURVE('',#2356,#2561,#594,.T.);
#3138=EDGE_CURVE('',#2555,#2561,#595,.T.);
#3139=EDGE_CURVE('',#2557,#2555,#596,.T.);
#3140=EDGE_CURVE('',#2562,#2428,#597,.T.);
#3141=EDGE_CURVE('',#2562,#2429,#598,.T.);
#3142=EDGE_CURVE('',#2430,#2352,#599,.T.);
#3143=EDGE_CURVE('',#2563,#2562,#600,.T.);
#3144=EDGE_CURVE('',#2352,#2563,#601,.T.);
#3145=EDGE_CURVE('',#2562,#2560,#602,.T.);
#3146=EDGE_CURVE('',#2564,#2422,#603,.T.);
#3147=EDGE_CURVE('',#2564,#2331,#604,.T.);
#3148=EDGE_CURVE('',#2564,#2421,#605,.T.);
#3149=EDGE_CURVE('',#2420,#2565,#606,.T.);
#3150=EDGE_CURVE('',#2564,#2565,#607,.T.);
#3151=EDGE_CURVE('',#2419,#2565,#608,.T.);
#3152=EDGE_CURVE('',#2343,#2565,#609,.T.);
#3153=EDGE_CURVE('',#2566,#2567,#610,.T.);
#3154=EDGE_CURVE('',#2348,#2566,#611,.T.);
#3155=EDGE_CURVE('',#2568,#2348,#612,.T.);
#3156=EDGE_CURVE('',#2568,#2567,#613,.T.);
#3157=EDGE_CURVE('',#2567,#2569,#614,.T.);
#3158=EDGE_CURVE('',#2569,#2568,#615,.T.);
#3159=EDGE_CURVE('',#2570,#2358,#616,.T.);
#3160=EDGE_CURVE('',#2412,#2570,#617,.T.);
#3161=EDGE_CURVE('',#2347,#2566,#618,.T.);
#3162=EDGE_CURVE('',#2569,#2571,#619,.T.);
#3163=EDGE_CURVE('',#2571,#2572,#620,.T.);
#3164=EDGE_CURVE('',#2572,#2573,#621,.T.);
#3165=EDGE_CURVE('',#2573,#2359,#622,.T.);
#3166=EDGE_CURVE('',#2574,#2571,#623,.T.);
#3167=EDGE_CURVE('',#2574,#2572,#624,.T.);
#3168=EDGE_CURVE('',#2360,#2574,#625,.T.);
#3169=EDGE_CURVE('',#2360,#2573,#626,.T.);
#3170=EDGE_CURVE('',#2575,#2576,#627,.T.);
#3171=EDGE_CURVE('',#2399,#2575,#628,.T.);
#3172=EDGE_CURVE('',#2398,#2576,#629,.T.);
#3173=EDGE_CURVE('',#2576,#2577,#630,.T.);
#3174=EDGE_CURVE('',#2577,#2397,#631,.T.);
#3175=EDGE_CURVE('',#2577,#2578,#632,.T.);
#3176=EDGE_CURVE('',#2396,#2578,#633,.T.);
#3177=EDGE_CURVE('',#2578,#2575,#634,.T.);
#3178=EDGE_CURVE('',#2579,#2580,#635,.T.);
#3179=EDGE_CURVE('',#2403,#2579,#636,.T.);
#3180=EDGE_CURVE('',#2402,#2580,#637,.T.);
#3181=EDGE_CURVE('',#2580,#2581,#638,.T.);
#3182=EDGE_CURVE('',#2581,#2401,#639,.T.);
#3183=EDGE_CURVE('',#2581,#2582,#640,.T.);
#3184=EDGE_CURVE('',#2400,#2582,#641,.T.);
#3185=EDGE_CURVE('',#2582,#2579,#642,.T.);
#3186=EDGE_CURVE('',#2583,#2584,#643,.T.);
#3187=EDGE_CURVE('',#2407,#2583,#644,.T.);
#3188=EDGE_CURVE('',#2406,#2584,#645,.T.);
#3189=EDGE_CURVE('',#2584,#2585,#646,.T.);
#3190=EDGE_CURVE('',#2585,#2405,#647,.T.);
#3191=EDGE_CURVE('',#2585,#2586,#648,.T.);
#3192=EDGE_CURVE('',#2404,#2586,#649,.T.);
#3193=EDGE_CURVE('',#2586,#2583,#650,.T.);
#3194=EDGE_CURVE('',#2587,#2588,#651,.T.);
#3195=EDGE_CURVE('',#2411,#2587,#652,.T.);
#3196=EDGE_CURVE('',#2410,#2588,#653,.T.);
#3197=EDGE_CURVE('',#2588,#2589,#654,.T.);
#3198=EDGE_CURVE('',#2589,#2409,#655,.T.);
#3199=EDGE_CURVE('',#2589,#2590,#656,.T.);
#3200=EDGE_CURVE('',#2408,#2590,#657,.T.);
#3201=EDGE_CURVE('',#2590,#2587,#658,.T.);
#3202=EDGE_CURVE('',#2475,#2436,#659,.T.);
#3203=EDGE_CURVE('',#2476,#2435,#660,.T.);
#3204=EDGE_CURVE('',#2473,#2434,#661,.T.);
#3205=EDGE_CURVE('',#2474,#2433,#662,.T.);
#3206=EDGE_CURVE('',#2479,#2440,#663,.T.);
#3207=EDGE_CURVE('',#2480,#2439,#664,.T.);
#3208=EDGE_CURVE('',#2477,#2438,#665,.T.);
#3209=EDGE_CURVE('',#2478,#2437,#666,.T.);
#3210=EDGE_CURVE('',#2483,#2444,#667,.T.);
#3211=EDGE_CURVE('',#2484,#2443,#668,.T.);
#3212=EDGE_CURVE('',#2481,#2442,#669,.T.);
#3213=EDGE_CURVE('',#2482,#2441,#670,.T.);
#3214=EDGE_CURVE('',#2591,#2592,#671,.T.);
#3215=EDGE_CURVE('',#2386,#2591,#672,.T.);
#3216=EDGE_CURVE('',#2385,#2592,#673,.T.);
#3217=EDGE_CURVE('',#2592,#2593,#674,.T.);
#3218=EDGE_CURVE('',#2384,#2593,#675,.T.);
#3219=EDGE_CURVE('',#2593,#2594,#676,.T.);
#3220=EDGE_CURVE('',#2383,#2594,#677,.T.);
#3221=EDGE_CURVE('',#2594,#2591,#678,.T.);
#3222=EDGE_CURVE('',#2595,#2596,#679,.T.);
#3223=EDGE_CURVE('',#2382,#2595,#680,.T.);
#3224=EDGE_CURVE('',#2381,#2596,#681,.T.);
#3225=EDGE_CURVE('',#2596,#2597,#682,.T.);
#3226=EDGE_CURVE('',#2380,#2597,#683,.T.);
#3227=EDGE_CURVE('',#2597,#2598,#684,.T.);
#3228=EDGE_CURVE('',#2379,#2598,#685,.T.);
#3229=EDGE_CURVE('',#2598,#2595,#686,.T.);
#3230=EDGE_CURVE('',#2599,#2600,#687,.T.);
#3231=EDGE_CURVE('',#2378,#2599,#688,.T.);
#3232=EDGE_CURVE('',#2377,#2600,#689,.T.);
#3233=EDGE_CURVE('',#2600,#2601,#690,.T.);
#3234=EDGE_CURVE('',#2376,#2601,#691,.T.);
#3235=EDGE_CURVE('',#2601,#2602,#692,.T.);
#3236=EDGE_CURVE('',#2375,#2602,#693,.T.);
#3237=EDGE_CURVE('',#2602,#2599,#694,.T.);
#3238=EDGE_CURVE('',#2492,#2452,#695,.T.);
#3239=EDGE_CURVE('',#2491,#2451,#696,.T.);
#3240=EDGE_CURVE('',#2490,#2450,#697,.T.);
#3241=EDGE_CURVE('',#2489,#2449,#698,.T.);
#3242=EDGE_CURVE('',#2488,#2448,#699,.T.);
#3243=EDGE_CURVE('',#2487,#2447,#700,.T.);
#3244=EDGE_CURVE('',#2486,#2446,#701,.T.);
#3245=EDGE_CURVE('',#2485,#2445,#702,.T.);
#3246=EDGE_CURVE('',#2603,#2604,#703,.T.);
#3247=EDGE_CURVE('',#2605,#2604,#704,.T.);
#3248=EDGE_CURVE('',#2605,#2606,#2172,.T.);
#3249=EDGE_CURVE('',#2606,#2607,#705,.T.);
#3250=EDGE_CURVE('',#2607,#2608,#2173,.T.);
#3251=EDGE_CURVE('',#2608,#2609,#706,.T.);
#3252=EDGE_CURVE('',#2609,#2610,#2174,.T.);
#3253=EDGE_CURVE('',#2610,#2611,#707,.T.);
#3254=EDGE_CURVE('',#2611,#2612,#2175,.T.);
#3255=EDGE_CURVE('',#2613,#2612,#708,.T.);
#3256=EDGE_CURVE('',#2613,#2614,#709,.T.);
#3257=EDGE_CURVE('',#2614,#2615,#2176,.T.);
#3258=EDGE_CURVE('',#2615,#2616,#710,.T.);
#3259=EDGE_CURVE('',#2616,#2617,#2177,.T.);
#3260=EDGE_CURVE('',#2617,#2618,#711,.T.);
#3261=EDGE_CURVE('',#2618,#2463,#2178,.T.);
#3262=EDGE_CURVE('',#2462,#2603,#2179,.T.);
#3263=EDGE_CURVE('',#2619,#2620,#2180,.T.);
#3264=EDGE_CURVE('',#2620,#2621,#2181,.T.);
#3265=EDGE_CURVE('',#2621,#2619,#712,.T.);
#3266=EDGE_CURVE('',#2622,#2622,#2182,.T.);
#3267=EDGE_CURVE('',#2623,#2623,#2183,.T.);
#3268=EDGE_CURVE('',#2624,#2624,#2184,.T.);
#3269=EDGE_CURVE('',#2625,#2626,#713,.T.);
#3270=EDGE_CURVE('',#2626,#2627,#2185,.T.);
#3271=EDGE_CURVE('',#2627,#2625,#2186,.T.);
#3272=EDGE_CURVE('',#2628,#2628,#2187,.T.);
#3273=EDGE_CURVE('',#2497,#2603,#714,.T.);
#3274=EDGE_CURVE('',#2604,#2496,#715,.T.);
#3275=EDGE_CURVE('',#2619,#2629,#716,.T.);
#3276=EDGE_CURVE('',#2630,#2621,#717,.T.);
#3277=EDGE_CURVE('',#2629,#2630,#718,.T.);
#3278=EDGE_CURVE('',#2628,#2631,#719,.T.);
#3279=EDGE_CURVE('',#2631,#2631,#2188,.T.);
#3280=EDGE_CURVE('',#2632,#2629,#2189,.T.);
#3281=EDGE_CURVE('',#2620,#2632,#720,.T.);
#3282=EDGE_CURVE('',#2632,#2630,#2190,.T.);
#3283=EDGE_CURVE('',#2495,#2613,#721,.T.);
#3284=EDGE_CURVE('',#2612,#2633,#722,.T.);
#3285=EDGE_CURVE('',#2634,#2633,#723,.T.);
#3286=EDGE_CURVE('',#2605,#2634,#724,.T.);
#3287=EDGE_CURVE('',#2635,#2625,#725,.T.);
#3288=EDGE_CURVE('',#2636,#2635,#726,.T.);
#3289=EDGE_CURVE('',#2626,#2636,#727,.T.);
#3290=EDGE_CURVE('',#2614,#2494,#728,.T.);
#3291=EDGE_CURVE('',#2622,#2637,#729,.T.);
#3292=EDGE_CURVE('',#2637,#2637,#2191,.T.);
#3293=EDGE_CURVE('',#2638,#2627,#730,.T.);
#3294=EDGE_CURVE('',#2635,#2638,#2192,.T.);
#3295=EDGE_CURVE('',#2615,#2493,#731,.T.);
#3296=EDGE_CURVE('',#2636,#2638,#2193,.T.);
#3297=EDGE_CURVE('',#2623,#2639,#732,.T.);
#3298=EDGE_CURVE('',#2639,#2639,#2194,.T.);
#3299=EDGE_CURVE('',#2640,#2514,#733,.T.);
#3300=EDGE_CURVE('',#2641,#2640,#734,.T.);
#3301=EDGE_CURVE('',#2641,#2499,#735,.T.);
#3302=EDGE_CURVE('',#2642,#2641,#2195,.T.);
#3303=EDGE_CURVE('',#2642,#2500,#736,.T.);
#3304=EDGE_CURVE('',#2643,#2642,#737,.T.);
#3305=EDGE_CURVE('',#2643,#2501,#738,.T.);
#3306=EDGE_CURVE('',#2644,#2643,#2196,.T.);
#3307=EDGE_CURVE('',#2644,#2502,#739,.T.);
#3308=EDGE_CURVE('',#2645,#2644,#740,.T.);
#3309=EDGE_CURVE('',#2645,#2511,#741,.T.);
#3310=EDGE_CURVE('',#2646,#2645,#2197,.T.);
#3311=EDGE_CURVE('',#2646,#2512,#742,.T.);
#3312=EDGE_CURVE('',#2647,#2646,#743,.T.);
#3313=EDGE_CURVE('',#2647,#2513,#744,.T.);
#3314=EDGE_CURVE('',#2640,#2647,#2198,.T.);
#3315=EDGE_CURVE('',#2648,#2539,#745,.T.);
#3316=EDGE_CURVE('',#2649,#2648,#746,.T.);
#3317=EDGE_CURVE('',#2649,#2540,#747,.T.);
#3318=EDGE_CURVE('',#2650,#2649,#2199,.T.);
#3319=EDGE_CURVE('',#2650,#2541,#748,.T.);
#3320=EDGE_CURVE('',#2651,#2650,#749,.T.);
#3321=EDGE_CURVE('',#2651,#2542,#750,.T.);
#3322=EDGE_CURVE('',#2652,#2651,#2200,.T.);
#3323=EDGE_CURVE('',#2652,#2535,#751,.T.);
#3324=EDGE_CURVE('',#2653,#2652,#752,.T.);
#3325=EDGE_CURVE('',#2653,#2536,#753,.T.);
#3326=EDGE_CURVE('',#2654,#2653,#2201,.T.);
#3327=EDGE_CURVE('',#2654,#2537,#754,.T.);
#3328=EDGE_CURVE('',#2655,#2654,#755,.T.);
#3329=EDGE_CURVE('',#2655,#2538,#756,.T.);
#3330=EDGE_CURVE('',#2648,#2655,#2202,.T.);
#3331=EDGE_CURVE('',#2656,#2531,#757,.T.);
#3332=EDGE_CURVE('',#2657,#2656,#758,.T.);
#3333=EDGE_CURVE('',#2657,#2532,#759,.T.);
#3334=EDGE_CURVE('',#2658,#2657,#2203,.T.);
#3335=EDGE_CURVE('',#2658,#2533,#760,.T.);
#3336=EDGE_CURVE('',#2659,#2658,#761,.T.);
#3337=EDGE_CURVE('',#2659,#2534,#762,.T.);
#3338=EDGE_CURVE('',#2660,#2659,#2204,.T.);
#3339=EDGE_CURVE('',#2660,#2527,#763,.T.);
#3340=EDGE_CURVE('',#2661,#2660,#764,.T.);
#3341=EDGE_CURVE('',#2661,#2528,#765,.T.);
#3342=EDGE_CURVE('',#2662,#2661,#2205,.T.);
#3343=EDGE_CURVE('',#2662,#2529,#766,.T.);
#3344=EDGE_CURVE('',#2663,#2662,#767,.T.);
#3345=EDGE_CURVE('',#2663,#2530,#768,.T.);
#3346=EDGE_CURVE('',#2656,#2663,#2206,.T.);
#3347=EDGE_CURVE('',#2664,#2523,#769,.T.);
#3348=EDGE_CURVE('',#2665,#2664,#770,.T.);
#3349=EDGE_CURVE('',#2665,#2524,#771,.T.);
#3350=EDGE_CURVE('',#2666,#2665,#2207,.T.);
#3351=EDGE_CURVE('',#2666,#2525,#772,.T.);
#3352=EDGE_CURVE('',#2667,#2666,#773,.T.);
#3353=EDGE_CURVE('',#2667,#2526,#774,.T.);
#3354=EDGE_CURVE('',#2668,#2667,#2208,.T.);
#3355=EDGE_CURVE('',#2668,#2519,#775,.T.);
#3356=EDGE_CURVE('',#2669,#2668,#776,.T.);
#3357=EDGE_CURVE('',#2669,#2520,#777,.T.);
#3358=EDGE_CURVE('',#2670,#2669,#2209,.T.);
#3359=EDGE_CURVE('',#2670,#2521,#778,.T.);
#3360=EDGE_CURVE('',#2671,#2670,#779,.T.);
#3361=EDGE_CURVE('',#2671,#2522,#780,.T.);
#3362=EDGE_CURVE('',#2664,#2671,#2210,.T.);
#3363=EDGE_CURVE('',#2672,#2366,#781,.T.);
#3364=EDGE_CURVE('',#2673,#2672,#782,.T.);
#3365=EDGE_CURVE('',#2367,#2673,#783,.T.);
#3366=EDGE_CURVE('',#2674,#2370,#784,.T.);
#3367=EDGE_CURVE('',#2675,#2674,#785,.T.);
#3368=EDGE_CURVE('',#2363,#2675,#786,.T.);
#3369=EDGE_CURVE('',#2369,#2368,#787,.T.);
#3370=EDGE_CURVE('',#2365,#2676,#788,.T.);
#3371=EDGE_CURVE('',#2676,#2677,#789,.T.);
#3372=EDGE_CURVE('',#2677,#2364,#790,.T.);
#3373=EDGE_CURVE('',#2431,#2417,#2211,.T.);
#3374=EDGE_CURVE('',#2574,#2568,#791,.T.);
#3375=EDGE_CURVE('',#2624,#2678,#792,.T.);
#3376=EDGE_CURVE('',#2678,#2678,#2212,.T.);
#3377=EDGE_CURVE('',#2516,#2618,#793,.T.);
#3378=EDGE_CURVE('',#2518,#2616,#794,.T.);
#3379=EDGE_CURVE('',#2617,#2517,#795,.T.);
#3380=EDGE_CURVE('',#2610,#2679,#796,.T.);
#3381=EDGE_CURVE('',#2680,#2679,#797,.T.);
#3382=EDGE_CURVE('',#2611,#2680,#798,.T.);
#3383=EDGE_CURVE('',#2609,#2681,#799,.T.);
#3384=EDGE_CURVE('',#2679,#2681,#2213,.T.);
#3385=EDGE_CURVE('',#2608,#2682,#800,.T.);
#3386=EDGE_CURVE('',#2681,#2682,#801,.T.);
#3387=EDGE_CURVE('',#2607,#2683,#802,.T.);
#3388=EDGE_CURVE('',#2682,#2683,#2214,.T.);
#3389=EDGE_CURVE('',#2606,#2684,#803,.T.);
#3390=EDGE_CURVE('',#2683,#2684,#804,.T.);
#3391=EDGE_CURVE('',#2684,#2634,#2215,.T.);
#3392=EDGE_CURVE('',#2633,#2680,#2216,.T.);
#3393=EDGE_CURVE('',#2570,#2558,#2217,.T.);
#3394=EDGE_CURVE('',#2432,#2418,#2218,.T.);
#3395=ORIENTED_EDGE('',*,*,#2685,.T.);
#3396=ORIENTED_EDGE('',*,*,#2686,.T.);
#3397=ORIENTED_EDGE('',*,*,#2687,.T.);
#3398=ORIENTED_EDGE('',*,*,#2688,.T.);
#3399=ORIENTED_EDGE('',*,*,#2689,.T.);
#3400=ORIENTED_EDGE('',*,*,#2690,.T.);
#3401=ORIENTED_EDGE('',*,*,#2687,.F.);
#3402=ORIENTED_EDGE('',*,*,#2691,.T.);
#3403=ORIENTED_EDGE('',*,*,#2692,.T.);
#3404=ORIENTED_EDGE('',*,*,#2693,.T.);
#3405=ORIENTED_EDGE('',*,*,#2689,.F.);
#3406=ORIENTED_EDGE('',*,*,#2694,.T.);
#3407=ORIENTED_EDGE('',*,*,#2695,.T.);
#3408=ORIENTED_EDGE('',*,*,#2696,.T.);
#3409=ORIENTED_EDGE('',*,*,#2692,.F.);
#3410=ORIENTED_EDGE('',*,*,#2697,.T.);
#3411=ORIENTED_EDGE('',*,*,#2698,.T.);
#3412=ORIENTED_EDGE('',*,*,#2699,.T.);
#3413=ORIENTED_EDGE('',*,*,#2695,.F.);
#3414=ORIENTED_EDGE('',*,*,#2700,.T.);
#3415=ORIENTED_EDGE('',*,*,#2701,.T.);
#3416=ORIENTED_EDGE('',*,*,#2702,.T.);
#3417=ORIENTED_EDGE('',*,*,#2698,.F.);
#3418=ORIENTED_EDGE('',*,*,#2703,.T.);
#3419=ORIENTED_EDGE('',*,*,#2704,.T.);
#3420=ORIENTED_EDGE('',*,*,#2705,.T.);
#3421=ORIENTED_EDGE('',*,*,#2701,.F.);
#3422=ORIENTED_EDGE('',*,*,#2706,.T.);
#3423=ORIENTED_EDGE('',*,*,#2704,.F.);
#3424=ORIENTED_EDGE('',*,*,#2707,.T.);
#3425=ORIENTED_EDGE('',*,*,#2685,.F.);
#3426=ORIENTED_EDGE('',*,*,#2708,.T.);
#3427=ORIENTED_EDGE('',*,*,#2702,.F.);
#3428=ORIENTED_EDGE('',*,*,#2709,.F.);
#3429=ORIENTED_EDGE('',*,*,#2710,.F.);
#3430=ORIENTED_EDGE('',*,*,#2711,.F.);
#3431=ORIENTED_EDGE('',*,*,#2705,.F.);
#3432=ORIENTED_EDGE('',*,*,#2712,.T.);
#3433=ORIENTED_EDGE('',*,*,#2713,.T.);
#3434=ORIENTED_EDGE('',*,*,#2709,.T.);
#3435=ORIENTED_EDGE('',*,*,#2708,.F.);
#3436=ORIENTED_EDGE('',*,*,#2714,.F.);
#3437=ORIENTED_EDGE('',*,*,#2715,.F.);
#3438=ORIENTED_EDGE('',*,*,#2712,.F.);
#3439=ORIENTED_EDGE('',*,*,#2688,.F.);
#3440=ORIENTED_EDGE('',*,*,#2716,.T.);
#3441=ORIENTED_EDGE('',*,*,#2717,.T.);
#3442=ORIENTED_EDGE('',*,*,#2714,.T.);
#3443=ORIENTED_EDGE('',*,*,#2718,.T.);
#3444=ORIENTED_EDGE('',*,*,#2719,.T.);
#3445=ORIENTED_EDGE('',*,*,#2720,.T.);
#3446=ORIENTED_EDGE('',*,*,#2721,.T.);
#3447=ORIENTED_EDGE('',*,*,#2722,.T.);
#3448=ORIENTED_EDGE('',*,*,#2723,.T.);
#3449=ORIENTED_EDGE('',*,*,#2724,.T.);
#3450=ORIENTED_EDGE('',*,*,#2725,.T.);
#3451=ORIENTED_EDGE('',*,*,#2726,.T.);
#3452=ORIENTED_EDGE('',*,*,#2727,.T.);
#3453=ORIENTED_EDGE('',*,*,#2728,.T.);
#3454=ORIENTED_EDGE('',*,*,#2729,.T.);
#3455=ORIENTED_EDGE('',*,*,#2730,.T.);
#3456=ORIENTED_EDGE('',*,*,#2731,.T.);
#3457=ORIENTED_EDGE('',*,*,#2732,.T.);
#3458=ORIENTED_EDGE('',*,*,#2733,.T.);
#3459=ORIENTED_EDGE('',*,*,#2734,.T.);
#3460=ORIENTED_EDGE('',*,*,#2735,.T.);
#3461=ORIENTED_EDGE('',*,*,#2736,.T.);
#3462=ORIENTED_EDGE('',*,*,#2737,.T.);
#3463=ORIENTED_EDGE('',*,*,#2738,.T.);
#3464=ORIENTED_EDGE('',*,*,#2739,.T.);
#3465=ORIENTED_EDGE('',*,*,#2686,.F.);
#3466=ORIENTED_EDGE('',*,*,#2707,.F.);
#3467=ORIENTED_EDGE('',*,*,#2706,.F.);
#3468=ORIENTED_EDGE('',*,*,#2703,.F.);
#3469=ORIENTED_EDGE('',*,*,#2700,.F.);
#3470=ORIENTED_EDGE('',*,*,#2697,.F.);
#3471=ORIENTED_EDGE('',*,*,#2694,.F.);
#3472=ORIENTED_EDGE('',*,*,#2691,.F.);
#3473=ORIENTED_EDGE('',*,*,#2693,.F.);
#3474=ORIENTED_EDGE('',*,*,#2740,.T.);
#3475=ORIENTED_EDGE('',*,*,#2741,.T.);
#3476=ORIENTED_EDGE('',*,*,#2742,.T.);
#3477=ORIENTED_EDGE('',*,*,#2690,.F.);
#3478=ORIENTED_EDGE('',*,*,#2742,.F.);
#3479=ORIENTED_EDGE('',*,*,#2743,.F.);
#3480=ORIENTED_EDGE('',*,*,#2716,.F.);
#3481=ORIENTED_EDGE('',*,*,#2699,.F.);
#3482=ORIENTED_EDGE('',*,*,#2711,.T.);
#3483=ORIENTED_EDGE('',*,*,#2744,.T.);
#3484=ORIENTED_EDGE('',*,*,#2745,.T.);
#3485=ORIENTED_EDGE('',*,*,#2696,.F.);
#3486=ORIENTED_EDGE('',*,*,#2745,.F.);
#3487=ORIENTED_EDGE('',*,*,#2746,.F.);
#3488=ORIENTED_EDGE('',*,*,#2740,.F.);
#3489=ORIENTED_EDGE('',*,*,#2747,.F.);
#3490=ORIENTED_EDGE('',*,*,#2748,.T.);
#3491=ORIENTED_EDGE('',*,*,#2749,.T.);
#3492=ORIENTED_EDGE('',*,*,#2748,.F.);
#3493=ORIENTED_EDGE('',*,*,#2726,.F.);
#3494=ORIENTED_EDGE('',*,*,#2750,.T.);
#3495=ORIENTED_EDGE('',*,*,#2751,.T.);
#3496=ORIENTED_EDGE('',*,*,#2750,.F.);
#3497=ORIENTED_EDGE('',*,*,#2751,.F.);
#3498=ORIENTED_EDGE('',*,*,#2749,.F.);
#3499=ORIENTED_EDGE('',*,*,#2752,.F.);
#3500=ORIENTED_EDGE('',*,*,#2753,.T.);
#3501=ORIENTED_EDGE('',*,*,#2754,.T.);
#3502=ORIENTED_EDGE('',*,*,#2753,.F.);
#3503=ORIENTED_EDGE('',*,*,#2727,.F.);
#3504=ORIENTED_EDGE('',*,*,#2755,.T.);
#3505=ORIENTED_EDGE('',*,*,#2756,.T.);
#3506=ORIENTED_EDGE('',*,*,#2755,.F.);
#3507=ORIENTED_EDGE('',*,*,#2756,.F.);
#3508=ORIENTED_EDGE('',*,*,#2754,.F.);
#3509=ORIENTED_EDGE('',*,*,#2752,.T.);
#3510=ORIENTED_EDGE('',*,*,#2747,.T.);
#3511=ORIENTED_EDGE('',*,*,#2728,.F.);
#3512=ORIENTED_EDGE('',*,*,#2757,.T.);
#3513=ORIENTED_EDGE('',*,*,#2758,.T.);
#3514=ORIENTED_EDGE('',*,*,#2759,.F.);
#3515=ORIENTED_EDGE('',*,*,#2735,.F.);
#3516=ORIENTED_EDGE('',*,*,#2760,.T.);
#3517=ORIENTED_EDGE('',*,*,#2761,.T.);
#3518=ORIENTED_EDGE('',*,*,#2757,.F.);
#3519=ORIENTED_EDGE('',*,*,#2734,.F.);
#3520=ORIENTED_EDGE('',*,*,#2762,.T.);
#3521=ORIENTED_EDGE('',*,*,#2763,.T.);
#3522=ORIENTED_EDGE('',*,*,#2760,.F.);
#3523=ORIENTED_EDGE('',*,*,#2733,.F.);
#3524=ORIENTED_EDGE('',*,*,#2764,.T.);
#3525=ORIENTED_EDGE('',*,*,#2765,.T.);
#3526=ORIENTED_EDGE('',*,*,#2762,.F.);
#3527=ORIENTED_EDGE('',*,*,#2732,.F.);
#3528=ORIENTED_EDGE('',*,*,#2766,.T.);
#3529=ORIENTED_EDGE('',*,*,#2767,.T.);
#3530=ORIENTED_EDGE('',*,*,#2764,.F.);
#3531=ORIENTED_EDGE('',*,*,#2731,.F.);
#3532=ORIENTED_EDGE('',*,*,#2768,.T.);
#3533=ORIENTED_EDGE('',*,*,#2769,.T.);
#3534=ORIENTED_EDGE('',*,*,#2766,.F.);
#3535=ORIENTED_EDGE('',*,*,#2730,.F.);
#3536=ORIENTED_EDGE('',*,*,#2770,.T.);
#3537=ORIENTED_EDGE('',*,*,#2771,.T.);
#3538=ORIENTED_EDGE('',*,*,#2768,.F.);
#3539=ORIENTED_EDGE('',*,*,#2729,.F.);
#3540=ORIENTED_EDGE('',*,*,#2759,.T.);
#3541=ORIENTED_EDGE('',*,*,#2772,.T.);
#3542=ORIENTED_EDGE('',*,*,#2770,.F.);
#3543=ORIENTED_EDGE('',*,*,#2772,.F.);
#3544=ORIENTED_EDGE('',*,*,#2758,.F.);
#3545=ORIENTED_EDGE('',*,*,#2761,.F.);
#3546=ORIENTED_EDGE('',*,*,#2763,.F.);
#3547=ORIENTED_EDGE('',*,*,#2765,.F.);
#3548=ORIENTED_EDGE('',*,*,#2767,.F.);
#3549=ORIENTED_EDGE('',*,*,#2769,.F.);
#3550=ORIENTED_EDGE('',*,*,#2771,.F.);
#3551=ORIENTED_EDGE('',*,*,#2773,.F.);
#3552=ORIENTED_EDGE('',*,*,#2774,.T.);
#3553=ORIENTED_EDGE('',*,*,#2775,.T.);
#3554=ORIENTED_EDGE('',*,*,#2776,.F.);
#3555=ORIENTED_EDGE('',*,*,#2777,.F.);
#3556=ORIENTED_EDGE('',*,*,#2778,.T.);
#3557=ORIENTED_EDGE('',*,*,#2779,.T.);
#3558=ORIENTED_EDGE('',*,*,#2774,.F.);
#3559=ORIENTED_EDGE('',*,*,#2780,.F.);
#3560=ORIENTED_EDGE('',*,*,#2781,.T.);
#3561=ORIENTED_EDGE('',*,*,#2782,.T.);
#3562=ORIENTED_EDGE('',*,*,#2778,.F.);
#3563=ORIENTED_EDGE('',*,*,#2783,.F.);
#3564=ORIENTED_EDGE('',*,*,#2776,.T.);
#3565=ORIENTED_EDGE('',*,*,#2784,.T.);
#3566=ORIENTED_EDGE('',*,*,#2781,.F.);
#3567=ORIENTED_EDGE('',*,*,#2784,.F.);
#3568=ORIENTED_EDGE('',*,*,#2775,.F.);
#3569=ORIENTED_EDGE('',*,*,#2779,.F.);
#3570=ORIENTED_EDGE('',*,*,#2782,.F.);
#3571=ORIENTED_EDGE('',*,*,#2785,.F.);
#3572=ORIENTED_EDGE('',*,*,#2786,.T.);
#3573=ORIENTED_EDGE('',*,*,#2787,.T.);
#3574=ORIENTED_EDGE('',*,*,#2788,.F.);
#3575=ORIENTED_EDGE('',*,*,#2789,.F.);
#3576=ORIENTED_EDGE('',*,*,#2790,.T.);
#3577=ORIENTED_EDGE('',*,*,#2791,.T.);
#3578=ORIENTED_EDGE('',*,*,#2786,.F.);
#3579=ORIENTED_EDGE('',*,*,#2792,.F.);
#3580=ORIENTED_EDGE('',*,*,#2793,.T.);
#3581=ORIENTED_EDGE('',*,*,#2794,.T.);
#3582=ORIENTED_EDGE('',*,*,#2790,.F.);
#3583=ORIENTED_EDGE('',*,*,#2795,.F.);
#3584=ORIENTED_EDGE('',*,*,#2788,.T.);
#3585=ORIENTED_EDGE('',*,*,#2796,.T.);
#3586=ORIENTED_EDGE('',*,*,#2793,.F.);
#3587=ORIENTED_EDGE('',*,*,#2796,.F.);
#3588=ORIENTED_EDGE('',*,*,#2787,.F.);
#3589=ORIENTED_EDGE('',*,*,#2791,.F.);
#3590=ORIENTED_EDGE('',*,*,#2794,.F.);
#3591=ORIENTED_EDGE('',*,*,#2797,.F.);
#3592=ORIENTED_EDGE('',*,*,#2798,.T.);
#3593=ORIENTED_EDGE('',*,*,#2736,.F.);
#3594=ORIENTED_EDGE('',*,*,#2798,.F.);
#3595=ORIENTED_EDGE('',*,*,#2799,.F.);
#3596=ORIENTED_EDGE('',*,*,#2800,.T.);
#3597=ORIENTED_EDGE('',*,*,#2737,.F.);
#3598=ORIENTED_EDGE('',*,*,#2800,.F.);
#3599=ORIENTED_EDGE('',*,*,#2801,.F.);
#3600=ORIENTED_EDGE('',*,*,#2802,.T.);
#3601=ORIENTED_EDGE('',*,*,#2738,.F.);
#3602=ORIENTED_EDGE('',*,*,#2802,.F.);
#3603=ORIENTED_EDGE('',*,*,#2803,.F.);
#3604=ORIENTED_EDGE('',*,*,#2804,.T.);
#3605=ORIENTED_EDGE('',*,*,#2739,.F.);
#3606=ORIENTED_EDGE('',*,*,#2804,.F.);
#3607=ORIENTED_EDGE('',*,*,#2805,.T.);
#3608=ORIENTED_EDGE('',*,*,#2806,.T.);
#3609=ORIENTED_EDGE('',*,*,#2807,.F.);
#3610=ORIENTED_EDGE('',*,*,#2806,.F.);
#3611=ORIENTED_EDGE('',*,*,#2805,.F.);
#3612=ORIENTED_EDGE('',*,*,#2808,.T.);
#3613=ORIENTED_EDGE('',*,*,#2809,.T.);
#3614=ORIENTED_EDGE('',*,*,#2810,.F.);
#3615=ORIENTED_EDGE('',*,*,#2809,.F.);
#3616=ORIENTED_EDGE('',*,*,#2808,.F.);
#3617=ORIENTED_EDGE('',*,*,#2811,.T.);
#3618=ORIENTED_EDGE('',*,*,#2812,.T.);
#3619=ORIENTED_EDGE('',*,*,#2813,.F.);
#3620=ORIENTED_EDGE('',*,*,#2812,.F.);
#3621=ORIENTED_EDGE('',*,*,#2811,.F.);
#3622=ORIENTED_EDGE('',*,*,#2814,.T.);
#3623=ORIENTED_EDGE('',*,*,#2815,.T.);
#3624=ORIENTED_EDGE('',*,*,#2816,.F.);
#3625=ORIENTED_EDGE('',*,*,#2815,.F.);
#3626=ORIENTED_EDGE('',*,*,#2814,.F.);
#3627=ORIENTED_EDGE('',*,*,#2817,.F.);
#3628=ORIENTED_EDGE('',*,*,#2818,.T.);
#3629=ORIENTED_EDGE('',*,*,#2819,.F.);
#3630=ORIENTED_EDGE('',*,*,#2818,.F.);
#3631=ORIENTED_EDGE('',*,*,#2817,.T.);
#3632=ORIENTED_EDGE('',*,*,#2816,.T.);
#3633=ORIENTED_EDGE('',*,*,#2820,.F.);
#3634=ORIENTED_EDGE('',*,*,#2821,.T.);
#3635=ORIENTED_EDGE('',*,*,#2822,.F.);
#3636=ORIENTED_EDGE('',*,*,#2821,.F.);
#3637=ORIENTED_EDGE('',*,*,#2820,.T.);
#3638=ORIENTED_EDGE('',*,*,#2813,.T.);
#3639=ORIENTED_EDGE('',*,*,#2823,.F.);
#3640=ORIENTED_EDGE('',*,*,#2824,.T.);
#3641=ORIENTED_EDGE('',*,*,#2825,.F.);
#3642=ORIENTED_EDGE('',*,*,#2824,.F.);
#3643=ORIENTED_EDGE('',*,*,#2823,.T.);
#3644=ORIENTED_EDGE('',*,*,#2810,.T.);
#3645=ORIENTED_EDGE('',*,*,#2826,.F.);
#3646=ORIENTED_EDGE('',*,*,#2827,.T.);
#3647=ORIENTED_EDGE('',*,*,#2828,.F.);
#3648=ORIENTED_EDGE('',*,*,#2827,.F.);
#3649=ORIENTED_EDGE('',*,*,#2826,.T.);
#3650=ORIENTED_EDGE('',*,*,#2807,.T.);
#3651=ORIENTED_EDGE('',*,*,#2829,.T.);
#3652=ORIENTED_EDGE('',*,*,#2830,.T.);
#3653=ORIENTED_EDGE('',*,*,#2725,.F.);
#3654=ORIENTED_EDGE('',*,*,#2831,.F.);
#3655=ORIENTED_EDGE('',*,*,#2832,.T.);
#3656=ORIENTED_EDGE('',*,*,#2831,.T.);
#3657=ORIENTED_EDGE('',*,*,#2724,.F.);
#3658=ORIENTED_EDGE('',*,*,#2833,.F.);
#3659=ORIENTED_EDGE('',*,*,#2834,.T.);
#3660=ORIENTED_EDGE('',*,*,#2833,.T.);
#3661=ORIENTED_EDGE('',*,*,#2723,.F.);
#3662=ORIENTED_EDGE('',*,*,#2835,.F.);
#3663=ORIENTED_EDGE('',*,*,#2836,.T.);
#3664=ORIENTED_EDGE('',*,*,#2835,.T.);
#3665=ORIENTED_EDGE('',*,*,#2722,.F.);
#3666=ORIENTED_EDGE('',*,*,#2837,.F.);
#3667=ORIENTED_EDGE('',*,*,#2838,.T.);
#3668=ORIENTED_EDGE('',*,*,#2837,.T.);
#3669=ORIENTED_EDGE('',*,*,#2721,.F.);
#3670=ORIENTED_EDGE('',*,*,#2839,.F.);
#3671=ORIENTED_EDGE('',*,*,#2840,.T.);
#3672=ORIENTED_EDGE('',*,*,#2839,.T.);
#3673=ORIENTED_EDGE('',*,*,#2720,.F.);
#3674=ORIENTED_EDGE('',*,*,#2841,.F.);
#3675=ORIENTED_EDGE('',*,*,#2842,.T.);
#3676=ORIENTED_EDGE('',*,*,#2841,.T.);
#3677=ORIENTED_EDGE('',*,*,#2719,.F.);
#3678=ORIENTED_EDGE('',*,*,#2843,.F.);
#3679=ORIENTED_EDGE('',*,*,#2844,.T.);
#3680=ORIENTED_EDGE('',*,*,#2843,.T.);
#3681=ORIENTED_EDGE('',*,*,#2718,.F.);
#3682=ORIENTED_EDGE('',*,*,#2830,.F.);
#3683=ORIENTED_EDGE('',*,*,#2844,.F.);
#3684=ORIENTED_EDGE('',*,*,#2829,.F.);
#3685=ORIENTED_EDGE('',*,*,#2832,.F.);
#3686=ORIENTED_EDGE('',*,*,#2834,.F.);
#3687=ORIENTED_EDGE('',*,*,#2836,.F.);
#3688=ORIENTED_EDGE('',*,*,#2838,.F.);
#3689=ORIENTED_EDGE('',*,*,#2840,.F.);
#3690=ORIENTED_EDGE('',*,*,#2842,.F.);
#3691=ORIENTED_EDGE('',*,*,#2710,.T.);
#3692=ORIENTED_EDGE('',*,*,#2713,.F.);
#3693=ORIENTED_EDGE('',*,*,#2715,.T.);
#3694=ORIENTED_EDGE('',*,*,#2717,.F.);
#3695=ORIENTED_EDGE('',*,*,#2743,.T.);
#3696=ORIENTED_EDGE('',*,*,#2741,.F.);
#3697=ORIENTED_EDGE('',*,*,#2746,.T.);
#3698=ORIENTED_EDGE('',*,*,#2744,.F.);
#3699=ORIENTED_EDGE('',*,*,#2828,.T.);
#3700=ORIENTED_EDGE('',*,*,#2825,.T.);
#3701=ORIENTED_EDGE('',*,*,#2822,.T.);
#3702=ORIENTED_EDGE('',*,*,#2819,.T.);
#3703=ORIENTED_EDGE('',*,*,#2803,.T.);
#3704=ORIENTED_EDGE('',*,*,#2801,.T.);
#3705=ORIENTED_EDGE('',*,*,#2799,.T.);
#3706=ORIENTED_EDGE('',*,*,#2797,.T.);
#3707=ORIENTED_EDGE('',*,*,#2785,.T.);
#3708=ORIENTED_EDGE('',*,*,#2795,.T.);
#3709=ORIENTED_EDGE('',*,*,#2792,.T.);
#3710=ORIENTED_EDGE('',*,*,#2789,.T.);
#3711=ORIENTED_EDGE('',*,*,#2773,.T.);
#3712=ORIENTED_EDGE('',*,*,#2783,.T.);
#3713=ORIENTED_EDGE('',*,*,#2780,.T.);
#3714=ORIENTED_EDGE('',*,*,#2777,.T.);
#3715=ORIENTED_EDGE('',*,*,#2845,.F.);
#3716=ORIENTED_EDGE('',*,*,#2846,.T.);
#3717=ORIENTED_EDGE('',*,*,#2847,.F.);
#3718=ORIENTED_EDGE('',*,*,#2846,.F.);
#3719=ORIENTED_EDGE('',*,*,#2848,.F.);
#3720=ORIENTED_EDGE('',*,*,#2849,.T.);
#3721=ORIENTED_EDGE('',*,*,#2850,.F.);
#3722=ORIENTED_EDGE('',*,*,#2849,.F.);
#3723=ORIENTED_EDGE('',*,*,#2851,.F.);
#3724=ORIENTED_EDGE('',*,*,#2852,.T.);
#3725=ORIENTED_EDGE('',*,*,#2853,.F.);
#3726=ORIENTED_EDGE('',*,*,#2852,.F.);
#3727=ORIENTED_EDGE('',*,*,#2854,.F.);
#3728=ORIENTED_EDGE('',*,*,#2855,.T.);
#3729=ORIENTED_EDGE('',*,*,#2856,.F.);
#3730=ORIENTED_EDGE('',*,*,#2855,.F.);
#3731=ORIENTED_EDGE('',*,*,#2857,.F.);
#3732=ORIENTED_EDGE('',*,*,#2858,.F.);
#3733=ORIENTED_EDGE('',*,*,#2859,.F.);
#3734=ORIENTED_EDGE('',*,*,#2860,.F.);
#3735=ORIENTED_EDGE('',*,*,#2861,.F.);
#3736=ORIENTED_EDGE('',*,*,#2862,.F.);
#3737=ORIENTED_EDGE('',*,*,#2863,.F.);
#3738=ORIENTED_EDGE('',*,*,#2864,.F.);
#3739=ORIENTED_EDGE('',*,*,#2865,.F.);
#3740=ORIENTED_EDGE('',*,*,#2866,.F.);
#3741=ORIENTED_EDGE('',*,*,#2867,.F.);
#3742=ORIENTED_EDGE('',*,*,#2868,.F.);
#3743=ORIENTED_EDGE('',*,*,#2869,.F.);
#3744=ORIENTED_EDGE('',*,*,#2870,.F.);
#3745=ORIENTED_EDGE('',*,*,#2871,.F.);
#3746=ORIENTED_EDGE('',*,*,#2872,.F.);
#3747=ORIENTED_EDGE('',*,*,#2873,.F.);
#3748=ORIENTED_EDGE('',*,*,#2874,.F.);
#3749=ORIENTED_EDGE('',*,*,#2875,.F.);
#3750=ORIENTED_EDGE('',*,*,#2876,.F.);
#3751=ORIENTED_EDGE('',*,*,#2877,.F.);
#3752=ORIENTED_EDGE('',*,*,#2878,.F.);
#3753=ORIENTED_EDGE('',*,*,#2879,.F.);
#3754=ORIENTED_EDGE('',*,*,#2880,.F.);
#3755=ORIENTED_EDGE('',*,*,#2881,.F.);
#3756=ORIENTED_EDGE('',*,*,#2882,.F.);
#3757=ORIENTED_EDGE('',*,*,#2883,.F.);
#3758=ORIENTED_EDGE('',*,*,#2884,.F.);
#3759=ORIENTED_EDGE('',*,*,#2885,.F.);
#3760=ORIENTED_EDGE('',*,*,#2886,.F.);
#3761=ORIENTED_EDGE('',*,*,#2887,.F.);
#3762=ORIENTED_EDGE('',*,*,#2888,.F.);
#3763=ORIENTED_EDGE('',*,*,#2867,.T.);
#3764=ORIENTED_EDGE('',*,*,#2889,.T.);
#3765=ORIENTED_EDGE('',*,*,#2890,.F.);
#3766=ORIENTED_EDGE('',*,*,#2891,.F.);
#3767=ORIENTED_EDGE('',*,*,#2859,.T.);
#3768=ORIENTED_EDGE('',*,*,#2892,.T.);
#3769=ORIENTED_EDGE('',*,*,#2893,.F.);
#3770=ORIENTED_EDGE('',*,*,#2894,.F.);
#3771=ORIENTED_EDGE('',*,*,#2879,.T.);
#3772=ORIENTED_EDGE('',*,*,#2895,.T.);
#3773=ORIENTED_EDGE('',*,*,#2896,.F.);
#3774=ORIENTED_EDGE('',*,*,#2897,.F.);
#3775=ORIENTED_EDGE('',*,*,#2887,.T.);
#3776=ORIENTED_EDGE('',*,*,#2898,.T.);
#3777=ORIENTED_EDGE('',*,*,#2899,.F.);
#3778=ORIENTED_EDGE('',*,*,#2900,.F.);
#3779=ORIENTED_EDGE('',*,*,#2901,.T.);
#3780=ORIENTED_EDGE('',*,*,#2902,.F.);
#3781=ORIENTED_EDGE('',*,*,#2903,.F.);
#3782=ORIENTED_EDGE('',*,*,#2904,.F.);
#3783=ORIENTED_EDGE('',*,*,#2905,.T.);
#3784=ORIENTED_EDGE('',*,*,#2906,.T.);
#3785=ORIENTED_EDGE('',*,*,#2907,.T.);
#3786=ORIENTED_EDGE('',*,*,#2908,.T.);
#3787=ORIENTED_EDGE('',*,*,#2909,.T.);
#3788=ORIENTED_EDGE('',*,*,#2910,.T.);
#3789=ORIENTED_EDGE('',*,*,#2911,.T.);
#3790=ORIENTED_EDGE('',*,*,#2912,.T.);
#3791=ORIENTED_EDGE('',*,*,#2913,.T.);
#3792=ORIENTED_EDGE('',*,*,#2914,.T.);
#3793=ORIENTED_EDGE('',*,*,#2915,.T.);
#3794=ORIENTED_EDGE('',*,*,#2916,.T.);
#3795=ORIENTED_EDGE('',*,*,#2917,.T.);
#3796=ORIENTED_EDGE('',*,*,#2918,.T.);
#3797=ORIENTED_EDGE('',*,*,#2919,.F.);
#3798=ORIENTED_EDGE('',*,*,#2902,.T.);
#3799=ORIENTED_EDGE('',*,*,#2920,.T.);
#3800=ORIENTED_EDGE('',*,*,#2904,.T.);
#3801=ORIENTED_EDGE('',*,*,#2921,.F.);
#3802=ORIENTED_EDGE('',*,*,#2922,.F.);
#3803=ORIENTED_EDGE('',*,*,#2871,.T.);
#3804=ORIENTED_EDGE('',*,*,#2923,.F.);
#3805=ORIENTED_EDGE('',*,*,#2924,.F.);
#3806=ORIENTED_EDGE('',*,*,#2925,.T.);
#3807=ORIENTED_EDGE('',*,*,#2869,.T.);
#3808=ORIENTED_EDGE('',*,*,#2926,.T.);
#3809=ORIENTED_EDGE('',*,*,#2927,.F.);
#3810=ORIENTED_EDGE('',*,*,#2928,.T.);
#3811=ORIENTED_EDGE('',*,*,#2929,.T.);
#3812=ORIENTED_EDGE('',*,*,#2930,.F.);
#3813=ORIENTED_EDGE('',*,*,#2918,.F.);
#3814=ORIENTED_EDGE('',*,*,#2931,.T.);
#3815=ORIENTED_EDGE('',*,*,#2932,.T.);
#3816=ORIENTED_EDGE('',*,*,#2933,.T.);
#3817=ORIENTED_EDGE('',*,*,#2934,.T.);
#3818=ORIENTED_EDGE('',*,*,#2935,.T.);
#3819=ORIENTED_EDGE('',*,*,#2936,.T.);
#3820=ORIENTED_EDGE('',*,*,#2937,.T.);
#3821=ORIENTED_EDGE('',*,*,#2938,.T.);
#3822=ORIENTED_EDGE('',*,*,#2939,.T.);
#3823=ORIENTED_EDGE('',*,*,#2940,.T.);
#3824=ORIENTED_EDGE('',*,*,#2941,.T.);
#3825=ORIENTED_EDGE('',*,*,#2942,.T.);
#3826=ORIENTED_EDGE('',*,*,#2943,.T.);
#3827=ORIENTED_EDGE('',*,*,#2944,.T.);
#3828=ORIENTED_EDGE('',*,*,#2945,.T.);
#3829=ORIENTED_EDGE('',*,*,#2946,.T.);
#3830=ORIENTED_EDGE('',*,*,#2875,.T.);
#3831=ORIENTED_EDGE('',*,*,#2947,.F.);
#3832=ORIENTED_EDGE('',*,*,#2948,.F.);
#3833=ORIENTED_EDGE('',*,*,#2949,.T.);
#3834=ORIENTED_EDGE('',*,*,#2950,.T.);
#3835=ORIENTED_EDGE('',*,*,#2951,.T.);
#3836=ORIENTED_EDGE('',*,*,#2952,.F.);
#3837=ORIENTED_EDGE('',*,*,#2929,.F.);
#3838=ORIENTED_EDGE('',*,*,#2857,.T.);
#3839=ORIENTED_EDGE('',*,*,#2953,.F.);
#3840=ORIENTED_EDGE('',*,*,#2954,.T.);
#3841=ORIENTED_EDGE('',*,*,#2955,.T.);
#3842=ORIENTED_EDGE('',*,*,#2922,.T.);
#3843=ORIENTED_EDGE('',*,*,#2956,.F.);
#3844=ORIENTED_EDGE('',*,*,#2957,.F.);
#3845=ORIENTED_EDGE('',*,*,#2870,.T.);
#3846=ORIENTED_EDGE('',*,*,#2927,.T.);
#3847=ORIENTED_EDGE('',*,*,#2958,.T.);
#3848=ORIENTED_EDGE('',*,*,#2959,.T.);
#3849=ORIENTED_EDGE('',*,*,#2960,.T.);
#3850=ORIENTED_EDGE('',*,*,#2961,.T.);
#3851=ORIENTED_EDGE('',*,*,#2962,.T.);
#3852=ORIENTED_EDGE('',*,*,#2953,.T.);
#3853=ORIENTED_EDGE('',*,*,#2864,.T.);
#3854=ORIENTED_EDGE('',*,*,#2963,.F.);
#3855=ORIENTED_EDGE('',*,*,#2964,.F.);
#3856=ORIENTED_EDGE('',*,*,#2923,.T.);
#3857=ORIENTED_EDGE('',*,*,#2863,.T.);
#3858=ORIENTED_EDGE('',*,*,#2965,.F.);
#3859=ORIENTED_EDGE('',*,*,#2966,.F.);
#3860=ORIENTED_EDGE('',*,*,#2963,.T.);
#3861=ORIENTED_EDGE('',*,*,#2876,.T.);
#3862=ORIENTED_EDGE('',*,*,#2949,.F.);
#3863=ORIENTED_EDGE('',*,*,#2967,.F.);
#3864=ORIENTED_EDGE('',*,*,#2965,.T.);
#3865=ORIENTED_EDGE('',*,*,#2862,.T.);
#3866=ORIENTED_EDGE('',*,*,#2968,.T.);
#3867=ORIENTED_EDGE('',*,*,#2969,.T.);
#3868=ORIENTED_EDGE('',*,*,#2970,.T.);
#3869=ORIENTED_EDGE('',*,*,#2971,.T.);
#3870=ORIENTED_EDGE('',*,*,#2972,.T.);
#3871=ORIENTED_EDGE('',*,*,#2973,.T.);
#3872=ORIENTED_EDGE('',*,*,#2974,.T.);
#3873=ORIENTED_EDGE('',*,*,#2975,.T.);
#3874=ORIENTED_EDGE('',*,*,#2976,.T.);
#3875=ORIENTED_EDGE('',*,*,#2977,.F.);
#3876=ORIENTED_EDGE('',*,*,#2951,.F.);
#3877=ORIENTED_EDGE('',*,*,#2978,.T.);
#3878=ORIENTED_EDGE('',*,*,#2979,.T.);
#3879=ORIENTED_EDGE('',*,*,#2980,.T.);
#3880=ORIENTED_EDGE('',*,*,#2981,.T.);
#3881=ORIENTED_EDGE('',*,*,#2982,.T.);
#3882=ORIENTED_EDGE('',*,*,#2983,.T.);
#3883=ORIENTED_EDGE('',*,*,#2984,.T.);
#3884=ORIENTED_EDGE('',*,*,#2985,.T.);
#3885=ORIENTED_EDGE('',*,*,#2986,.T.);
#3886=ORIENTED_EDGE('',*,*,#2987,.T.);
#3887=ORIENTED_EDGE('',*,*,#2988,.T.);
#3888=ORIENTED_EDGE('',*,*,#2989,.T.);
#3889=ORIENTED_EDGE('',*,*,#2990,.T.);
#3890=ORIENTED_EDGE('',*,*,#2991,.T.);
#3891=ORIENTED_EDGE('',*,*,#2992,.T.);
#3892=ORIENTED_EDGE('',*,*,#2993,.T.);
#3893=ORIENTED_EDGE('',*,*,#2994,.T.);
#3894=ORIENTED_EDGE('',*,*,#2995,.T.);
#3895=ORIENTED_EDGE('',*,*,#2996,.T.);
#3896=ORIENTED_EDGE('',*,*,#2997,.T.);
#3897=ORIENTED_EDGE('',*,*,#2998,.F.);
#3898=ORIENTED_EDGE('',*,*,#2999,.F.);
#3899=ORIENTED_EDGE('',*,*,#3000,.F.);
#3900=ORIENTED_EDGE('',*,*,#3001,.F.);
#3901=ORIENTED_EDGE('',*,*,#3002,.F.);
#3902=ORIENTED_EDGE('',*,*,#3001,.T.);
#3903=ORIENTED_EDGE('',*,*,#3003,.F.);
#3904=ORIENTED_EDGE('',*,*,#3004,.T.);
#3905=ORIENTED_EDGE('',*,*,#3005,.F.);
#3906=ORIENTED_EDGE('',*,*,#3004,.F.);
#3907=ORIENTED_EDGE('',*,*,#3006,.F.);
#3908=ORIENTED_EDGE('',*,*,#3007,.F.);
#3909=ORIENTED_EDGE('',*,*,#3006,.T.);
#3910=ORIENTED_EDGE('',*,*,#3003,.T.);
#3911=ORIENTED_EDGE('',*,*,#3000,.T.);
#3912=ORIENTED_EDGE('',*,*,#3008,.T.);
#3913=ORIENTED_EDGE('',*,*,#3009,.T.);
#3914=ORIENTED_EDGE('',*,*,#3010,.F.);
#3915=ORIENTED_EDGE('',*,*,#3011,.T.);
#3916=ORIENTED_EDGE('',*,*,#3012,.T.);
#3917=ORIENTED_EDGE('',*,*,#3013,.T.);
#3918=ORIENTED_EDGE('',*,*,#3014,.T.);
#3919=ORIENTED_EDGE('',*,*,#3015,.T.);
#3920=ORIENTED_EDGE('',*,*,#3016,.T.);
#3921=ORIENTED_EDGE('',*,*,#3017,.T.);
#3922=ORIENTED_EDGE('',*,*,#3018,.T.);
#3923=ORIENTED_EDGE('',*,*,#3019,.T.);
#3924=ORIENTED_EDGE('',*,*,#3020,.T.);
#3925=ORIENTED_EDGE('',*,*,#3021,.T.);
#3926=ORIENTED_EDGE('',*,*,#3022,.T.);
#3927=ORIENTED_EDGE('',*,*,#3023,.T.);
#3928=ORIENTED_EDGE('',*,*,#3024,.T.);
#3929=ORIENTED_EDGE('',*,*,#3025,.T.);
#3930=ORIENTED_EDGE('',*,*,#3026,.T.);
#3931=ORIENTED_EDGE('',*,*,#3027,.T.);
#3932=ORIENTED_EDGE('',*,*,#3028,.T.);
#3933=ORIENTED_EDGE('',*,*,#3029,.T.);
#3934=ORIENTED_EDGE('',*,*,#3030,.T.);
#3935=ORIENTED_EDGE('',*,*,#3031,.T.);
#3936=ORIENTED_EDGE('',*,*,#3032,.T.);
#3937=ORIENTED_EDGE('',*,*,#3033,.T.);
#3938=ORIENTED_EDGE('',*,*,#3034,.T.);
#3939=ORIENTED_EDGE('',*,*,#3035,.T.);
#3940=ORIENTED_EDGE('',*,*,#3036,.T.);
#3941=ORIENTED_EDGE('',*,*,#3037,.T.);
#3942=ORIENTED_EDGE('',*,*,#3038,.T.);
#3943=ORIENTED_EDGE('',*,*,#3039,.T.);
#3944=ORIENTED_EDGE('',*,*,#3040,.T.);
#3945=ORIENTED_EDGE('',*,*,#2999,.T.);
#3946=ORIENTED_EDGE('',*,*,#3041,.F.);
#3947=ORIENTED_EDGE('',*,*,#3042,.T.);
#3948=ORIENTED_EDGE('',*,*,#3043,.T.);
#3949=ORIENTED_EDGE('',*,*,#3044,.F.);
#3950=ORIENTED_EDGE('',*,*,#3045,.T.);
#3951=ORIENTED_EDGE('',*,*,#3046,.T.);
#3952=ORIENTED_EDGE('',*,*,#3008,.F.);
#3953=ORIENTED_EDGE('',*,*,#3007,.T.);
#3954=ORIENTED_EDGE('',*,*,#3020,.F.);
#3955=ORIENTED_EDGE('',*,*,#3047,.T.);
#3956=ORIENTED_EDGE('',*,*,#3048,.T.);
#3957=ORIENTED_EDGE('',*,*,#3049,.T.);
#3958=ORIENTED_EDGE('',*,*,#3050,.T.);
#3959=ORIENTED_EDGE('',*,*,#3051,.T.);
#3960=ORIENTED_EDGE('',*,*,#3052,.T.);
#3961=ORIENTED_EDGE('',*,*,#3053,.T.);
#3962=ORIENTED_EDGE('',*,*,#3054,.T.);
#3963=ORIENTED_EDGE('',*,*,#3055,.T.);
#3964=ORIENTED_EDGE('',*,*,#3056,.T.);
#3965=ORIENTED_EDGE('',*,*,#3057,.T.);
#3966=ORIENTED_EDGE('',*,*,#3058,.T.);
#3967=ORIENTED_EDGE('',*,*,#3059,.T.);
#3968=ORIENTED_EDGE('',*,*,#3060,.T.);
#3969=ORIENTED_EDGE('',*,*,#3061,.T.);
#3970=ORIENTED_EDGE('',*,*,#3062,.T.);
#3971=ORIENTED_EDGE('',*,*,#3063,.T.);
#3972=ORIENTED_EDGE('',*,*,#3064,.T.);
#3973=ORIENTED_EDGE('',*,*,#3065,.T.);
#3974=ORIENTED_EDGE('',*,*,#3012,.F.);
#3975=ORIENTED_EDGE('',*,*,#3066,.T.);
#3976=ORIENTED_EDGE('',*,*,#3067,.F.);
#3977=ORIENTED_EDGE('',*,*,#3068,.T.);
#3978=ORIENTED_EDGE('',*,*,#3069,.F.);
#3979=ORIENTED_EDGE('',*,*,#3070,.T.);
#3980=ORIENTED_EDGE('',*,*,#3071,.T.);
#3981=ORIENTED_EDGE('',*,*,#3072,.T.);
#3982=ORIENTED_EDGE('',*,*,#3073,.T.);
#3983=ORIENTED_EDGE('',*,*,#3074,.T.);
#3984=ORIENTED_EDGE('',*,*,#3075,.T.);
#3985=ORIENTED_EDGE('',*,*,#3076,.T.);
#3986=ORIENTED_EDGE('',*,*,#3077,.T.);
#3987=ORIENTED_EDGE('',*,*,#3078,.T.);
#3988=ORIENTED_EDGE('',*,*,#3079,.T.);
#3989=ORIENTED_EDGE('',*,*,#3080,.T.);
#3990=ORIENTED_EDGE('',*,*,#3081,.T.);
#3991=ORIENTED_EDGE('',*,*,#3082,.T.);
#3992=ORIENTED_EDGE('',*,*,#3083,.T.);
#3993=ORIENTED_EDGE('',*,*,#3084,.T.);
#3994=ORIENTED_EDGE('',*,*,#3085,.T.);
#3995=ORIENTED_EDGE('',*,*,#3086,.T.);
#3996=ORIENTED_EDGE('',*,*,#3087,.T.);
#3997=ORIENTED_EDGE('',*,*,#3088,.T.);
#3998=ORIENTED_EDGE('',*,*,#3089,.T.);
#3999=ORIENTED_EDGE('',*,*,#3090,.T.);
#4000=ORIENTED_EDGE('',*,*,#3091,.T.);
#4001=ORIENTED_EDGE('',*,*,#3092,.T.);
#4002=ORIENTED_EDGE('',*,*,#3093,.T.);
#4003=ORIENTED_EDGE('',*,*,#3015,.F.);
#4004=ORIENTED_EDGE('',*,*,#3094,.F.);
#4005=ORIENTED_EDGE('',*,*,#3095,.F.);
#4006=ORIENTED_EDGE('',*,*,#3057,.F.);
#4007=ORIENTED_EDGE('',*,*,#3096,.T.);
#4008=ORIENTED_EDGE('',*,*,#3097,.F.);
#4009=ORIENTED_EDGE('',*,*,#3098,.T.);
#4010=ORIENTED_EDGE('',*,*,#3096,.F.);
#4011=ORIENTED_EDGE('',*,*,#3099,.T.);
#4012=ORIENTED_EDGE('',*,*,#3100,.F.);
#4013=ORIENTED_EDGE('',*,*,#3013,.F.);
#4014=ORIENTED_EDGE('',*,*,#3065,.F.);
#4015=ORIENTED_EDGE('',*,*,#3100,.T.);
#4016=ORIENTED_EDGE('',*,*,#3059,.F.);
#4017=ORIENTED_EDGE('',*,*,#3101,.T.);
#4018=ORIENTED_EDGE('',*,*,#3102,.F.);
#4019=ORIENTED_EDGE('',*,*,#3058,.F.);
#4020=ORIENTED_EDGE('',*,*,#3095,.T.);
#4021=ORIENTED_EDGE('',*,*,#3103,.F.);
#4022=ORIENTED_EDGE('',*,*,#3101,.F.);
#4023=ORIENTED_EDGE('',*,*,#3014,.F.);
#4024=ORIENTED_EDGE('',*,*,#3102,.T.);
#4025=ORIENTED_EDGE('',*,*,#3103,.T.);
#4026=ORIENTED_EDGE('',*,*,#3094,.T.);
#4027=ORIENTED_EDGE('',*,*,#3097,.T.);
#4028=ORIENTED_EDGE('',*,*,#3104,.T.);
#4029=ORIENTED_EDGE('',*,*,#3105,.T.);
#4030=ORIENTED_EDGE('',*,*,#3016,.F.);
#4031=ORIENTED_EDGE('',*,*,#3017,.F.);
#4032=ORIENTED_EDGE('',*,*,#3105,.F.);
#4033=ORIENTED_EDGE('',*,*,#3106,.T.);
#4034=ORIENTED_EDGE('',*,*,#3055,.F.);
#4035=ORIENTED_EDGE('',*,*,#3107,.T.);
#4036=ORIENTED_EDGE('',*,*,#3108,.F.);
#4037=ORIENTED_EDGE('',*,*,#3109,.T.);
#4038=ORIENTED_EDGE('',*,*,#3110,.F.);
#4039=ORIENTED_EDGE('',*,*,#3111,.T.);
#4040=ORIENTED_EDGE('',*,*,#3106,.F.);
#4041=ORIENTED_EDGE('',*,*,#3019,.F.);
#4042=ORIENTED_EDGE('',*,*,#3112,.F.);
#4043=ORIENTED_EDGE('',*,*,#3113,.F.);
#4044=ORIENTED_EDGE('',*,*,#3053,.F.);
#4045=ORIENTED_EDGE('',*,*,#3110,.T.);
#4046=ORIENTED_EDGE('',*,*,#3047,.F.);
#4047=ORIENTED_EDGE('',*,*,#3054,.F.);
#4048=ORIENTED_EDGE('',*,*,#3113,.T.);
#4049=ORIENTED_EDGE('',*,*,#3114,.F.);
#4050=ORIENTED_EDGE('',*,*,#3107,.F.);
#4051=ORIENTED_EDGE('',*,*,#3018,.F.);
#4052=ORIENTED_EDGE('',*,*,#3108,.T.);
#4053=ORIENTED_EDGE('',*,*,#3114,.T.);
#4054=ORIENTED_EDGE('',*,*,#3112,.T.);
#4055=ORIENTED_EDGE('',*,*,#3115,.F.);
#4056=ORIENTED_EDGE('',*,*,#3116,.F.);
#4057=ORIENTED_EDGE('',*,*,#3117,.T.);
#4058=ORIENTED_EDGE('',*,*,#3118,.F.);
#4059=ORIENTED_EDGE('',*,*,#3117,.F.);
#4060=ORIENTED_EDGE('',*,*,#3119,.F.);
#4061=ORIENTED_EDGE('',*,*,#3120,.T.);
#4062=ORIENTED_EDGE('',*,*,#3121,.F.);
#4063=ORIENTED_EDGE('',*,*,#3122,.F.);
#4064=ORIENTED_EDGE('',*,*,#3121,.T.);
#4065=ORIENTED_EDGE('',*,*,#2865,.T.);
#4066=ORIENTED_EDGE('',*,*,#3116,.T.);
#4067=ORIENTED_EDGE('',*,*,#3123,.F.);
#4068=ORIENTED_EDGE('',*,*,#3124,.T.);
#4069=ORIENTED_EDGE('',*,*,#3125,.F.);
#4070=ORIENTED_EDGE('',*,*,#2845,.T.);
#4071=ORIENTED_EDGE('',*,*,#2882,.T.);
#4072=ORIENTED_EDGE('',*,*,#3126,.T.);
#4073=ORIENTED_EDGE('',*,*,#3127,.T.);
#4074=ORIENTED_EDGE('',*,*,#3128,.T.);
#4075=ORIENTED_EDGE('',*,*,#3123,.T.);
#4076=ORIENTED_EDGE('',*,*,#3115,.T.);
#4077=ORIENTED_EDGE('',*,*,#3118,.T.);
#4078=ORIENTED_EDGE('',*,*,#3122,.T.);
#4079=ORIENTED_EDGE('',*,*,#2872,.T.);
#4080=ORIENTED_EDGE('',*,*,#2925,.F.);
#4081=ORIENTED_EDGE('',*,*,#3129,.F.);
#4082=ORIENTED_EDGE('',*,*,#3130,.F.);
#4083=ORIENTED_EDGE('',*,*,#2969,.F.);
#4084=ORIENTED_EDGE('',*,*,#3131,.F.);
#4085=ORIENTED_EDGE('',*,*,#3132,.F.);
#4086=ORIENTED_EDGE('',*,*,#3133,.F.);
#4087=ORIENTED_EDGE('',*,*,#3134,.F.);
#4088=ORIENTED_EDGE('',*,*,#2968,.F.);
#4089=ORIENTED_EDGE('',*,*,#2861,.T.);
#4090=ORIENTED_EDGE('',*,*,#3131,.T.);
#4091=ORIENTED_EDGE('',*,*,#2970,.F.);
#4092=ORIENTED_EDGE('',*,*,#3134,.T.);
#4093=ORIENTED_EDGE('',*,*,#3135,.F.);
#4094=ORIENTED_EDGE('',*,*,#3126,.F.);
#4095=ORIENTED_EDGE('',*,*,#2881,.T.);
#4096=ORIENTED_EDGE('',*,*,#3136,.T.);
#4097=ORIENTED_EDGE('',*,*,#3127,.F.);
#4098=ORIENTED_EDGE('',*,*,#3136,.F.);
#4099=ORIENTED_EDGE('',*,*,#3137,.T.);
#4100=ORIENTED_EDGE('',*,*,#3138,.F.);
#4101=ORIENTED_EDGE('',*,*,#3139,.F.);
#4102=ORIENTED_EDGE('',*,*,#3128,.F.);
#4103=ORIENTED_EDGE('',*,*,#3139,.T.);
#4104=ORIENTED_EDGE('',*,*,#3124,.F.);
#4105=ORIENTED_EDGE('',*,*,#2972,.F.);
#4106=ORIENTED_EDGE('',*,*,#3140,.F.);
#4107=ORIENTED_EDGE('',*,*,#3141,.T.);
#4108=ORIENTED_EDGE('',*,*,#2974,.F.);
#4109=ORIENTED_EDGE('',*,*,#3142,.T.);
#4110=ORIENTED_EDGE('',*,*,#2877,.T.);
#4111=ORIENTED_EDGE('',*,*,#2973,.F.);
#4112=ORIENTED_EDGE('',*,*,#3141,.F.);
#4113=ORIENTED_EDGE('',*,*,#3143,.F.);
#4114=ORIENTED_EDGE('',*,*,#3144,.F.);
#4115=ORIENTED_EDGE('',*,*,#3142,.F.);
#4116=ORIENTED_EDGE('',*,*,#3135,.T.);
#4117=ORIENTED_EDGE('',*,*,#3145,.F.);
#4118=ORIENTED_EDGE('',*,*,#3140,.T.);
#4119=ORIENTED_EDGE('',*,*,#2971,.F.);
#4120=ORIENTED_EDGE('',*,*,#2854,.T.);
#4121=ORIENTED_EDGE('',*,*,#2962,.F.);
#4122=ORIENTED_EDGE('',*,*,#3146,.F.);
#4123=ORIENTED_EDGE('',*,*,#3147,.T.);
#4124=ORIENTED_EDGE('',*,*,#2954,.F.);
#4125=ORIENTED_EDGE('',*,*,#2961,.F.);
#4126=ORIENTED_EDGE('',*,*,#3148,.F.);
#4127=ORIENTED_EDGE('',*,*,#3146,.T.);
#4128=ORIENTED_EDGE('',*,*,#3148,.T.);
#4129=ORIENTED_EDGE('',*,*,#2960,.F.);
#4130=ORIENTED_EDGE('',*,*,#3149,.T.);
#4131=ORIENTED_EDGE('',*,*,#3150,.F.);
#4132=ORIENTED_EDGE('',*,*,#2848,.T.);
#4133=ORIENTED_EDGE('',*,*,#2959,.F.);
#4134=ORIENTED_EDGE('',*,*,#3151,.T.);
#4135=ORIENTED_EDGE('',*,*,#3149,.F.);
#4136=ORIENTED_EDGE('',*,*,#2958,.F.);
#4137=ORIENTED_EDGE('',*,*,#2926,.F.);
#4138=ORIENTED_EDGE('',*,*,#3152,.T.);
#4139=ORIENTED_EDGE('',*,*,#3151,.F.);
#4140=ORIENTED_EDGE('',*,*,#3153,.F.);
#4141=ORIENTED_EDGE('',*,*,#3154,.F.);
#4142=ORIENTED_EDGE('',*,*,#3155,.F.);
#4143=ORIENTED_EDGE('',*,*,#3156,.T.);
#4144=ORIENTED_EDGE('',*,*,#3157,.F.);
#4145=ORIENTED_EDGE('',*,*,#3156,.F.);
#4146=ORIENTED_EDGE('',*,*,#3158,.F.);
#4147=ORIENTED_EDGE('',*,*,#2884,.T.);
#4148=ORIENTED_EDGE('',*,*,#3159,.F.);
#4149=ORIENTED_EDGE('',*,*,#3160,.F.);
#4150=ORIENTED_EDGE('',*,*,#2947,.T.);
#4151=ORIENTED_EDGE('',*,*,#2874,.T.);
#4152=ORIENTED_EDGE('',*,*,#3161,.T.);
#4153=ORIENTED_EDGE('',*,*,#3153,.T.);
#4154=ORIENTED_EDGE('',*,*,#3157,.T.);
#4155=ORIENTED_EDGE('',*,*,#3162,.T.);
#4156=ORIENTED_EDGE('',*,*,#3163,.T.);
#4157=ORIENTED_EDGE('',*,*,#3164,.T.);
#4158=ORIENTED_EDGE('',*,*,#3165,.T.);
#4159=ORIENTED_EDGE('',*,*,#3163,.F.);
#4160=ORIENTED_EDGE('',*,*,#3166,.F.);
#4161=ORIENTED_EDGE('',*,*,#3167,.T.);
#4162=ORIENTED_EDGE('',*,*,#3164,.F.);
#4163=ORIENTED_EDGE('',*,*,#3167,.F.);
#4164=ORIENTED_EDGE('',*,*,#3168,.F.);
#4165=ORIENTED_EDGE('',*,*,#3169,.T.);
#4166=ORIENTED_EDGE('',*,*,#3170,.F.);
#4167=ORIENTED_EDGE('',*,*,#3171,.F.);
#4168=ORIENTED_EDGE('',*,*,#2933,.F.);
#4169=ORIENTED_EDGE('',*,*,#3172,.T.);
#4170=ORIENTED_EDGE('',*,*,#3173,.F.);
#4171=ORIENTED_EDGE('',*,*,#3172,.F.);
#4172=ORIENTED_EDGE('',*,*,#2932,.F.);
#4173=ORIENTED_EDGE('',*,*,#3174,.F.);
#4174=ORIENTED_EDGE('',*,*,#3175,.F.);
#4175=ORIENTED_EDGE('',*,*,#3174,.T.);
#4176=ORIENTED_EDGE('',*,*,#2931,.F.);
#4177=ORIENTED_EDGE('',*,*,#3176,.T.);
#4178=ORIENTED_EDGE('',*,*,#3177,.F.);
#4179=ORIENTED_EDGE('',*,*,#3176,.F.);
#4180=ORIENTED_EDGE('',*,*,#2934,.F.);
#4181=ORIENTED_EDGE('',*,*,#3171,.T.);
#4182=ORIENTED_EDGE('',*,*,#3178,.F.);
#4183=ORIENTED_EDGE('',*,*,#3179,.F.);
#4184=ORIENTED_EDGE('',*,*,#2937,.F.);
#4185=ORIENTED_EDGE('',*,*,#3180,.T.);
#4186=ORIENTED_EDGE('',*,*,#3181,.F.);
#4187=ORIENTED_EDGE('',*,*,#3180,.F.);
#4188=ORIENTED_EDGE('',*,*,#2936,.F.);
#4189=ORIENTED_EDGE('',*,*,#3182,.F.);
#4190=ORIENTED_EDGE('',*,*,#3183,.F.);
#4191=ORIENTED_EDGE('',*,*,#3182,.T.);
#4192=ORIENTED_EDGE('',*,*,#2935,.F.);
#4193=ORIENTED_EDGE('',*,*,#3184,.T.);
#4194=ORIENTED_EDGE('',*,*,#3185,.F.);
#4195=ORIENTED_EDGE('',*,*,#3184,.F.);
#4196=ORIENTED_EDGE('',*,*,#2938,.F.);
#4197=ORIENTED_EDGE('',*,*,#3179,.T.);
#4198=ORIENTED_EDGE('',*,*,#3186,.F.);
#4199=ORIENTED_EDGE('',*,*,#3187,.F.);
#4200=ORIENTED_EDGE('',*,*,#2941,.F.);
#4201=ORIENTED_EDGE('',*,*,#3188,.T.);
#4202=ORIENTED_EDGE('',*,*,#3189,.F.);
#4203=ORIENTED_EDGE('',*,*,#3188,.F.);
#4204=ORIENTED_EDGE('',*,*,#2940,.F.);
#4205=ORIENTED_EDGE('',*,*,#3190,.F.);
#4206=ORIENTED_EDGE('',*,*,#3191,.F.);
#4207=ORIENTED_EDGE('',*,*,#3190,.T.);
#4208=ORIENTED_EDGE('',*,*,#2939,.F.);
#4209=ORIENTED_EDGE('',*,*,#3192,.T.);
#4210=ORIENTED_EDGE('',*,*,#3193,.F.);
#4211=ORIENTED_EDGE('',*,*,#3192,.F.);
#4212=ORIENTED_EDGE('',*,*,#2942,.F.);
#4213=ORIENTED_EDGE('',*,*,#3187,.T.);
#4214=ORIENTED_EDGE('',*,*,#3194,.F.);
#4215=ORIENTED_EDGE('',*,*,#3195,.F.);
#4216=ORIENTED_EDGE('',*,*,#2945,.F.);
#4217=ORIENTED_EDGE('',*,*,#3196,.T.);
#4218=ORIENTED_EDGE('',*,*,#3197,.F.);
#4219=ORIENTED_EDGE('',*,*,#3196,.F.);
#4220=ORIENTED_EDGE('',*,*,#2944,.F.);
#4221=ORIENTED_EDGE('',*,*,#3198,.F.);
#4222=ORIENTED_EDGE('',*,*,#3199,.F.);
#4223=ORIENTED_EDGE('',*,*,#3198,.T.);
#4224=ORIENTED_EDGE('',*,*,#2943,.F.);
#4225=ORIENTED_EDGE('',*,*,#3200,.T.);
#4226=ORIENTED_EDGE('',*,*,#3201,.F.);
#4227=ORIENTED_EDGE('',*,*,#3200,.F.);
#4228=ORIENTED_EDGE('',*,*,#2946,.F.);
#4229=ORIENTED_EDGE('',*,*,#3195,.T.);
#4230=ORIENTED_EDGE('',*,*,#3023,.F.);
#4231=ORIENTED_EDGE('',*,*,#3202,.T.);
#4232=ORIENTED_EDGE('',*,*,#2980,.F.);
#4233=ORIENTED_EDGE('',*,*,#3203,.F.);
#4234=ORIENTED_EDGE('',*,*,#3024,.F.);
#4235=ORIENTED_EDGE('',*,*,#3203,.T.);
#4236=ORIENTED_EDGE('',*,*,#2979,.F.);
#4237=ORIENTED_EDGE('',*,*,#3204,.F.);
#4238=ORIENTED_EDGE('',*,*,#3021,.F.);
#4239=ORIENTED_EDGE('',*,*,#3204,.T.);
#4240=ORIENTED_EDGE('',*,*,#2978,.F.);
#4241=ORIENTED_EDGE('',*,*,#3205,.F.);
#4242=ORIENTED_EDGE('',*,*,#3022,.F.);
#4243=ORIENTED_EDGE('',*,*,#3205,.T.);
#4244=ORIENTED_EDGE('',*,*,#2981,.F.);
#4245=ORIENTED_EDGE('',*,*,#3202,.F.);
#4246=ORIENTED_EDGE('',*,*,#3027,.F.);
#4247=ORIENTED_EDGE('',*,*,#3206,.T.);
#4248=ORIENTED_EDGE('',*,*,#2984,.F.);
#4249=ORIENTED_EDGE('',*,*,#3207,.F.);
#4250=ORIENTED_EDGE('',*,*,#3028,.F.);
#4251=ORIENTED_EDGE('',*,*,#3207,.T.);
#4252=ORIENTED_EDGE('',*,*,#2983,.F.);
#4253=ORIENTED_EDGE('',*,*,#3208,.F.);
#4254=ORIENTED_EDGE('',*,*,#3025,.F.);
#4255=ORIENTED_EDGE('',*,*,#3208,.T.);
#4256=ORIENTED_EDGE('',*,*,#2982,.F.);
#4257=ORIENTED_EDGE('',*,*,#3209,.F.);
#4258=ORIENTED_EDGE('',*,*,#3026,.F.);
#4259=ORIENTED_EDGE('',*,*,#3209,.T.);
#4260=ORIENTED_EDGE('',*,*,#2985,.F.);
#4261=ORIENTED_EDGE('',*,*,#3206,.F.);
#4262=ORIENTED_EDGE('',*,*,#3031,.F.);
#4263=ORIENTED_EDGE('',*,*,#3210,.T.);
#4264=ORIENTED_EDGE('',*,*,#2988,.F.);
#4265=ORIENTED_EDGE('',*,*,#3211,.F.);
#4266=ORIENTED_EDGE('',*,*,#3032,.F.);
#4267=ORIENTED_EDGE('',*,*,#3211,.T.);
#4268=ORIENTED_EDGE('',*,*,#2987,.F.);
#4269=ORIENTED_EDGE('',*,*,#3212,.F.);
#4270=ORIENTED_EDGE('',*,*,#3029,.F.);
#4271=ORIENTED_EDGE('',*,*,#3212,.T.);
#4272=ORIENTED_EDGE('',*,*,#2986,.F.);
#4273=ORIENTED_EDGE('',*,*,#3213,.F.);
#4274=ORIENTED_EDGE('',*,*,#3030,.F.);
#4275=ORIENTED_EDGE('',*,*,#3213,.T.);
#4276=ORIENTED_EDGE('',*,*,#2989,.F.);
#4277=ORIENTED_EDGE('',*,*,#3210,.F.);
#4278=ORIENTED_EDGE('',*,*,#3214,.F.);
#4279=ORIENTED_EDGE('',*,*,#3215,.F.);
#4280=ORIENTED_EDGE('',*,*,#2915,.F.);
#4281=ORIENTED_EDGE('',*,*,#3216,.T.);
#4282=ORIENTED_EDGE('',*,*,#3217,.F.);
#4283=ORIENTED_EDGE('',*,*,#3216,.F.);
#4284=ORIENTED_EDGE('',*,*,#2914,.F.);
#4285=ORIENTED_EDGE('',*,*,#3218,.T.);
#4286=ORIENTED_EDGE('',*,*,#3219,.F.);
#4287=ORIENTED_EDGE('',*,*,#3218,.F.);
#4288=ORIENTED_EDGE('',*,*,#2913,.F.);
#4289=ORIENTED_EDGE('',*,*,#3220,.T.);
#4290=ORIENTED_EDGE('',*,*,#3221,.F.);
#4291=ORIENTED_EDGE('',*,*,#3220,.F.);
#4292=ORIENTED_EDGE('',*,*,#2916,.F.);
#4293=ORIENTED_EDGE('',*,*,#3215,.T.);
#4294=ORIENTED_EDGE('',*,*,#3222,.F.);
#4295=ORIENTED_EDGE('',*,*,#3223,.F.);
#4296=ORIENTED_EDGE('',*,*,#2911,.F.);
#4297=ORIENTED_EDGE('',*,*,#3224,.T.);
#4298=ORIENTED_EDGE('',*,*,#3225,.F.);
#4299=ORIENTED_EDGE('',*,*,#3224,.F.);
#4300=ORIENTED_EDGE('',*,*,#2910,.F.);
#4301=ORIENTED_EDGE('',*,*,#3226,.T.);
#4302=ORIENTED_EDGE('',*,*,#3227,.F.);
#4303=ORIENTED_EDGE('',*,*,#3226,.F.);
#4304=ORIENTED_EDGE('',*,*,#2909,.F.);
#4305=ORIENTED_EDGE('',*,*,#3228,.T.);
#4306=ORIENTED_EDGE('',*,*,#3229,.F.);
#4307=ORIENTED_EDGE('',*,*,#3228,.F.);
#4308=ORIENTED_EDGE('',*,*,#2912,.F.);
#4309=ORIENTED_EDGE('',*,*,#3223,.T.);
#4310=ORIENTED_EDGE('',*,*,#3230,.F.);
#4311=ORIENTED_EDGE('',*,*,#3231,.F.);
#4312=ORIENTED_EDGE('',*,*,#2907,.F.);
#4313=ORIENTED_EDGE('',*,*,#3232,.T.);
#4314=ORIENTED_EDGE('',*,*,#3233,.F.);
#4315=ORIENTED_EDGE('',*,*,#3232,.F.);
#4316=ORIENTED_EDGE('',*,*,#2906,.F.);
#4317=ORIENTED_EDGE('',*,*,#3234,.T.);
#4318=ORIENTED_EDGE('',*,*,#3235,.F.);
#4319=ORIENTED_EDGE('',*,*,#3234,.F.);
#4320=ORIENTED_EDGE('',*,*,#2905,.F.);
#4321=ORIENTED_EDGE('',*,*,#3236,.T.);
#4322=ORIENTED_EDGE('',*,*,#3237,.F.);
#4323=ORIENTED_EDGE('',*,*,#3236,.F.);
#4324=ORIENTED_EDGE('',*,*,#2908,.F.);
#4325=ORIENTED_EDGE('',*,*,#3231,.T.);
#4326=ORIENTED_EDGE('',*,*,#3040,.F.);
#4327=ORIENTED_EDGE('',*,*,#3238,.T.);
#4328=ORIENTED_EDGE('',*,*,#2997,.F.);
#4329=ORIENTED_EDGE('',*,*,#3238,.F.);
#4330=ORIENTED_EDGE('',*,*,#3039,.F.);
#4331=ORIENTED_EDGE('',*,*,#3239,.T.);
#4332=ORIENTED_EDGE('',*,*,#2996,.F.);
#4333=ORIENTED_EDGE('',*,*,#3239,.F.);
#4334=ORIENTED_EDGE('',*,*,#3038,.F.);
#4335=ORIENTED_EDGE('',*,*,#3240,.T.);
#4336=ORIENTED_EDGE('',*,*,#2995,.F.);
#4337=ORIENTED_EDGE('',*,*,#3240,.F.);
#4338=ORIENTED_EDGE('',*,*,#3037,.F.);
#4339=ORIENTED_EDGE('',*,*,#3241,.T.);
#4340=ORIENTED_EDGE('',*,*,#2994,.F.);
#4341=ORIENTED_EDGE('',*,*,#3241,.F.);
#4342=ORIENTED_EDGE('',*,*,#3036,.F.);
#4343=ORIENTED_EDGE('',*,*,#3242,.T.);
#4344=ORIENTED_EDGE('',*,*,#2993,.F.);
#4345=ORIENTED_EDGE('',*,*,#3242,.F.);
#4346=ORIENTED_EDGE('',*,*,#3035,.F.);
#4347=ORIENTED_EDGE('',*,*,#3243,.T.);
#4348=ORIENTED_EDGE('',*,*,#2992,.F.);
#4349=ORIENTED_EDGE('',*,*,#3243,.F.);
#4350=ORIENTED_EDGE('',*,*,#3034,.F.);
#4351=ORIENTED_EDGE('',*,*,#3244,.T.);
#4352=ORIENTED_EDGE('',*,*,#2991,.F.);
#4353=ORIENTED_EDGE('',*,*,#3244,.F.);
#4354=ORIENTED_EDGE('',*,*,#3033,.F.);
#4355=ORIENTED_EDGE('',*,*,#3245,.T.);
#4356=ORIENTED_EDGE('',*,*,#2990,.F.);
#4357=ORIENTED_EDGE('',*,*,#3245,.F.);
#4358=ORIENTED_EDGE('',*,*,#3246,.T.);
#4359=ORIENTED_EDGE('',*,*,#3247,.F.);
#4360=ORIENTED_EDGE('',*,*,#3248,.T.);
#4361=ORIENTED_EDGE('',*,*,#3249,.T.);
#4362=ORIENTED_EDGE('',*,*,#3250,.T.);
#4363=ORIENTED_EDGE('',*,*,#3251,.T.);
#4364=ORIENTED_EDGE('',*,*,#3252,.T.);
#4365=ORIENTED_EDGE('',*,*,#3253,.T.);
#4366=ORIENTED_EDGE('',*,*,#3254,.T.);
#4367=ORIENTED_EDGE('',*,*,#3255,.F.);
#4368=ORIENTED_EDGE('',*,*,#3256,.T.);
#4369=ORIENTED_EDGE('',*,*,#3257,.T.);
#4370=ORIENTED_EDGE('',*,*,#3258,.T.);
#4371=ORIENTED_EDGE('',*,*,#3259,.T.);
#4372=ORIENTED_EDGE('',*,*,#3260,.T.);
#4373=ORIENTED_EDGE('',*,*,#3261,.T.);
#4374=ORIENTED_EDGE('',*,*,#3010,.T.);
#4375=ORIENTED_EDGE('',*,*,#3262,.T.);
#4376=ORIENTED_EDGE('',*,*,#3263,.T.);
#4377=ORIENTED_EDGE('',*,*,#3264,.T.);
#4378=ORIENTED_EDGE('',*,*,#3265,.T.);
#4379=ORIENTED_EDGE('',*,*,#3266,.T.);
#4380=ORIENTED_EDGE('',*,*,#3267,.T.);
#4381=ORIENTED_EDGE('',*,*,#3268,.T.);
#4382=ORIENTED_EDGE('',*,*,#3269,.T.);
#4383=ORIENTED_EDGE('',*,*,#3270,.T.);
#4384=ORIENTED_EDGE('',*,*,#3271,.T.);
#4385=ORIENTED_EDGE('',*,*,#3272,.T.);
#4386=ORIENTED_EDGE('',*,*,#3273,.F.);
#4387=ORIENTED_EDGE('',*,*,#3045,.F.);
#4388=ORIENTED_EDGE('',*,*,#3274,.F.);
#4389=ORIENTED_EDGE('',*,*,#3246,.F.);
#4390=ORIENTED_EDGE('',*,*,#3275,.F.);
#4391=ORIENTED_EDGE('',*,*,#3265,.F.);
#4392=ORIENTED_EDGE('',*,*,#3276,.F.);
#4393=ORIENTED_EDGE('',*,*,#3277,.F.);
#4394=ORIENTED_EDGE('',*,*,#3272,.F.);
#4395=ORIENTED_EDGE('',*,*,#3278,.T.);
#4396=ORIENTED_EDGE('',*,*,#3279,.T.);
#4397=ORIENTED_EDGE('',*,*,#3278,.F.);
#4398=ORIENTED_EDGE('',*,*,#3273,.T.);
#4399=ORIENTED_EDGE('',*,*,#3262,.F.);
#4400=ORIENTED_EDGE('',*,*,#3009,.F.);
#4401=ORIENTED_EDGE('',*,*,#3046,.F.);
#4402=ORIENTED_EDGE('',*,*,#3275,.T.);
#4403=ORIENTED_EDGE('',*,*,#3280,.F.);
#4404=ORIENTED_EDGE('',*,*,#3281,.F.);
#4405=ORIENTED_EDGE('',*,*,#3263,.F.);
#4406=ORIENTED_EDGE('',*,*,#3276,.T.);
#4407=ORIENTED_EDGE('',*,*,#3264,.F.);
#4408=ORIENTED_EDGE('',*,*,#3281,.T.);
#4409=ORIENTED_EDGE('',*,*,#3282,.T.);
#4410=ORIENTED_EDGE('',*,*,#3277,.T.);
#4411=ORIENTED_EDGE('',*,*,#3282,.F.);
#4412=ORIENTED_EDGE('',*,*,#3280,.T.);
#4413=ORIENTED_EDGE('',*,*,#3247,.T.);
#4414=ORIENTED_EDGE('',*,*,#3274,.T.);
#4415=ORIENTED_EDGE('',*,*,#3044,.T.);
#4416=ORIENTED_EDGE('',*,*,#3283,.T.);
#4417=ORIENTED_EDGE('',*,*,#3255,.T.);
#4418=ORIENTED_EDGE('',*,*,#3284,.T.);
#4419=ORIENTED_EDGE('',*,*,#3285,.F.);
#4420=ORIENTED_EDGE('',*,*,#3286,.F.);
#4421=ORIENTED_EDGE('',*,*,#3175,.T.);
#4422=ORIENTED_EDGE('',*,*,#3177,.T.);
#4423=ORIENTED_EDGE('',*,*,#3170,.T.);
#4424=ORIENTED_EDGE('',*,*,#3173,.T.);
#4425=ORIENTED_EDGE('',*,*,#3183,.T.);
#4426=ORIENTED_EDGE('',*,*,#3185,.T.);
#4427=ORIENTED_EDGE('',*,*,#3178,.T.);
#4428=ORIENTED_EDGE('',*,*,#3181,.T.);
#4429=ORIENTED_EDGE('',*,*,#3191,.T.);
#4430=ORIENTED_EDGE('',*,*,#3193,.T.);
#4431=ORIENTED_EDGE('',*,*,#3186,.T.);
#4432=ORIENTED_EDGE('',*,*,#3189,.T.);
#4433=ORIENTED_EDGE('',*,*,#3199,.T.);
#4434=ORIENTED_EDGE('',*,*,#3201,.T.);
#4435=ORIENTED_EDGE('',*,*,#3194,.T.);
#4436=ORIENTED_EDGE('',*,*,#3197,.T.);
#4437=ORIENTED_EDGE('',*,*,#3287,.F.);
#4438=ORIENTED_EDGE('',*,*,#3288,.F.);
#4439=ORIENTED_EDGE('',*,*,#3289,.F.);
#4440=ORIENTED_EDGE('',*,*,#3269,.F.);
#4441=ORIENTED_EDGE('',*,*,#3290,.F.);
#4442=ORIENTED_EDGE('',*,*,#3256,.F.);
#4443=ORIENTED_EDGE('',*,*,#3283,.F.);
#4444=ORIENTED_EDGE('',*,*,#3043,.F.);
#4445=ORIENTED_EDGE('',*,*,#3266,.F.);
#4446=ORIENTED_EDGE('',*,*,#3291,.T.);
#4447=ORIENTED_EDGE('',*,*,#3292,.T.);
#4448=ORIENTED_EDGE('',*,*,#3291,.F.);
#4449=ORIENTED_EDGE('',*,*,#3287,.T.);
#4450=ORIENTED_EDGE('',*,*,#3271,.F.);
#4451=ORIENTED_EDGE('',*,*,#3293,.F.);
#4452=ORIENTED_EDGE('',*,*,#3294,.F.);
#4453=ORIENTED_EDGE('',*,*,#3290,.T.);
#4454=ORIENTED_EDGE('',*,*,#3042,.F.);
#4455=ORIENTED_EDGE('',*,*,#3295,.F.);
#4456=ORIENTED_EDGE('',*,*,#3257,.F.);
#4457=ORIENTED_EDGE('',*,*,#3288,.T.);
#4458=ORIENTED_EDGE('',*,*,#3294,.T.);
#4459=ORIENTED_EDGE('',*,*,#3296,.F.);
#4460=ORIENTED_EDGE('',*,*,#3267,.F.);
#4461=ORIENTED_EDGE('',*,*,#3297,.T.);
#4462=ORIENTED_EDGE('',*,*,#3298,.T.);
#4463=ORIENTED_EDGE('',*,*,#3297,.F.);
#4464=ORIENTED_EDGE('',*,*,#3064,.F.);
#4465=ORIENTED_EDGE('',*,*,#3299,.F.);
#4466=ORIENTED_EDGE('',*,*,#3300,.F.);
#4467=ORIENTED_EDGE('',*,*,#3301,.T.);
#4468=ORIENTED_EDGE('',*,*,#3048,.F.);
#4469=ORIENTED_EDGE('',*,*,#3109,.F.);
#4470=ORIENTED_EDGE('',*,*,#3104,.F.);
#4471=ORIENTED_EDGE('',*,*,#3098,.F.);
#4472=ORIENTED_EDGE('',*,*,#3049,.F.);
#4473=ORIENTED_EDGE('',*,*,#3301,.F.);
#4474=ORIENTED_EDGE('',*,*,#3302,.F.);
#4475=ORIENTED_EDGE('',*,*,#3303,.T.);
#4476=ORIENTED_EDGE('',*,*,#3050,.F.);
#4477=ORIENTED_EDGE('',*,*,#3303,.F.);
#4478=ORIENTED_EDGE('',*,*,#3304,.F.);
#4479=ORIENTED_EDGE('',*,*,#3305,.T.);
#4480=ORIENTED_EDGE('',*,*,#3051,.F.);
#4481=ORIENTED_EDGE('',*,*,#3305,.F.);
#4482=ORIENTED_EDGE('',*,*,#3306,.F.);
#4483=ORIENTED_EDGE('',*,*,#3307,.T.);
#4484=ORIENTED_EDGE('',*,*,#3052,.F.);
#4485=ORIENTED_EDGE('',*,*,#3307,.F.);
#4486=ORIENTED_EDGE('',*,*,#3308,.F.);
#4487=ORIENTED_EDGE('',*,*,#3309,.T.);
#4488=ORIENTED_EDGE('',*,*,#3060,.F.);
#4489=ORIENTED_EDGE('',*,*,#3099,.F.);
#4490=ORIENTED_EDGE('',*,*,#3056,.F.);
#4491=ORIENTED_EDGE('',*,*,#3111,.F.);
#4492=ORIENTED_EDGE('',*,*,#3061,.F.);
#4493=ORIENTED_EDGE('',*,*,#3309,.F.);
#4494=ORIENTED_EDGE('',*,*,#3310,.F.);
#4495=ORIENTED_EDGE('',*,*,#3311,.T.);
#4496=ORIENTED_EDGE('',*,*,#3062,.F.);
#4497=ORIENTED_EDGE('',*,*,#3311,.F.);
#4498=ORIENTED_EDGE('',*,*,#3312,.F.);
#4499=ORIENTED_EDGE('',*,*,#3313,.T.);
#4500=ORIENTED_EDGE('',*,*,#3063,.F.);
#4501=ORIENTED_EDGE('',*,*,#3313,.F.);
#4502=ORIENTED_EDGE('',*,*,#3314,.F.);
#4503=ORIENTED_EDGE('',*,*,#3299,.T.);
#4504=ORIENTED_EDGE('',*,*,#3090,.F.);
#4505=ORIENTED_EDGE('',*,*,#3315,.F.);
#4506=ORIENTED_EDGE('',*,*,#3316,.F.);
#4507=ORIENTED_EDGE('',*,*,#3317,.T.);
#4508=ORIENTED_EDGE('',*,*,#3091,.F.);
#4509=ORIENTED_EDGE('',*,*,#3317,.F.);
#4510=ORIENTED_EDGE('',*,*,#3318,.F.);
#4511=ORIENTED_EDGE('',*,*,#3319,.T.);
#4512=ORIENTED_EDGE('',*,*,#3092,.F.);
#4513=ORIENTED_EDGE('',*,*,#3319,.F.);
#4514=ORIENTED_EDGE('',*,*,#3320,.F.);
#4515=ORIENTED_EDGE('',*,*,#3321,.T.);
#4516=ORIENTED_EDGE('',*,*,#3093,.F.);
#4517=ORIENTED_EDGE('',*,*,#3321,.F.);
#4518=ORIENTED_EDGE('',*,*,#3322,.F.);
#4519=ORIENTED_EDGE('',*,*,#3323,.T.);
#4520=ORIENTED_EDGE('',*,*,#3086,.F.);
#4521=ORIENTED_EDGE('',*,*,#3323,.F.);
#4522=ORIENTED_EDGE('',*,*,#3324,.F.);
#4523=ORIENTED_EDGE('',*,*,#3325,.T.);
#4524=ORIENTED_EDGE('',*,*,#3087,.F.);
#4525=ORIENTED_EDGE('',*,*,#3325,.F.);
#4526=ORIENTED_EDGE('',*,*,#3326,.F.);
#4527=ORIENTED_EDGE('',*,*,#3327,.T.);
#4528=ORIENTED_EDGE('',*,*,#3088,.F.);
#4529=ORIENTED_EDGE('',*,*,#3327,.F.);
#4530=ORIENTED_EDGE('',*,*,#3328,.F.);
#4531=ORIENTED_EDGE('',*,*,#3329,.T.);
#4532=ORIENTED_EDGE('',*,*,#3089,.F.);
#4533=ORIENTED_EDGE('',*,*,#3329,.F.);
#4534=ORIENTED_EDGE('',*,*,#3330,.F.);
#4535=ORIENTED_EDGE('',*,*,#3315,.T.);
#4536=ORIENTED_EDGE('',*,*,#3082,.F.);
#4537=ORIENTED_EDGE('',*,*,#3331,.F.);
#4538=ORIENTED_EDGE('',*,*,#3332,.F.);
#4539=ORIENTED_EDGE('',*,*,#3333,.T.);
#4540=ORIENTED_EDGE('',*,*,#3083,.F.);
#4541=ORIENTED_EDGE('',*,*,#3333,.F.);
#4542=ORIENTED_EDGE('',*,*,#3334,.F.);
#4543=ORIENTED_EDGE('',*,*,#3335,.T.);
#4544=ORIENTED_EDGE('',*,*,#3084,.F.);
#4545=ORIENTED_EDGE('',*,*,#3335,.F.);
#4546=ORIENTED_EDGE('',*,*,#3336,.F.);
#4547=ORIENTED_EDGE('',*,*,#3337,.T.);
#4548=ORIENTED_EDGE('',*,*,#3085,.F.);
#4549=ORIENTED_EDGE('',*,*,#3337,.F.);
#4550=ORIENTED_EDGE('',*,*,#3338,.F.);
#4551=ORIENTED_EDGE('',*,*,#3339,.T.);
#4552=ORIENTED_EDGE('',*,*,#3078,.F.);
#4553=ORIENTED_EDGE('',*,*,#3339,.F.);
#4554=ORIENTED_EDGE('',*,*,#3340,.F.);
#4555=ORIENTED_EDGE('',*,*,#3341,.T.);
#4556=ORIENTED_EDGE('',*,*,#3079,.F.);
#4557=ORIENTED_EDGE('',*,*,#3341,.F.);
#4558=ORIENTED_EDGE('',*,*,#3342,.F.);
#4559=ORIENTED_EDGE('',*,*,#3343,.T.);
#4560=ORIENTED_EDGE('',*,*,#3080,.F.);
#4561=ORIENTED_EDGE('',*,*,#3343,.F.);
#4562=ORIENTED_EDGE('',*,*,#3344,.F.);
#4563=ORIENTED_EDGE('',*,*,#3345,.T.);
#4564=ORIENTED_EDGE('',*,*,#3081,.F.);
#4565=ORIENTED_EDGE('',*,*,#3345,.F.);
#4566=ORIENTED_EDGE('',*,*,#3346,.F.);
#4567=ORIENTED_EDGE('',*,*,#3331,.T.);
#4568=ORIENTED_EDGE('',*,*,#3074,.F.);
#4569=ORIENTED_EDGE('',*,*,#3347,.F.);
#4570=ORIENTED_EDGE('',*,*,#3348,.F.);
#4571=ORIENTED_EDGE('',*,*,#3349,.T.);
#4572=ORIENTED_EDGE('',*,*,#3075,.F.);
#4573=ORIENTED_EDGE('',*,*,#3349,.F.);
#4574=ORIENTED_EDGE('',*,*,#3350,.F.);
#4575=ORIENTED_EDGE('',*,*,#3351,.T.);
#4576=ORIENTED_EDGE('',*,*,#3076,.F.);
#4577=ORIENTED_EDGE('',*,*,#3351,.F.);
#4578=ORIENTED_EDGE('',*,*,#3352,.F.);
#4579=ORIENTED_EDGE('',*,*,#3353,.T.);
#4580=ORIENTED_EDGE('',*,*,#3077,.F.);
#4581=ORIENTED_EDGE('',*,*,#3353,.F.);
#4582=ORIENTED_EDGE('',*,*,#3354,.F.);
#4583=ORIENTED_EDGE('',*,*,#3355,.T.);
#4584=ORIENTED_EDGE('',*,*,#3070,.F.);
#4585=ORIENTED_EDGE('',*,*,#3355,.F.);
#4586=ORIENTED_EDGE('',*,*,#3356,.F.);
#4587=ORIENTED_EDGE('',*,*,#3357,.T.);
#4588=ORIENTED_EDGE('',*,*,#3071,.F.);
#4589=ORIENTED_EDGE('',*,*,#3357,.F.);
#4590=ORIENTED_EDGE('',*,*,#3358,.F.);
#4591=ORIENTED_EDGE('',*,*,#3359,.T.);
#4592=ORIENTED_EDGE('',*,*,#3072,.F.);
#4593=ORIENTED_EDGE('',*,*,#3359,.F.);
#4594=ORIENTED_EDGE('',*,*,#3360,.F.);
#4595=ORIENTED_EDGE('',*,*,#3361,.T.);
#4596=ORIENTED_EDGE('',*,*,#3073,.F.);
#4597=ORIENTED_EDGE('',*,*,#3361,.F.);
#4598=ORIENTED_EDGE('',*,*,#3362,.F.);
#4599=ORIENTED_EDGE('',*,*,#3347,.T.);
#4600=ORIENTED_EDGE('',*,*,#3143,.T.);
#4601=ORIENTED_EDGE('',*,*,#3145,.T.);
#4602=ORIENTED_EDGE('',*,*,#3133,.T.);
#4603=ORIENTED_EDGE('',*,*,#3132,.T.);
#4604=ORIENTED_EDGE('',*,*,#2860,.T.);
#4605=ORIENTED_EDGE('',*,*,#2894,.T.);
#4606=ORIENTED_EDGE('',*,*,#3363,.F.);
#4607=ORIENTED_EDGE('',*,*,#3364,.F.);
#4608=ORIENTED_EDGE('',*,*,#3365,.F.);
#4609=ORIENTED_EDGE('',*,*,#2895,.F.);
#4610=ORIENTED_EDGE('',*,*,#2878,.T.);
#4611=ORIENTED_EDGE('',*,*,#3144,.T.);
#4612=ORIENTED_EDGE('',*,*,#3119,.T.);
#4613=ORIENTED_EDGE('',*,*,#3125,.T.);
#4614=ORIENTED_EDGE('',*,*,#3138,.T.);
#4615=ORIENTED_EDGE('',*,*,#3137,.F.);
#4616=ORIENTED_EDGE('',*,*,#2888,.T.);
#4617=ORIENTED_EDGE('',*,*,#2900,.T.);
#4618=ORIENTED_EDGE('',*,*,#3366,.F.);
#4619=ORIENTED_EDGE('',*,*,#3367,.F.);
#4620=ORIENTED_EDGE('',*,*,#3368,.F.);
#4621=ORIENTED_EDGE('',*,*,#2889,.F.);
#4622=ORIENTED_EDGE('',*,*,#2866,.T.);
#4623=ORIENTED_EDGE('',*,*,#3120,.F.);
#4624=ORIENTED_EDGE('',*,*,#3366,.T.);
#4625=ORIENTED_EDGE('',*,*,#2899,.T.);
#4626=ORIENTED_EDGE('',*,*,#3369,.T.);
#4627=ORIENTED_EDGE('',*,*,#2896,.T.);
#4628=ORIENTED_EDGE('',*,*,#3365,.T.);
#4629=ORIENTED_EDGE('',*,*,#3364,.T.);
#4630=ORIENTED_EDGE('',*,*,#3363,.T.);
#4631=ORIENTED_EDGE('',*,*,#2893,.T.);
#4632=ORIENTED_EDGE('',*,*,#3370,.T.);
#4633=ORIENTED_EDGE('',*,*,#3371,.T.);
#4634=ORIENTED_EDGE('',*,*,#3372,.T.);
#4635=ORIENTED_EDGE('',*,*,#2890,.T.);
#4636=ORIENTED_EDGE('',*,*,#3368,.T.);
#4637=ORIENTED_EDGE('',*,*,#3367,.T.);
#4638=ORIENTED_EDGE('',*,*,#2901,.F.);
#4639=ORIENTED_EDGE('',*,*,#2920,.F.);
#4640=ORIENTED_EDGE('',*,*,#2955,.F.);
#4641=ORIENTED_EDGE('',*,*,#3373,.F.);
#4642=ORIENTED_EDGE('',*,*,#2975,.F.);
#4643=ORIENTED_EDGE('',*,*,#2950,.F.);
#4644=ORIENTED_EDGE('',*,*,#2928,.F.);
#4645=ORIENTED_EDGE('',*,*,#2917,.F.);
#4646=ORIENTED_EDGE('',*,*,#2856,.T.);
#4647=ORIENTED_EDGE('',*,*,#2853,.T.);
#4648=ORIENTED_EDGE('',*,*,#2850,.T.);
#4649=ORIENTED_EDGE('',*,*,#2847,.T.);
#4650=ORIENTED_EDGE('',*,*,#3150,.T.);
#4651=ORIENTED_EDGE('',*,*,#3152,.F.);
#4652=ORIENTED_EDGE('',*,*,#2868,.T.);
#4653=ORIENTED_EDGE('',*,*,#2891,.T.);
#4654=ORIENTED_EDGE('',*,*,#3372,.F.);
#4655=ORIENTED_EDGE('',*,*,#3371,.F.);
#4656=ORIENTED_EDGE('',*,*,#3370,.F.);
#4657=ORIENTED_EDGE('',*,*,#2892,.F.);
#4658=ORIENTED_EDGE('',*,*,#2858,.T.);
#4659=ORIENTED_EDGE('',*,*,#3147,.F.);
#4660=ORIENTED_EDGE('',*,*,#3158,.T.);
#4661=ORIENTED_EDGE('',*,*,#3374,.F.);
#4662=ORIENTED_EDGE('',*,*,#3166,.T.);
#4663=ORIENTED_EDGE('',*,*,#3162,.F.);
#4664=ORIENTED_EDGE('',*,*,#2851,.T.);
#4665=ORIENTED_EDGE('',*,*,#2885,.T.);
#4666=ORIENTED_EDGE('',*,*,#3165,.F.);
#4667=ORIENTED_EDGE('',*,*,#3169,.F.);
#4668=ORIENTED_EDGE('',*,*,#2873,.T.);
#4669=ORIENTED_EDGE('',*,*,#3154,.T.);
#4670=ORIENTED_EDGE('',*,*,#3161,.F.);
#4671=ORIENTED_EDGE('',*,*,#3374,.T.);
#4672=ORIENTED_EDGE('',*,*,#3155,.T.);
#4673=ORIENTED_EDGE('',*,*,#2880,.T.);
#4674=ORIENTED_EDGE('',*,*,#2897,.T.);
#4675=ORIENTED_EDGE('',*,*,#3369,.F.);
#4676=ORIENTED_EDGE('',*,*,#2898,.F.);
#4677=ORIENTED_EDGE('',*,*,#2886,.T.);
#4678=ORIENTED_EDGE('',*,*,#3168,.T.);
#4679=ORIENTED_EDGE('',*,*,#3268,.F.);
#4680=ORIENTED_EDGE('',*,*,#3375,.T.);
#4681=ORIENTED_EDGE('',*,*,#3376,.T.);
#4682=ORIENTED_EDGE('',*,*,#3375,.F.);
#4683=ORIENTED_EDGE('',*,*,#3376,.F.);
#4684=ORIENTED_EDGE('',*,*,#3279,.F.);
#4685=ORIENTED_EDGE('',*,*,#3292,.F.);
#4686=ORIENTED_EDGE('',*,*,#3298,.F.);
#4687=ORIENTED_EDGE('',*,*,#3377,.F.);
#4688=ORIENTED_EDGE('',*,*,#3066,.F.);
#4689=ORIENTED_EDGE('',*,*,#3011,.F.);
#4690=ORIENTED_EDGE('',*,*,#3261,.F.);
#4691=ORIENTED_EDGE('',*,*,#3005,.T.);
#4692=ORIENTED_EDGE('',*,*,#3069,.T.);
#4693=ORIENTED_EDGE('',*,*,#3378,.T.);
#4694=ORIENTED_EDGE('',*,*,#3258,.F.);
#4695=ORIENTED_EDGE('',*,*,#3295,.T.);
#4696=ORIENTED_EDGE('',*,*,#3041,.T.);
#4697=ORIENTED_EDGE('',*,*,#2998,.T.);
#4698=ORIENTED_EDGE('',*,*,#3002,.T.);
#4699=ORIENTED_EDGE('',*,*,#3219,.T.);
#4700=ORIENTED_EDGE('',*,*,#3221,.T.);
#4701=ORIENTED_EDGE('',*,*,#3214,.T.);
#4702=ORIENTED_EDGE('',*,*,#3217,.T.);
#4703=ORIENTED_EDGE('',*,*,#3227,.T.);
#4704=ORIENTED_EDGE('',*,*,#3229,.T.);
#4705=ORIENTED_EDGE('',*,*,#3222,.T.);
#4706=ORIENTED_EDGE('',*,*,#3225,.T.);
#4707=ORIENTED_EDGE('',*,*,#3235,.T.);
#4708=ORIENTED_EDGE('',*,*,#3237,.T.);
#4709=ORIENTED_EDGE('',*,*,#3230,.T.);
#4710=ORIENTED_EDGE('',*,*,#3233,.T.);
#4711=ORIENTED_EDGE('',*,*,#3379,.F.);
#4712=ORIENTED_EDGE('',*,*,#3259,.F.);
#4713=ORIENTED_EDGE('',*,*,#3378,.F.);
#4714=ORIENTED_EDGE('',*,*,#3068,.F.);
#4715=ORIENTED_EDGE('',*,*,#3377,.T.);
#4716=ORIENTED_EDGE('',*,*,#3260,.F.);
#4717=ORIENTED_EDGE('',*,*,#3379,.T.);
#4718=ORIENTED_EDGE('',*,*,#3067,.T.);
#4719=ORIENTED_EDGE('',*,*,#3289,.T.);
#4720=ORIENTED_EDGE('',*,*,#3296,.T.);
#4721=ORIENTED_EDGE('',*,*,#3293,.T.);
#4722=ORIENTED_EDGE('',*,*,#3270,.F.);
#4723=ORIENTED_EDGE('',*,*,#3253,.F.);
#4724=ORIENTED_EDGE('',*,*,#3380,.T.);
#4725=ORIENTED_EDGE('',*,*,#3381,.F.);
#4726=ORIENTED_EDGE('',*,*,#3382,.F.);
#4727=ORIENTED_EDGE('',*,*,#3252,.F.);
#4728=ORIENTED_EDGE('',*,*,#3383,.T.);
#4729=ORIENTED_EDGE('',*,*,#3384,.F.);
#4730=ORIENTED_EDGE('',*,*,#3380,.F.);
#4731=ORIENTED_EDGE('',*,*,#3251,.F.);
#4732=ORIENTED_EDGE('',*,*,#3385,.T.);
#4733=ORIENTED_EDGE('',*,*,#3386,.F.);
#4734=ORIENTED_EDGE('',*,*,#3383,.F.);
#4735=ORIENTED_EDGE('',*,*,#3250,.F.);
#4736=ORIENTED_EDGE('',*,*,#3387,.T.);
#4737=ORIENTED_EDGE('',*,*,#3388,.F.);
#4738=ORIENTED_EDGE('',*,*,#3385,.F.);
#4739=ORIENTED_EDGE('',*,*,#3249,.F.);
#4740=ORIENTED_EDGE('',*,*,#3389,.T.);
#4741=ORIENTED_EDGE('',*,*,#3390,.F.);
#4742=ORIENTED_EDGE('',*,*,#3387,.F.);
#4743=ORIENTED_EDGE('',*,*,#3248,.F.);
#4744=ORIENTED_EDGE('',*,*,#3286,.T.);
#4745=ORIENTED_EDGE('',*,*,#3391,.F.);
#4746=ORIENTED_EDGE('',*,*,#3389,.F.);
#4747=ORIENTED_EDGE('',*,*,#3254,.F.);
#4748=ORIENTED_EDGE('',*,*,#3382,.T.);
#4749=ORIENTED_EDGE('',*,*,#3392,.F.);
#4750=ORIENTED_EDGE('',*,*,#3284,.F.);
#4751=ORIENTED_EDGE('',*,*,#3393,.T.);
#4752=ORIENTED_EDGE('',*,*,#3129,.T.);
#4753=ORIENTED_EDGE('',*,*,#2924,.T.);
#4754=ORIENTED_EDGE('',*,*,#2964,.T.);
#4755=ORIENTED_EDGE('',*,*,#2966,.T.);
#4756=ORIENTED_EDGE('',*,*,#2967,.T.);
#4757=ORIENTED_EDGE('',*,*,#2948,.T.);
#4758=ORIENTED_EDGE('',*,*,#3160,.T.);
#4759=ORIENTED_EDGE('',*,*,#3308,.T.);
#4760=ORIENTED_EDGE('',*,*,#3306,.T.);
#4761=ORIENTED_EDGE('',*,*,#3304,.T.);
#4762=ORIENTED_EDGE('',*,*,#3302,.T.);
#4763=ORIENTED_EDGE('',*,*,#3300,.T.);
#4764=ORIENTED_EDGE('',*,*,#3314,.T.);
#4765=ORIENTED_EDGE('',*,*,#3312,.T.);
#4766=ORIENTED_EDGE('',*,*,#3310,.T.);
#4767=ORIENTED_EDGE('',*,*,#3324,.T.);
#4768=ORIENTED_EDGE('',*,*,#3322,.T.);
#4769=ORIENTED_EDGE('',*,*,#3320,.T.);
#4770=ORIENTED_EDGE('',*,*,#3318,.T.);
#4771=ORIENTED_EDGE('',*,*,#3316,.T.);
#4772=ORIENTED_EDGE('',*,*,#3330,.T.);
#4773=ORIENTED_EDGE('',*,*,#3328,.T.);
#4774=ORIENTED_EDGE('',*,*,#3326,.T.);
#4775=ORIENTED_EDGE('',*,*,#3340,.T.);
#4776=ORIENTED_EDGE('',*,*,#3338,.T.);
#4777=ORIENTED_EDGE('',*,*,#3336,.T.);
#4778=ORIENTED_EDGE('',*,*,#3334,.T.);
#4779=ORIENTED_EDGE('',*,*,#3332,.T.);
#4780=ORIENTED_EDGE('',*,*,#3346,.T.);
#4781=ORIENTED_EDGE('',*,*,#3344,.T.);
#4782=ORIENTED_EDGE('',*,*,#3342,.T.);
#4783=ORIENTED_EDGE('',*,*,#3356,.T.);
#4784=ORIENTED_EDGE('',*,*,#3354,.T.);
#4785=ORIENTED_EDGE('',*,*,#3352,.T.);
#4786=ORIENTED_EDGE('',*,*,#3350,.T.);
#4787=ORIENTED_EDGE('',*,*,#3348,.T.);
#4788=ORIENTED_EDGE('',*,*,#3362,.T.);
#4789=ORIENTED_EDGE('',*,*,#3360,.T.);
#4790=ORIENTED_EDGE('',*,*,#3358,.T.);
#4791=ORIENTED_EDGE('',*,*,#3373,.T.);
#4792=ORIENTED_EDGE('',*,*,#2957,.T.);
#4793=ORIENTED_EDGE('',*,*,#3394,.F.);
#4794=ORIENTED_EDGE('',*,*,#2976,.F.);
#4795=ORIENTED_EDGE('',*,*,#2883,.T.);
#4796=ORIENTED_EDGE('',*,*,#3130,.T.);
#4797=ORIENTED_EDGE('',*,*,#3393,.F.);
#4798=ORIENTED_EDGE('',*,*,#3159,.T.);
#4799=ORIENTED_EDGE('',*,*,#2919,.T.);
#4800=ORIENTED_EDGE('',*,*,#2930,.T.);
#4801=ORIENTED_EDGE('',*,*,#2952,.T.);
#4802=ORIENTED_EDGE('',*,*,#2977,.T.);
#4803=ORIENTED_EDGE('',*,*,#3394,.T.);
#4804=ORIENTED_EDGE('',*,*,#2956,.T.);
#4805=ORIENTED_EDGE('',*,*,#2921,.T.);
#4806=ORIENTED_EDGE('',*,*,#2903,.T.);
#4807=ORIENTED_EDGE('',*,*,#3381,.T.);
#4808=ORIENTED_EDGE('',*,*,#3384,.T.);
#4809=ORIENTED_EDGE('',*,*,#3386,.T.);
#4810=ORIENTED_EDGE('',*,*,#3388,.T.);
#4811=ORIENTED_EDGE('',*,*,#3390,.T.);
#4812=ORIENTED_EDGE('',*,*,#3391,.T.);
#4813=ORIENTED_EDGE('',*,*,#3285,.T.);
#4814=ORIENTED_EDGE('',*,*,#3392,.T.);
#4815=TOROIDAL_SURFACE('',#5100,0.21,0.06);
#4816=TOROIDAL_SURFACE('',#5107,0.21,0.06);
#4817=TOROIDAL_SURFACE('',#5113,0.21,0.06);
#4818=TOROIDAL_SURFACE('',#5119,0.21,0.06);
#4819=ADVANCED_FACE('',(#1423),#4815,.T.);
#4820=ADVANCED_FACE('',(#1424),#1335,.T.);
#4821=ADVANCED_FACE('',(#1425),#4816,.T.);
#4822=ADVANCED_FACE('',(#1426),#1336,.T.);
#4823=ADVANCED_FACE('',(#1427),#4817,.T.);
#4824=ADVANCED_FACE('',(#1428),#1337,.T.);
#4825=ADVANCED_FACE('',(#1429),#4818,.T.);
#4826=ADVANCED_FACE('',(#1430),#1338,.T.);
#4827=ADVANCED_FACE('',(#1431),#101,.F.);
#4828=ADVANCED_FACE('',(#1432),#1339,.F.);
#4829=ADVANCED_FACE('',(#1433),#102,.F.);
#4830=ADVANCED_FACE('',(#1434),#1340,.F.);
#4831=ADVANCED_FACE('',(#1435,#17,#18,#19,#20,#21,#22,#23,#24),#103,.T.);
#4832=ADVANCED_FACE('',(#1436),#1341,.F.);
#4833=ADVANCED_FACE('',(#1437),#104,.F.);
#4834=ADVANCED_FACE('',(#1438),#1342,.F.);
#4835=ADVANCED_FACE('',(#1439),#105,.F.);
#4836=ADVANCED_FACE('',(#1440),#1343,.T.);
#4837=ADVANCED_FACE('',(#1441),#1344,.F.);
#4838=ADVANCED_FACE('',(#1442,#25),#106,.T.);
#4839=ADVANCED_FACE('',(#1443),#1345,.T.);
#4840=ADVANCED_FACE('',(#1444),#1346,.F.);
#4841=ADVANCED_FACE('',(#1445,#26),#107,.T.);
#4842=ADVANCED_FACE('',(#1446),#108,.T.);
#4843=ADVANCED_FACE('',(#1447),#109,.T.);
#4844=ADVANCED_FACE('',(#1448),#110,.F.);
#4845=ADVANCED_FACE('',(#1449),#1347,.F.);
#4846=ADVANCED_FACE('',(#1450),#111,.F.);
#4847=ADVANCED_FACE('',(#1451),#1348,.F.);
#4848=ADVANCED_FACE('',(#1452),#112,.F.);
#4849=ADVANCED_FACE('',(#1453),#1349,.F.);
#4850=ADVANCED_FACE('',(#1454),#113,.F.);
#4851=ADVANCED_FACE('',(#1455),#1350,.F.);
#4852=ADVANCED_FACE('',(#1456),#114,.T.);
#4853=ADVANCED_FACE('',(#1457),#115,.F.);
#4854=ADVANCED_FACE('',(#1458),#116,.F.);
#4855=ADVANCED_FACE('',(#1459),#117,.F.);
#4856=ADVANCED_FACE('',(#1460),#118,.F.);
#4857=ADVANCED_FACE('',(#1461),#119,.F.);
#4858=ADVANCED_FACE('',(#1462),#120,.F.);
#4859=ADVANCED_FACE('',(#1463),#121,.F.);
#4860=ADVANCED_FACE('',(#1464),#122,.F.);
#4861=ADVANCED_FACE('',(#1465),#123,.F.);
#4862=ADVANCED_FACE('',(#1466),#124,.F.);
#4863=ADVANCED_FACE('',(#1467),#1351,.F.);
#4864=ADVANCED_FACE('',(#1468),#1352,.F.);
#4865=ADVANCED_FACE('',(#1469),#1353,.F.);
#4866=ADVANCED_FACE('',(#1470),#1354,.F.);
#4867=ADVANCED_FACE('',(#1471),#1355,.F.);
#4868=ADVANCED_FACE('',(#1472),#125,.F.);
#4869=ADVANCED_FACE('',(#1473),#1356,.F.);
#4870=ADVANCED_FACE('',(#1474),#126,.F.);
#4871=ADVANCED_FACE('',(#1475),#1357,.F.);
#4872=ADVANCED_FACE('',(#1476),#127,.F.);
#4873=ADVANCED_FACE('',(#1477),#1358,.F.);
#4874=ADVANCED_FACE('',(#1478),#128,.F.);
#4875=ADVANCED_FACE('',(#1479),#1359,.T.);
#4876=ADVANCED_FACE('',(#1480,#27),#129,.F.);
#4877=ADVANCED_FACE('',(#1481),#1360,.T.);
#4878=ADVANCED_FACE('',(#1482,#28),#130,.F.);
#4879=ADVANCED_FACE('',(#1483),#1361,.T.);
#4880=ADVANCED_FACE('',(#1484,#29),#131,.F.);
#4881=ADVANCED_FACE('',(#1485),#1362,.T.);
#4882=ADVANCED_FACE('',(#1486,#30),#132,.F.);
#4883=ADVANCED_FACE('',(#1487),#133,.T.);
#4884=ADVANCED_FACE('',(#1488),#1363,.T.);
#4885=ADVANCED_FACE('',(#1489),#134,.T.);
#4886=ADVANCED_FACE('',(#1490),#1364,.T.);
#4887=ADVANCED_FACE('',(#1491),#135,.T.);
#4888=ADVANCED_FACE('',(#1492),#1365,.T.);
#4889=ADVANCED_FACE('',(#1493),#136,.T.);
#4890=ADVANCED_FACE('',(#1494),#1366,.T.);
#4891=ADVANCED_FACE('',(#1495,#31,#32,#33,#34,#35,#36,#37,#38,#39,#40,#41),
#137,.F.);
#4892=ADVANCED_FACE('',(#1496),#1367,.F.);
#4893=ADVANCED_FACE('',(#1497),#1368,.F.);
#4894=ADVANCED_FACE('',(#1498),#1369,.F.);
#4895=ADVANCED_FACE('',(#1499),#1370,.F.);
#4896=ADVANCED_FACE('',(#1500),#138,.F.);
#4897=ADVANCED_FACE('',(#1501),#139,.F.);
#4898=ADVANCED_FACE('',(#1502),#140,.F.);
#4899=ADVANCED_FACE('',(#1503),#141,.F.);
#4900=ADVANCED_FACE('',(#1504),#1371,.T.);
#4901=ADVANCED_FACE('',(#1505),#1372,.T.);
#4902=ADVANCED_FACE('',(#1506),#1373,.T.);
#4903=ADVANCED_FACE('',(#1507),#1374,.T.);
#4904=ADVANCED_FACE('',(#1508,#42,#43,#44),#142,.T.);
#4905=ADVANCED_FACE('',(#1509),#1375,.T.);
#4906=ADVANCED_FACE('',(#1510),#1376,.T.);
#4907=ADVANCED_FACE('',(#1511),#1377,.T.);
#4908=ADVANCED_FACE('',(#1512),#143,.T.);
#4909=ADVANCED_FACE('',(#1513,#45,#46,#47,#48),#144,.T.);
#4910=ADVANCED_FACE('',(#1514),#1378,.T.);
#4911=ADVANCED_FACE('',(#1515),#1379,.T.);
#4912=ADVANCED_FACE('',(#1516),#145,.T.);
#4913=ADVANCED_FACE('',(#1517),#146,.T.);
#4914=ADVANCED_FACE('',(#1518),#147,.T.);
#4915=ADVANCED_FACE('',(#1519),#1380,.T.);
#4916=ADVANCED_FACE('',(#1520),#148,.T.);
#4917=ADVANCED_FACE('',(#1521,#49,#50,#51,#52,#53,#54,#55,#56,#57,#58,#59),
#149,.T.);
#4918=ADVANCED_FACE('',(#1522),#150,.T.);
#4919=ADVANCED_FACE('',(#1523),#151,.T.);
#4920=ADVANCED_FACE('',(#1524),#152,.T.);
#4921=ADVANCED_FACE('',(#1525,#60,#61,#62,#63,#64,#65,#66,#67,#68,#69,#70),
#153,.F.);
#4922=ADVANCED_FACE('',(#1526),#154,.T.);
#4923=ADVANCED_FACE('',(#1527,#71,#72,#73),#155,.T.);
#4924=ADVANCED_FACE('',(#1528),#156,.T.);
#4925=ADVANCED_FACE('',(#1529),#157,.F.);
#4926=ADVANCED_FACE('',(#1530),#158,.T.);
#4927=ADVANCED_FACE('',(#1531),#159,.T.);
#4928=ADVANCED_FACE('',(#1532),#160,.T.);
#4929=ADVANCED_FACE('',(#1533),#161,.T.);
#4930=ADVANCED_FACE('',(#1534),#162,.T.);
#4931=ADVANCED_FACE('',(#1535),#163,.F.);
#4932=ADVANCED_FACE('',(#1536),#164,.T.);
#4933=ADVANCED_FACE('',(#1537),#165,.T.);
#4934=ADVANCED_FACE('',(#1538),#166,.T.);
#4935=ADVANCED_FACE('',(#1539),#167,.T.);
#4936=ADVANCED_FACE('',(#1540),#168,.T.);
#4937=ADVANCED_FACE('',(#1541),#169,.T.);
#4938=ADVANCED_FACE('',(#1542,#74),#170,.F.);
#4939=ADVANCED_FACE('',(#1543),#171,.T.);
#4940=ADVANCED_FACE('',(#1544),#172,.T.);
#4941=ADVANCED_FACE('',(#1545),#173,.T.);
#4942=ADVANCED_FACE('',(#1546),#174,.T.);
#4943=ADVANCED_FACE('',(#1547),#175,.T.);
#4944=ADVANCED_FACE('',(#1548),#176,.T.);
#4945=ADVANCED_FACE('',(#1549),#177,.T.);
#4946=ADVANCED_FACE('',(#1550),#178,.T.);
#4947=ADVANCED_FACE('',(#1551),#179,.T.);
#4948=ADVANCED_FACE('',(#1552),#180,.T.);
#4949=ADVANCED_FACE('',(#1553,#75),#181,.F.);
#4950=ADVANCED_FACE('',(#1554),#182,.T.);
#4951=ADVANCED_FACE('',(#1555),#183,.F.);
#4952=ADVANCED_FACE('',(#1556,#76),#184,.F.);
#4953=ADVANCED_FACE('',(#1557),#185,.T.);
#4954=ADVANCED_FACE('',(#1558),#186,.T.);
#4955=ADVANCED_FACE('',(#1559),#187,.T.);
#4956=ADVANCED_FACE('',(#1560),#188,.F.);
#4957=ADVANCED_FACE('',(#1561),#189,.T.);
#4958=ADVANCED_FACE('',(#1562),#190,.T.);
#4959=ADVANCED_FACE('',(#1563),#191,.T.);
#4960=ADVANCED_FACE('',(#1564),#192,.F.);
#4961=ADVANCED_FACE('',(#1565),#193,.F.);
#4962=ADVANCED_FACE('',(#1566),#194,.F.);
#4963=ADVANCED_FACE('',(#1567),#195,.F.);
#4964=ADVANCED_FACE('',(#1568),#196,.F.);
#4965=ADVANCED_FACE('',(#1569),#197,.F.);
#4966=ADVANCED_FACE('',(#1570),#198,.F.);
#4967=ADVANCED_FACE('',(#1571),#199,.F.);
#4968=ADVANCED_FACE('',(#1572),#200,.F.);
#4969=ADVANCED_FACE('',(#1573),#201,.F.);
#4970=ADVANCED_FACE('',(#1574),#202,.F.);
#4971=ADVANCED_FACE('',(#1575),#203,.F.);
#4972=ADVANCED_FACE('',(#1576),#204,.F.);
#4973=ADVANCED_FACE('',(#1577),#205,.F.);
#4974=ADVANCED_FACE('',(#1578),#206,.F.);
#4975=ADVANCED_FACE('',(#1579),#207,.F.);
#4976=ADVANCED_FACE('',(#1580),#208,.F.);
#4977=ADVANCED_FACE('',(#1581),#209,.F.);
#4978=ADVANCED_FACE('',(#1582),#210,.F.);
#4979=ADVANCED_FACE('',(#1583),#211,.F.);
#4980=ADVANCED_FACE('',(#1584),#212,.F.);
#4981=ADVANCED_FACE('',(#1585),#213,.F.);
#4982=ADVANCED_FACE('',(#1586),#214,.F.);
#4983=ADVANCED_FACE('',(#1587),#215,.F.);
#4984=ADVANCED_FACE('',(#1588),#216,.F.);
#4985=ADVANCED_FACE('',(#1589),#217,.F.);
#4986=ADVANCED_FACE('',(#1590),#218,.F.);
#4987=ADVANCED_FACE('',(#1591),#219,.F.);
#4988=ADVANCED_FACE('',(#1592),#220,.F.);
#4989=ADVANCED_FACE('',(#1593),#221,.F.);
#4990=ADVANCED_FACE('',(#1594),#222,.F.);
#4991=ADVANCED_FACE('',(#1595),#223,.F.);
#4992=ADVANCED_FACE('',(#1596),#224,.F.);
#4993=ADVANCED_FACE('',(#1597),#225,.F.);
#4994=ADVANCED_FACE('',(#1598),#226,.F.);
#4995=ADVANCED_FACE('',(#1599),#227,.F.);
#4996=ADVANCED_FACE('',(#1600),#228,.F.);
#4997=ADVANCED_FACE('',(#1601),#229,.F.);
#4998=ADVANCED_FACE('',(#1602),#230,.F.);
#4999=ADVANCED_FACE('',(#1603),#231,.F.);
#5000=ADVANCED_FACE('',(#1604),#1381,.F.);
#5001=ADVANCED_FACE('',(#1605),#1382,.F.);
#5002=ADVANCED_FACE('',(#1606),#1383,.F.);
#5003=ADVANCED_FACE('',(#1607),#1384,.F.);
#5004=ADVANCED_FACE('',(#1608),#1385,.F.);
#5005=ADVANCED_FACE('',(#1609),#1386,.F.);
#5006=ADVANCED_FACE('',(#1610),#1387,.F.);
#5007=ADVANCED_FACE('',(#1611),#1388,.F.);
#5008=ADVANCED_FACE('',(#1612,#77,#78,#79,#80,#81,#82),#232,.T.);
#5009=ADVANCED_FACE('',(#1613),#233,.T.);
#5010=ADVANCED_FACE('',(#1614),#234,.T.);
#5011=ADVANCED_FACE('',(#1615),#1389,.F.);
#5012=ADVANCED_FACE('',(#1616),#1390,.T.);
#5013=ADVANCED_FACE('',(#1617),#1391,.T.);
#5014=ADVANCED_FACE('',(#1618),#1392,.F.);
#5015=ADVANCED_FACE('',(#1619),#235,.T.);
#5016=ADVANCED_FACE('',(#1620,#83,#84,#85,#86),#236,.F.);
#5017=ADVANCED_FACE('',(#1621),#237,.T.);
#5018=ADVANCED_FACE('',(#1622),#238,.T.);
#5019=ADVANCED_FACE('',(#1623),#1393,.F.);
#5020=ADVANCED_FACE('',(#1624),#1394,.T.);
#5021=ADVANCED_FACE('',(#1625),#1395,.T.);
#5022=ADVANCED_FACE('',(#1626),#239,.T.);
#5023=ADVANCED_FACE('',(#1627),#1396,.F.);
#5024=ADVANCED_FACE('',(#1628),#240,.F.);
#5025=ADVANCED_FACE('',(#1629),#1397,.F.);
#5026=ADVANCED_FACE('',(#1630),#241,.F.);
#5027=ADVANCED_FACE('',(#1631),#1398,.F.);
#5028=ADVANCED_FACE('',(#1632),#242,.F.);
#5029=ADVANCED_FACE('',(#1633),#1399,.F.);
#5030=ADVANCED_FACE('',(#1634),#243,.F.);
#5031=ADVANCED_FACE('',(#1635),#1400,.F.);
#5032=ADVANCED_FACE('',(#1636),#244,.F.);
#5033=ADVANCED_FACE('',(#1637),#1401,.F.);
#5034=ADVANCED_FACE('',(#1638),#245,.F.);
#5035=ADVANCED_FACE('',(#1639),#1402,.F.);
#5036=ADVANCED_FACE('',(#1640),#246,.F.);
#5037=ADVANCED_FACE('',(#1641),#1403,.F.);
#5038=ADVANCED_FACE('',(#1642),#247,.F.);
#5039=ADVANCED_FACE('',(#1643),#1404,.F.);
#5040=ADVANCED_FACE('',(#1644),#248,.F.);
#5041=ADVANCED_FACE('',(#1645),#1405,.F.);
#5042=ADVANCED_FACE('',(#1646),#249,.F.);
#5043=ADVANCED_FACE('',(#1647),#1406,.F.);
#5044=ADVANCED_FACE('',(#1648),#250,.F.);
#5045=ADVANCED_FACE('',(#1649),#1407,.F.);
#5046=ADVANCED_FACE('',(#1650),#251,.F.);
#5047=ADVANCED_FACE('',(#1651),#1408,.F.);
#5048=ADVANCED_FACE('',(#1652),#252,.F.);
#5049=ADVANCED_FACE('',(#1653),#1409,.F.);
#5050=ADVANCED_FACE('',(#1654),#253,.F.);
#5051=ADVANCED_FACE('',(#1655),#1410,.F.);
#5052=ADVANCED_FACE('',(#1656),#254,.F.);
#5053=ADVANCED_FACE('',(#1657),#1411,.F.);
#5054=ADVANCED_FACE('',(#1658),#255,.F.);
#5055=ADVANCED_FACE('',(#1659),#1412,.F.);
#5056=ADVANCED_FACE('',(#1660),#256,.T.);
#5057=ADVANCED_FACE('',(#1661),#257,.T.);
#5058=ADVANCED_FACE('',(#1662,#87,#88,#89,#90,#91),#258,.T.);
#5059=ADVANCED_FACE('',(#1663),#259,.T.);
#5060=ADVANCED_FACE('',(#1664,#92),#260,.F.);
#5061=ADVANCED_FACE('',(#1665),#261,.T.);
#5062=ADVANCED_FACE('',(#1666),#262,.T.);
#5063=ADVANCED_FACE('',(#1667),#263,.T.);
#5064=ADVANCED_FACE('',(#1668),#1413,.F.);
#5065=ADVANCED_FACE('',(#1669),#264,.T.);
#5066=ADVANCED_FACE('',(#1670),#265,.T.);
#5067=ADVANCED_FACE('',(#1671),#266,.T.);
#5068=ADVANCED_FACE('',(#1672),#267,.T.);
#5069=ADVANCED_FACE('',(#1673),#1414,.T.);
#5070=ADVANCED_FACE('',(#1674,#93,#94,#95),#268,.F.);
#5071=ADVANCED_FACE('',(#1675),#1415,.T.);
#5072=ADVANCED_FACE('',(#1676),#269,.F.);
#5073=ADVANCED_FACE('',(#1677),#1416,.F.);
#5074=ADVANCED_FACE('',(#1678),#270,.F.);
#5075=ADVANCED_FACE('',(#1679),#1417,.F.);
#5076=ADVANCED_FACE('',(#1680),#271,.F.);
#5077=ADVANCED_FACE('',(#1681),#1418,.F.);
#5078=ADVANCED_FACE('',(#1682),#272,.F.);
#5079=ADVANCED_FACE('',(#1683),#1419,.F.);
#5080=ADVANCED_FACE('',(#1684),#1420,.F.);
#5081=ADVANCED_FACE('',(#1685,#96,#97,#98,#99),#273,.F.);
#5082=ADVANCED_FACE('',(#1686),#1421,.T.);
#5083=ADVANCED_FACE('',(#1687),#1422,.T.);
#5084=ADVANCED_FACE('',(#1688,#100),#274,.T.);
#5085=CLOSED_SHELL('',(#4819,#4820,#4821,#4822,#4823,#4824,#4825,#4826,
#4827,#4828,#4829,#4830,#4831,#4832,#4833,#4834,#4835,#4836,#4837,#4838,
#4839,#4840,#4841,#4842,#4843,#4844,#4845,#4846,#4847,#4848,#4849,#4850,
#4851,#4852,#4853,#4854,#4855,#4856,#4857,#4858,#4859,#4860,#4861,#4862,
#4863,#4864,#4865,#4866,#4867,#4868,#4869,#4870,#4871,#4872,#4873,#4874,
#4875,#4876,#4877,#4878,#4879,#4880,#4881,#4882,#4883,#4884,#4885,#4886,
#4887,#4888,#4889,#4890,#4891));
#5086=CLOSED_SHELL('',(#4892,#4893,#4894,#4895,#4896,#4897,#4898,#4899,
#4900,#4901,#4902,#4903,#4904,#4905,#4906,#4907,#4908,#4909,#4910,#4911,
#4912,#4913,#4914,#4915,#4916,#4917,#4918,#4919,#4920,#4921,#4922,#4923,
#4924,#4925,#4926,#4927,#4928,#4929,#4930,#4931,#4932,#4933,#4934,#4935,
#4936,#4937,#4938,#4939,#4940,#4941,#4942,#4943,#4944,#4945,#4946,#4947,
#4948,#4949,#4950,#4951,#4952,#4953,#4954,#4955,#4956,#4957,#4958,#4959,
#4960,#4961,#4962,#4963,#4964,#4965,#4966,#4967,#4968,#4969,#4970,#4971,
#4972,#4973,#4974,#4975,#4976,#4977,#4978,#4979,#4980,#4981,#4982,#4983,
#4984,#4985,#4986,#4987,#4988,#4989,#4990,#4991,#4992,#4993,#4994,#4995,
#4996,#4997,#4998,#4999,#5000,#5001,#5002,#5003,#5004,#5005,#5006,#5007,
#5008,#5009,#5010,#5011,#5012,#5013,#5014,#5015,#5016,#5017,#5018,#5019,
#5020,#5021,#5022,#5023,#5024,#5025,#5026,#5027,#5028,#5029,#5030,#5031,
#5032,#5033,#5034,#5035,#5036,#5037,#5038,#5039,#5040,#5041,#5042,#5043,
#5044,#5045,#5046,#5047,#5048,#5049,#5050,#5051,#5052,#5053,#5054,#5055,
#5056,#5057,#5058,#5059,#5060,#5061,#5062,#5063,#5064,#5065,#5066,#5067,
#5068,#5069,#5070,#5071,#5072,#5073,#5074,#5075,#5076,#5077,#5078,#5079,
#5080,#5081,#5082,#5083,#5084));
#5087=DERIVED_UNIT_ELEMENT(#5089,1.);
#5088=DERIVED_UNIT_ELEMENT(#8418,-3.);
#5089=(
MASS_UNIT()
NAMED_UNIT(*)
SI_UNIT(.KILO.,.GRAM.)
);
#5090=DERIVED_UNIT((#5087,#5088));
#5091=MEASURE_REPRESENTATION_ITEM('density measure',
POSITIVE_RATIO_MEASURE(7850.),#5090);
#5092=PROPERTY_DEFINITION_REPRESENTATION(#5097,#5094);
#5093=PROPERTY_DEFINITION_REPRESENTATION(#5098,#5095);
#5094=REPRESENTATION('material name',(#5096),#8415);
#5095=REPRESENTATION('density',(#5091),#8415);
#5096=DESCRIPTIVE_REPRESENTATION_ITEM('Acero','Acero');
#5097=PROPERTY_DEFINITION('material property','material name',#8425);
#5098=PROPERTY_DEFINITION('material property','density of part',#8425);
#5099=AXIS2_PLACEMENT_3D('',#6970,#5546,#5547);
#5100=AXIS2_PLACEMENT_3D('',#6971,#5548,#5549);
#5101=AXIS2_PLACEMENT_3D('',#6974,#5550,#5551);
#5102=AXIS2_PLACEMENT_3D('',#6976,#5552,#5553);
#5103=AXIS2_PLACEMENT_3D('',#6978,#5554,#5555);
#5104=AXIS2_PLACEMENT_3D('',#6979,#5556,#5557);
#5105=AXIS2_PLACEMENT_3D('',#6980,#5558,#5559);
#5106=AXIS2_PLACEMENT_3D('',#6983,#5560,#5561);
#5107=AXIS2_PLACEMENT_3D('',#6986,#5564,#5565);
#5108=AXIS2_PLACEMENT_3D('',#6989,#5566,#5567);
#5109=AXIS2_PLACEMENT_3D('',#6990,#5568,#5569);
#5110=AXIS2_PLACEMENT_3D('',#6991,#5570,#5571);
#5111=AXIS2_PLACEMENT_3D('',#6992,#5572,#5573);
#5112=AXIS2_PLACEMENT_3D('',#6995,#5574,#5575);
#5113=AXIS2_PLACEMENT_3D('',#6998,#5578,#5579);
#5114=AXIS2_PLACEMENT_3D('',#7001,#5580,#5581);
#5115=AXIS2_PLACEMENT_3D('',#7002,#5582,#5583);
#5116=AXIS2_PLACEMENT_3D('',#7003,#5584,#5585);
#5117=AXIS2_PLACEMENT_3D('',#7004,#5586,#5587);
#5118=AXIS2_PLACEMENT_3D('',#7007,#5588,#5589);
#5119=AXIS2_PLACEMENT_3D('',#7010,#5592,#5593);
#5120=AXIS2_PLACEMENT_3D('',#7013,#5594,#5595);
#5121=AXIS2_PLACEMENT_3D('',#7014,#5596,#5597);
#5122=AXIS2_PLACEMENT_3D('',#7015,#5598,#5599);
#5123=AXIS2_PLACEMENT_3D('',#7016,#5600,#5601);
#5124=AXIS2_PLACEMENT_3D('',#7019,#5604,#5605);
#5125=AXIS2_PLACEMENT_3D('',#7025,#5609,#5610);
#5126=AXIS2_PLACEMENT_3D('',#7028,#5612,#5613);
#5127=AXIS2_PLACEMENT_3D('',#7029,#5614,#5615);
#5128=AXIS2_PLACEMENT_3D('',#7033,#5618,#5619);
#5129=AXIS2_PLACEMENT_3D('',#7036,#5621,#5622);
#5130=AXIS2_PLACEMENT_3D('',#7037,#5623,#5624);
#5131=AXIS2_PLACEMENT_3D('',#7040,#5625,#5626);
#5132=AXIS2_PLACEMENT_3D('',#7044,#5628,#5629);
#5133=AXIS2_PLACEMENT_3D('',#7048,#5631,#5632);
#5134=AXIS2_PLACEMENT_3D('',#7052,#5634,#5635);
#5135=AXIS2_PLACEMENT_3D('',#7055,#5637,#5638);
#5136=AXIS2_PLACEMENT_3D('',#7057,#5639,#5640);
#5137=AXIS2_PLACEMENT_3D('',#7062,#5642,#5643);
#5138=AXIS2_PLACEMENT_3D('',#7066,#5645,#5646);
#5139=AXIS2_PLACEMENT_3D('',#7070,#5648,#5649);
#5140=AXIS2_PLACEMENT_3D('',#7073,#5651,#5652);
#5141=AXIS2_PLACEMENT_3D('',#7075,#5653,#5654);
#5142=AXIS2_PLACEMENT_3D('',#7077,#5655,#5656);
#5143=AXIS2_PLACEMENT_3D('',#7079,#5657,#5658);
#5144=AXIS2_PLACEMENT_3D('',#7081,#5659,#5660);
#5145=AXIS2_PLACEMENT_3D('',#7082,#5661,#5662);
#5146=AXIS2_PLACEMENT_3D('',#7086,#5664,#5665);
#5147=AXIS2_PLACEMENT_3D('',#7088,#5667,#5668);
#5148=AXIS2_PLACEMENT_3D('',#7090,#5670,#5671);
#5149=AXIS2_PLACEMENT_3D('',#7092,#5672,#5673);
#5150=AXIS2_PLACEMENT_3D('',#7094,#5675,#5676);
#5151=AXIS2_PLACEMENT_3D('',#7096,#5678,#5679);
#5152=AXIS2_PLACEMENT_3D('',#7098,#5680,#5681);
#5153=AXIS2_PLACEMENT_3D('',#7101,#5683,#5684);
#5154=AXIS2_PLACEMENT_3D('',#7102,#5685,#5686);
#5155=AXIS2_PLACEMENT_3D('',#7105,#5688,#5689);
#5156=AXIS2_PLACEMENT_3D('',#7106,#5690,#5691);
#5157=AXIS2_PLACEMENT_3D('',#7107,#5692,#5693);
#5158=AXIS2_PLACEMENT_3D('',#7109,#5694,#5695);
#5159=AXIS2_PLACEMENT_3D('',#7112,#5697,#5698);
#5160=AXIS2_PLACEMENT_3D('',#7113,#5699,#5700);
#5161=AXIS2_PLACEMENT_3D('',#7116,#5702,#5703);
#5162=AXIS2_PLACEMENT_3D('',#7117,#5704,#5705);
#5163=AXIS2_PLACEMENT_3D('',#7118,#5706,#5707);
#5164=AXIS2_PLACEMENT_3D('',#7119,#5708,#5709);
#5165=AXIS2_PLACEMENT_3D('',#7120,#5710,#5711);
#5166=AXIS2_PLACEMENT_3D('',#7126,#5715,#5716);
#5167=AXIS2_PLACEMENT_3D('',#7129,#5718,#5719);
#5168=AXIS2_PLACEMENT_3D('',#7130,#5720,#5721);
#5169=AXIS2_PLACEMENT_3D('',#7134,#5724,#5725);
#5170=AXIS2_PLACEMENT_3D('',#7137,#5727,#5728);
#5171=AXIS2_PLACEMENT_3D('',#7138,#5729,#5730);
#5172=AXIS2_PLACEMENT_3D('',#7142,#5733,#5734);
#5173=AXIS2_PLACEMENT_3D('',#7145,#5736,#5737);
#5174=AXIS2_PLACEMENT_3D('',#7146,#5738,#5739);
#5175=AXIS2_PLACEMENT_3D('',#7150,#5742,#5743);
#5176=AXIS2_PLACEMENT_3D('',#7151,#5744,#5745);
#5177=AXIS2_PLACEMENT_3D('',#7152,#5746,#5747);
#5178=AXIS2_PLACEMENT_3D('',#7153,#5748,#5749);
#5179=AXIS2_PLACEMENT_3D('',#7162,#5754,#5755);
#5180=AXIS2_PLACEMENT_3D('',#7168,#5759,#5760);
#5181=AXIS2_PLACEMENT_3D('',#7174,#5764,#5765);
#5182=AXIS2_PLACEMENT_3D('',#7177,#5768,#5769);
#5183=AXIS2_PLACEMENT_3D('',#7178,#5770,#5771);
#5184=AXIS2_PLACEMENT_3D('',#7187,#5776,#5777);
#5185=AXIS2_PLACEMENT_3D('',#7193,#5781,#5782);
#5186=AXIS2_PLACEMENT_3D('',#7199,#5786,#5787);
#5187=AXIS2_PLACEMENT_3D('',#7202,#5790,#5791);
#5188=AXIS2_PLACEMENT_3D('',#7203,#5792,#5793);
#5189=AXIS2_PLACEMENT_3D('',#7205,#5794,#5795);
#5190=AXIS2_PLACEMENT_3D('',#7207,#5797,#5798);
#5191=AXIS2_PLACEMENT_3D('',#7209,#5799,#5800);
#5192=AXIS2_PLACEMENT_3D('',#7211,#5802,#5803);
#5193=AXIS2_PLACEMENT_3D('',#7213,#5804,#5805);
#5194=AXIS2_PLACEMENT_3D('',#7215,#5807,#5808);
#5195=AXIS2_PLACEMENT_3D('',#7217,#5809,#5810);
#5196=AXIS2_PLACEMENT_3D('',#7219,#5812,#5813);
#5197=AXIS2_PLACEMENT_3D('',#7221,#5814,#5815);
#5198=AXIS2_PLACEMENT_3D('',#7224,#5817,#5818);
#5199=AXIS2_PLACEMENT_3D('',#7225,#5819,#5820);
#5200=AXIS2_PLACEMENT_3D('',#7226,#5821,#5822);
#5201=AXIS2_PLACEMENT_3D('',#7228,#5823,#5824);
#5202=AXIS2_PLACEMENT_3D('',#7231,#5826,#5827);
#5203=AXIS2_PLACEMENT_3D('',#7232,#5828,#5829);
#5204=AXIS2_PLACEMENT_3D('',#7233,#5830,#5831);
#5205=AXIS2_PLACEMENT_3D('',#7235,#5832,#5833);
#5206=AXIS2_PLACEMENT_3D('',#7238,#5835,#5836);
#5207=AXIS2_PLACEMENT_3D('',#7239,#5837,#5838);
#5208=AXIS2_PLACEMENT_3D('',#7240,#5839,#5840);
#5209=AXIS2_PLACEMENT_3D('',#7242,#5841,#5842);
#5210=AXIS2_PLACEMENT_3D('',#7245,#5844,#5845);
#5211=AXIS2_PLACEMENT_3D('',#7246,#5846,#5847);
#5212=AXIS2_PLACEMENT_3D('',#7247,#5848,#5849);
#5213=AXIS2_PLACEMENT_3D('',#7249,#5850,#5851);
#5214=AXIS2_PLACEMENT_3D('',#7252,#5853,#5854);
#5215=AXIS2_PLACEMENT_3D('',#7253,#5855,#5856);
#5216=AXIS2_PLACEMENT_3D('',#7254,#5857,#5858);
#5217=AXIS2_PLACEMENT_3D('',#7256,#5859,#5860);
#5218=AXIS2_PLACEMENT_3D('',#7259,#5862,#5863);
#5219=AXIS2_PLACEMENT_3D('',#7260,#5864,#5865);
#5220=AXIS2_PLACEMENT_3D('',#7261,#5866,#5867);
#5221=AXIS2_PLACEMENT_3D('',#7263,#5868,#5869);
#5222=AXIS2_PLACEMENT_3D('',#7266,#5871,#5872);
#5223=AXIS2_PLACEMENT_3D('',#7267,#5873,#5874);
#5224=AXIS2_PLACEMENT_3D('',#7268,#5875,#5876);
#5225=AXIS2_PLACEMENT_3D('',#7270,#5877,#5878);
#5226=AXIS2_PLACEMENT_3D('',#7273,#5880,#5881);
#5227=AXIS2_PLACEMENT_3D('',#7274,#5882,#5883);
#5228=AXIS2_PLACEMENT_3D('',#7275,#5884,#5885);
#5229=AXIS2_PLACEMENT_3D('',#7281,#5889,#5890);
#5230=AXIS2_PLACEMENT_3D('',#7283,#5891,#5892);
#5231=AXIS2_PLACEMENT_3D('',#7285,#5894,#5895);
#5232=AXIS2_PLACEMENT_3D('',#7289,#5898,#5899);
#5233=AXIS2_PLACEMENT_3D('',#7291,#5900,#5901);
#5234=AXIS2_PLACEMENT_3D('',#7293,#5903,#5904);
#5235=AXIS2_PLACEMENT_3D('',#7297,#5907,#5908);
#5236=AXIS2_PLACEMENT_3D('',#7299,#5909,#5910);
#5237=AXIS2_PLACEMENT_3D('',#7301,#5912,#5913);
#5238=AXIS2_PLACEMENT_3D('',#7305,#5916,#5917);
#5239=AXIS2_PLACEMENT_3D('',#7306,#5918,#5919);
#5240=AXIS2_PLACEMENT_3D('',#7307,#5920,#5921);
#5241=AXIS2_PLACEMENT_3D('',#7308,#5922,#5923);
#5242=AXIS2_PLACEMENT_3D('',#7310,#5924,#5925);
#5243=AXIS2_PLACEMENT_3D('',#7313,#5927,#5928);
#5244=AXIS2_PLACEMENT_3D('',#7314,#5929,#5930);
#5245=AXIS2_PLACEMENT_3D('',#7316,#5931,#5932);
#5246=AXIS2_PLACEMENT_3D('',#7319,#5934,#5935);
#5247=AXIS2_PLACEMENT_3D('',#7320,#5936,#5937);
#5248=AXIS2_PLACEMENT_3D('',#7322,#5938,#5939);
#5249=AXIS2_PLACEMENT_3D('',#7325,#5941,#5942);
#5250=AXIS2_PLACEMENT_3D('',#7326,#5943,#5944);
#5251=AXIS2_PLACEMENT_3D('',#7328,#5945,#5946);
#5252=AXIS2_PLACEMENT_3D('',#7331,#5948,#5949);
#5253=AXIS2_PLACEMENT_3D('',#7332,#5950,#5951);
#5254=AXIS2_PLACEMENT_3D('',#7339,#5954,#5955);
#5255=AXIS2_PLACEMENT_3D('',#7347,#5959,#5960);
#5256=AXIS2_PLACEMENT_3D('',#7349,#5962,#5963);
#5257=AXIS2_PLACEMENT_3D('',#7356,#5966,#5967);
#5258=AXIS2_PLACEMENT_3D('',#7364,#5971,#5972);
#5259=AXIS2_PLACEMENT_3D('',#7366,#5974,#5975);
#5260=AXIS2_PLACEMENT_3D('',#7373,#5978,#5979);
#5261=AXIS2_PLACEMENT_3D('',#7381,#5983,#5984);
#5262=AXIS2_PLACEMENT_3D('',#7383,#5986,#5987);
#5263=AXIS2_PLACEMENT_3D('',#7390,#5990,#5991);
#5264=AXIS2_PLACEMENT_3D('',#7398,#5995,#5996);
#5265=AXIS2_PLACEMENT_3D('',#7400,#5998,#5999);
#5266=AXIS2_PLACEMENT_3D('',#7404,#6001,#6002);
#5267=AXIS2_PLACEMENT_3D('',#7406,#6004,#6005);
#5268=AXIS2_PLACEMENT_3D('',#7410,#6007,#6008);
#5269=AXIS2_PLACEMENT_3D('',#7412,#6010,#6011);
#5270=AXIS2_PLACEMENT_3D('',#7416,#6013,#6014);
#5271=AXIS2_PLACEMENT_3D('',#7418,#6016,#6017);
#5272=AXIS2_PLACEMENT_3D('',#7422,#6019,#6020);
#5273=AXIS2_PLACEMENT_3D('',#7424,#6022,#6023);
#5274=AXIS2_PLACEMENT_3D('',#7457,#6040,#6041);
#5275=AXIS2_PLACEMENT_3D('',#7459,#6042,#6043);
#5276=AXIS2_PLACEMENT_3D('',#7462,#6045,#6046);
#5277=AXIS2_PLACEMENT_3D('',#7463,#6047,#6048);
#5278=AXIS2_PLACEMENT_3D('',#7465,#6049,#6050);
#5279=AXIS2_PLACEMENT_3D('',#7467,#6051,#6052);
#5280=AXIS2_PLACEMENT_3D('',#7469,#6054,#6055);
#5281=AXIS2_PLACEMENT_3D('',#7473,#6057,#6058);
#5282=AXIS2_PLACEMENT_3D('',#7475,#6060,#6061);
#5283=AXIS2_PLACEMENT_3D('',#7479,#6064,#6065);
#5284=AXIS2_PLACEMENT_3D('',#7517,#6085,#6086);
#5285=AXIS2_PLACEMENT_3D('',#7521,#6088,#6089);
#5286=AXIS2_PLACEMENT_3D('',#7523,#6091,#6092);
#5287=AXIS2_PLACEMENT_3D('',#7525,#6093,#6094);
#5288=AXIS2_PLACEMENT_3D('',#7528,#6096,#6097);
#5289=AXIS2_PLACEMENT_3D('',#7529,#6098,#6099);
#5290=AXIS2_PLACEMENT_3D('',#7533,#6102,#6103);
#5291=AXIS2_PLACEMENT_3D('',#7539,#6107,#6108);
#5292=AXIS2_PLACEMENT_3D('',#7552,#6116,#6117);
#5293=AXIS2_PLACEMENT_3D('',#7555,#6119,#6120);
#5294=AXIS2_PLACEMENT_3D('',#7556,#6121,#6122);
#5295=AXIS2_PLACEMENT_3D('',#7571,#6131,#6132);
#5296=AXIS2_PLACEMENT_3D('',#7602,#6148,#6149);
#5297=AXIS2_PLACEMENT_3D('',#7604,#6150,#6151);
#5298=AXIS2_PLACEMENT_3D('',#7606,#6152,#6153);
#5299=AXIS2_PLACEMENT_3D('',#7608,#6154,#6155);
#5300=AXIS2_PLACEMENT_3D('',#7610,#6156,#6157);
#5301=AXIS2_PLACEMENT_3D('',#7612,#6158,#6159);
#5302=AXIS2_PLACEMENT_3D('',#7614,#6160,#6161);
#5303=AXIS2_PLACEMENT_3D('',#7616,#6162,#6163);
#5304=AXIS2_PLACEMENT_3D('',#7617,#6164,#6165);
#5305=AXIS2_PLACEMENT_3D('',#7626,#6170,#6171);
#5306=AXIS2_PLACEMENT_3D('',#7632,#6175,#6176);
#5307=AXIS2_PLACEMENT_3D('',#7638,#6180,#6181);
#5308=AXIS2_PLACEMENT_3D('',#7689,#6207,#6208);
#5309=AXIS2_PLACEMENT_3D('',#7691,#6209,#6210);
#5310=AXIS2_PLACEMENT_3D('',#7693,#6211,#6212);
#5311=AXIS2_PLACEMENT_3D('',#7695,#6213,#6214);
#5312=AXIS2_PLACEMENT_3D('',#7697,#6215,#6216);
#5313=AXIS2_PLACEMENT_3D('',#7699,#6217,#6218);
#5314=AXIS2_PLACEMENT_3D('',#7701,#6219,#6220);
#5315=AXIS2_PLACEMENT_3D('',#7703,#6221,#6222);
#5316=AXIS2_PLACEMENT_3D('',#7704,#6223,#6224);
#5317=AXIS2_PLACEMENT_3D('',#7708,#6226,#6227);
#5318=AXIS2_PLACEMENT_3D('',#7715,#6231,#6232);
#5319=AXIS2_PLACEMENT_3D('',#7716,#6233,#6234);
#5320=AXIS2_PLACEMENT_3D('',#7722,#6237,#6238);
#5321=AXIS2_PLACEMENT_3D('',#7726,#6240,#6241);
#5322=AXIS2_PLACEMENT_3D('',#7746,#6251,#6252);
#5323=AXIS2_PLACEMENT_3D('',#7750,#6254,#6255);
#5324=AXIS2_PLACEMENT_3D('',#7755,#6258,#6259);
#5325=AXIS2_PLACEMENT_3D('',#7759,#6261,#6262);
#5326=AXIS2_PLACEMENT_3D('',#7765,#6265,#6266);
#5327=AXIS2_PLACEMENT_3D('',#7769,#6268,#6269);
#5328=AXIS2_PLACEMENT_3D('',#7773,#6271,#6272);
#5329=AXIS2_PLACEMENT_3D('',#7776,#6274,#6275);
#5330=AXIS2_PLACEMENT_3D('',#7781,#6277,#6278);
#5331=AXIS2_PLACEMENT_3D('',#7785,#6280,#6281);
#5332=AXIS2_PLACEMENT_3D('',#7789,#6283,#6284);
#5333=AXIS2_PLACEMENT_3D('',#7792,#6286,#6287);
#5334=AXIS2_PLACEMENT_3D('',#7797,#6289,#6290);
#5335=AXIS2_PLACEMENT_3D('',#7801,#6292,#6293);
#5336=AXIS2_PLACEMENT_3D('',#7805,#6295,#6296);
#5337=AXIS2_PLACEMENT_3D('',#7808,#6298,#6299);
#5338=AXIS2_PLACEMENT_3D('',#7809,#6300,#6301);
#5339=AXIS2_PLACEMENT_3D('',#7816,#6306,#6307);
#5340=AXIS2_PLACEMENT_3D('',#7820,#6311,#6312);
#5341=AXIS2_PLACEMENT_3D('',#7824,#6315,#6316);
#5342=AXIS2_PLACEMENT_3D('',#7826,#6318,#6319);
#5343=AXIS2_PLACEMENT_3D('',#7827,#6320,#6321);
#5344=AXIS2_PLACEMENT_3D('',#7831,#6324,#6325);
#5345=AXIS2_PLACEMENT_3D('',#7836,#6329,#6330);
#5346=AXIS2_PLACEMENT_3D('',#7840,#6334,#6335);
#5347=AXIS2_PLACEMENT_3D('',#7844,#6338,#6339);
#5348=AXIS2_PLACEMENT_3D('',#7846,#6341,#6342);
#5349=AXIS2_PLACEMENT_3D('',#7847,#6343,#6344);
#5350=AXIS2_PLACEMENT_3D('',#7854,#6348,#6349);
#5351=AXIS2_PLACEMENT_3D('',#7861,#6354,#6355);
#5352=AXIS2_PLACEMENT_3D('',#7863,#6357,#6358);
#5353=AXIS2_PLACEMENT_3D('',#7869,#6362,#6363);
#5354=AXIS2_PLACEMENT_3D('',#7878,#6369,#6370);
#5355=AXIS2_PLACEMENT_3D('',#7885,#6375,#6376);
#5356=AXIS2_PLACEMENT_3D('',#7886,#6377,#6378);
#5357=AXIS2_PLACEMENT_3D('',#7888,#6380,#6381);
#5358=AXIS2_PLACEMENT_3D('',#7890,#6383,#6384);
#5359=AXIS2_PLACEMENT_3D('',#7895,#6388,#6389);
#5360=AXIS2_PLACEMENT_3D('',#7896,#6390,#6391);
#5361=AXIS2_PLACEMENT_3D('',#7900,#6394,#6395);
#5362=AXIS2_PLACEMENT_3D('',#7902,#6397,#6398);
#5363=AXIS2_PLACEMENT_3D('',#7906,#6401,#6402);
#5364=AXIS2_PLACEMENT_3D('',#7908,#6404,#6405);
#5365=AXIS2_PLACEMENT_3D('',#7912,#6408,#6409);
#5366=AXIS2_PLACEMENT_3D('',#7914,#6411,#6412);
#5367=AXIS2_PLACEMENT_3D('',#7918,#6415,#6416);
#5368=AXIS2_PLACEMENT_3D('',#7920,#6418,#6419);
#5369=AXIS2_PLACEMENT_3D('',#7922,#6421,#6422);
#5370=AXIS2_PLACEMENT_3D('',#7930,#6427,#6428);
#5371=AXIS2_PLACEMENT_3D('',#7934,#6431,#6432);
#5372=AXIS2_PLACEMENT_3D('',#7946,#6440,#6441);
#5373=AXIS2_PLACEMENT_3D('',#7950,#6444,#6445);
#5374=AXIS2_PLACEMENT_3D('',#7953,#6448,#6449);
#5375=AXIS2_PLACEMENT_3D('',#7959,#6453,#6454);
#5376=AXIS2_PLACEMENT_3D('',#7963,#6457,#6458);
#5377=AXIS2_PLACEMENT_3D('',#7967,#6461,#6462);
#5378=AXIS2_PLACEMENT_3D('',#7969,#6464,#6465);
#5379=AXIS2_PLACEMENT_3D('',#7975,#6469,#6470);
#5380=AXIS2_PLACEMENT_3D('',#7979,#6473,#6474);
#5381=AXIS2_PLACEMENT_3D('',#7983,#6477,#6478);
#5382=AXIS2_PLACEMENT_3D('',#7985,#6480,#6481);
#5383=AXIS2_PLACEMENT_3D('',#7991,#6485,#6486);
#5384=AXIS2_PLACEMENT_3D('',#7995,#6489,#6490);
#5385=AXIS2_PLACEMENT_3D('',#7999,#6493,#6494);
#5386=AXIS2_PLACEMENT_3D('',#8001,#6496,#6497);
#5387=AXIS2_PLACEMENT_3D('',#8007,#6501,#6502);
#5388=AXIS2_PLACEMENT_3D('',#8011,#6505,#6506);
#5389=AXIS2_PLACEMENT_3D('',#8015,#6509,#6510);
#5390=AXIS2_PLACEMENT_3D('',#8017,#6512,#6513);
#5391=AXIS2_PLACEMENT_3D('',#8020,#6516,#6517);
#5392=AXIS2_PLACEMENT_3D('',#8022,#6519,#6520);
#5393=AXIS2_PLACEMENT_3D('',#8024,#6522,#6523);
#5394=AXIS2_PLACEMENT_3D('',#8025,#6524,#6525);
#5395=AXIS2_PLACEMENT_3D('',#8028,#6528,#6529);
#5396=AXIS2_PLACEMENT_3D('',#8030,#6531,#6532);
#5397=AXIS2_PLACEMENT_3D('',#8032,#6534,#6535);
#5398=AXIS2_PLACEMENT_3D('',#8033,#6536,#6537);
#5399=AXIS2_PLACEMENT_3D('',#8036,#6540,#6541);
#5400=AXIS2_PLACEMENT_3D('',#8038,#6543,#6544);
#5401=AXIS2_PLACEMENT_3D('',#8040,#6546,#6547);
#5402=AXIS2_PLACEMENT_3D('',#8041,#6548,#6549);
#5403=AXIS2_PLACEMENT_3D('',#8047,#6553,#6554);
#5404=AXIS2_PLACEMENT_3D('',#8051,#6557,#6558);
#5405=AXIS2_PLACEMENT_3D('',#8055,#6561,#6562);
#5406=AXIS2_PLACEMENT_3D('',#8057,#6564,#6565);
#5407=AXIS2_PLACEMENT_3D('',#8063,#6569,#6570);
#5408=AXIS2_PLACEMENT_3D('',#8067,#6573,#6574);
#5409=AXIS2_PLACEMENT_3D('',#8071,#6577,#6578);
#5410=AXIS2_PLACEMENT_3D('',#8073,#6580,#6581);
#5411=AXIS2_PLACEMENT_3D('',#8079,#6585,#6586);
#5412=AXIS2_PLACEMENT_3D('',#8083,#6589,#6590);
#5413=AXIS2_PLACEMENT_3D('',#8087,#6593,#6594);
#5414=AXIS2_PLACEMENT_3D('',#8089,#6596,#6597);
#5415=AXIS2_PLACEMENT_3D('',#8091,#6599,#6600);
#5416=AXIS2_PLACEMENT_3D('',#8093,#6602,#6603);
#5417=AXIS2_PLACEMENT_3D('',#8095,#6605,#6606);
#5418=AXIS2_PLACEMENT_3D('',#8097,#6608,#6609);
#5419=AXIS2_PLACEMENT_3D('',#8099,#6611,#6612);
#5420=AXIS2_PLACEMENT_3D('',#8101,#6614,#6615);
#5421=AXIS2_PLACEMENT_3D('',#8103,#6617,#6618);
#5422=AXIS2_PLACEMENT_3D('',#8105,#6620,#6621);
#5423=AXIS2_PLACEMENT_3D('',#8112,#6624,#6625);
#5424=AXIS2_PLACEMENT_3D('',#8116,#6627,#6628);
#5425=AXIS2_PLACEMENT_3D('',#8120,#6630,#6631);
#5426=AXIS2_PLACEMENT_3D('',#8124,#6633,#6634);
#5427=AXIS2_PLACEMENT_3D('',#8130,#6637,#6638);
#5428=AXIS2_PLACEMENT_3D('',#8134,#6640,#6641);
#5429=AXIS2_PLACEMENT_3D('',#8137,#6643,#6644);
#5430=AXIS2_PLACEMENT_3D('',#8138,#6645,#6646);
#5431=AXIS2_PLACEMENT_3D('',#8141,#6647,#6648);
#5432=AXIS2_PLACEMENT_3D('',#8143,#6649,#6650);
#5433=AXIS2_PLACEMENT_3D('',#8146,#6652,#6653);
#5434=AXIS2_PLACEMENT_3D('',#8148,#6654,#6655);
#5435=AXIS2_PLACEMENT_3D('',#8150,#6656,#6657);
#5436=AXIS2_PLACEMENT_3D('',#8155,#6659,#6660);
#5437=AXIS2_PLACEMENT_3D('',#8156,#6661,#6662);
#5438=AXIS2_PLACEMENT_3D('',#8158,#6663,#6664);
#5439=AXIS2_PLACEMENT_3D('',#8159,#6665,#6666);
#5440=AXIS2_PLACEMENT_3D('',#8162,#6669,#6670);
#5441=AXIS2_PLACEMENT_3D('',#8168,#6674,#6675);
#5442=AXIS2_PLACEMENT_3D('',#8171,#6677,#6678);
#5443=AXIS2_PLACEMENT_3D('',#8172,#6679,#6680);
#5444=AXIS2_PLACEMENT_3D('',#8173,#6681,#6682);
#5445=AXIS2_PLACEMENT_3D('',#8175,#6683,#6684);
#5446=AXIS2_PLACEMENT_3D('',#8177,#6686,#6687);
#5447=AXIS2_PLACEMENT_3D('',#8178,#6688,#6689);
#5448=AXIS2_PLACEMENT_3D('',#8179,#6690,#6691);
#5449=AXIS2_PLACEMENT_3D('',#8180,#6692,#6693);
#5450=AXIS2_PLACEMENT_3D('',#8187,#6698,#6699);
#5451=AXIS2_PLACEMENT_3D('',#8193,#6703,#6704);
#5452=AXIS2_PLACEMENT_3D('',#8195,#6706,#6707);
#5453=AXIS2_PLACEMENT_3D('',#8198,#6709,#6710);
#5454=AXIS2_PLACEMENT_3D('',#8199,#6711,#6712);
#5455=AXIS2_PLACEMENT_3D('',#8202,#6714,#6715);
#5456=AXIS2_PLACEMENT_3D('',#8203,#6716,#6717);
#5457=AXIS2_PLACEMENT_3D('',#8205,#6719,#6720);
#5458=AXIS2_PLACEMENT_3D('',#8206,#6721,#6722);
#5459=AXIS2_PLACEMENT_3D('',#8207,#6723,#6724);
#5460=AXIS2_PLACEMENT_3D('',#8210,#6726,#6727);
#5461=AXIS2_PLACEMENT_3D('',#8211,#6728,#6729);
#5462=AXIS2_PLACEMENT_3D('',#8217,#6733,#6734);
#5463=AXIS2_PLACEMENT_3D('',#8219,#6735,#6736);
#5464=AXIS2_PLACEMENT_3D('',#8221,#6738,#6739);
#5465=AXIS2_PLACEMENT_3D('',#8225,#6742,#6743);
#5466=AXIS2_PLACEMENT_3D('',#8227,#6744,#6745);
#5467=AXIS2_PLACEMENT_3D('',#8229,#6747,#6748);
#5468=AXIS2_PLACEMENT_3D('',#8233,#6751,#6752);
#5469=AXIS2_PLACEMENT_3D('',#8235,#6753,#6754);
#5470=AXIS2_PLACEMENT_3D('',#8237,#6756,#6757);
#5471=AXIS2_PLACEMENT_3D('',#8241,#6760,#6761);
#5472=AXIS2_PLACEMENT_3D('',#8242,#6762,#6763);
#5473=AXIS2_PLACEMENT_3D('',#8243,#6764,#6765);
#5474=AXIS2_PLACEMENT_3D('',#8249,#6769,#6770);
#5475=AXIS2_PLACEMENT_3D('',#8251,#6771,#6772);
#5476=AXIS2_PLACEMENT_3D('',#8253,#6774,#6775);
#5477=AXIS2_PLACEMENT_3D('',#8257,#6778,#6779);
#5478=AXIS2_PLACEMENT_3D('',#8259,#6780,#6781);
#5479=AXIS2_PLACEMENT_3D('',#8261,#6783,#6784);
#5480=AXIS2_PLACEMENT_3D('',#8265,#6787,#6788);
#5481=AXIS2_PLACEMENT_3D('',#8267,#6789,#6790);
#5482=AXIS2_PLACEMENT_3D('',#8269,#6792,#6793);
#5483=AXIS2_PLACEMENT_3D('',#8273,#6796,#6797);
#5484=AXIS2_PLACEMENT_3D('',#8274,#6798,#6799);
#5485=AXIS2_PLACEMENT_3D('',#8275,#6800,#6801);
#5486=AXIS2_PLACEMENT_3D('',#8281,#6805,#6806);
#5487=AXIS2_PLACEMENT_3D('',#8283,#6807,#6808);
#5488=AXIS2_PLACEMENT_3D('',#8285,#6810,#6811);
#5489=AXIS2_PLACEMENT_3D('',#8289,#6814,#6815);
#5490=AXIS2_PLACEMENT_3D('',#8291,#6816,#6817);
#5491=AXIS2_PLACEMENT_3D('',#8293,#6819,#6820);
#5492=AXIS2_PLACEMENT_3D('',#8297,#6823,#6824);
#5493=AXIS2_PLACEMENT_3D('',#8299,#6825,#6826);
#5494=AXIS2_PLACEMENT_3D('',#8301,#6828,#6829);
#5495=AXIS2_PLACEMENT_3D('',#8305,#6832,#6833);
#5496=AXIS2_PLACEMENT_3D('',#8306,#6834,#6835);
#5497=AXIS2_PLACEMENT_3D('',#8307,#6836,#6837);
#5498=AXIS2_PLACEMENT_3D('',#8313,#6841,#6842);
#5499=AXIS2_PLACEMENT_3D('',#8315,#6843,#6844);
#5500=AXIS2_PLACEMENT_3D('',#8317,#6846,#6847);
#5501=AXIS2_PLACEMENT_3D('',#8321,#6850,#6851);
#5502=AXIS2_PLACEMENT_3D('',#8323,#6852,#6853);
#5503=AXIS2_PLACEMENT_3D('',#8325,#6855,#6856);
#5504=AXIS2_PLACEMENT_3D('',#8329,#6859,#6860);
#5505=AXIS2_PLACEMENT_3D('',#8331,#6861,#6862);
#5506=AXIS2_PLACEMENT_3D('',#8333,#6864,#6865);
#5507=AXIS2_PLACEMENT_3D('',#8337,#6868,#6869);
#5508=AXIS2_PLACEMENT_3D('',#8338,#6870,#6871);
#5509=AXIS2_PLACEMENT_3D('',#8339,#6872,#6873);
#5510=AXIS2_PLACEMENT_3D('',#8345,#6877,#6878);
#5511=AXIS2_PLACEMENT_3D('',#8351,#6882,#6883);
#5512=AXIS2_PLACEMENT_3D('',#8358,#6888,#6889);
#5513=AXIS2_PLACEMENT_3D('',#8359,#6890,#6891);
#5514=AXIS2_PLACEMENT_3D('',#8360,#6892,#6893);
#5515=AXIS2_PLACEMENT_3D('',#8362,#6895,#6896);
#5516=AXIS2_PLACEMENT_3D('',#8363,#6897,#6898);
#5517=AXIS2_PLACEMENT_3D('',#8364,#6899,#6900);
#5518=AXIS2_PLACEMENT_3D('',#8365,#6901,#6902);
#5519=AXIS2_PLACEMENT_3D('',#8368,#6904,#6905);
#5520=AXIS2_PLACEMENT_3D('',#8369,#6906,#6907);
#5521=AXIS2_PLACEMENT_3D('',#8370,#6908,#6909);
#5522=AXIS2_PLACEMENT_3D('',#8371,#6910,#6911);
#5523=AXIS2_PLACEMENT_3D('',#8372,#6912,#6913);
#5524=AXIS2_PLACEMENT_3D('',#8373,#6914,#6915);
#5525=AXIS2_PLACEMENT_3D('',#8375,#6917,#6918);
#5526=AXIS2_PLACEMENT_3D('',#8377,#6920,#6921);
#5527=AXIS2_PLACEMENT_3D('',#8379,#6923,#6924);
#5528=AXIS2_PLACEMENT_3D('',#8380,#6925,#6926);
#5529=AXIS2_PLACEMENT_3D('',#8381,#6927,#6928);
#5530=AXIS2_PLACEMENT_3D('',#8387,#6932,#6933);
#5531=AXIS2_PLACEMENT_3D('',#8390,#6935,#6936);
#5532=AXIS2_PLACEMENT_3D('',#8391,#6937,#6938);
#5533=AXIS2_PLACEMENT_3D('',#8395,#6941,#6942);
#5534=AXIS2_PLACEMENT_3D('',#8398,#6944,#6945);
#5535=AXIS2_PLACEMENT_3D('',#8399,#6946,#6947);
#5536=AXIS2_PLACEMENT_3D('',#8403,#6950,#6951);
#5537=AXIS2_PLACEMENT_3D('',#8404,#6952,#6953);
#5538=AXIS2_PLACEMENT_3D('',#8405,#6954,#6955);
#5539=AXIS2_PLACEMENT_3D('',#8406,#6956,#6957);
#5540=AXIS2_PLACEMENT_3D('',#8407,#6958,#6959);
#5541=AXIS2_PLACEMENT_3D('',#8408,#6960,#6961);
#5542=AXIS2_PLACEMENT_3D('',#8409,#6962,#6963);
#5543=AXIS2_PLACEMENT_3D('',#8410,#6964,#6965);
#5544=AXIS2_PLACEMENT_3D('',#8411,#6966,#6967);
#5545=AXIS2_PLACEMENT_3D('',#8412,#6968,#6969);
#5546=DIRECTION('axis',(0.,0.,1.));
#5547=DIRECTION('refdir',(1.,0.,0.));
#5548=DIRECTION('center_axis',(0.,0.,1.));
#5549=DIRECTION('ref_axis',(1.,0.,0.));
#5550=DIRECTION('center_axis',(0.,-1.,0.));
#5551=DIRECTION('ref_axis',(1.,0.,0.));
#5552=DIRECTION('center_axis',(0.,0.,1.));
#5553=DIRECTION('ref_axis',(-0.707106781186545,-0.70710678118655,0.));
#5554=DIRECTION('center_axis',(-1.,0.,0.));
#5555=DIRECTION('ref_axis',(0.,0.,1.));
#5556=DIRECTION('center_axis',(0.,0.,-1.));
#5557=DIRECTION('ref_axis',(-0.707106781186545,-0.70710678118655,0.));
#5558=DIRECTION('center_axis',(-1.,0.,0.));
#5559=DIRECTION('ref_axis',(0.,0.70710678118654,0.707106781186555));
#5560=DIRECTION('center_axis',(-1.,0.,0.));
#5561=DIRECTION('ref_axis',(0.,0.,1.));
#5562=DIRECTION('',(-1.,0.,0.));
#5563=DIRECTION('',(1.,0.,0.));
#5564=DIRECTION('center_axis',(0.,0.,1.));
#5565=DIRECTION('ref_axis',(1.,0.,0.));
#5566=DIRECTION('center_axis',(0.,-1.,0.));
#5567=DIRECTION('ref_axis',(0.,0.,1.));
#5568=DIRECTION('center_axis',(0.,0.,-1.));
#5569=DIRECTION('ref_axis',(0.707106781186545,-0.70710678118655,0.));
#5570=DIRECTION('center_axis',(0.,0.,1.));
#5571=DIRECTION('ref_axis',(0.707106781186545,-0.70710678118655,0.));
#5572=DIRECTION('center_axis',(0.,-1.,0.));
#5573=DIRECTION('ref_axis',(-0.70710678118655,0.,0.707106781186545));
#5574=DIRECTION('center_axis',(0.,-1.,0.));
#5575=DIRECTION('ref_axis',(0.,0.,1.));
#5576=DIRECTION('',(0.,-1.,0.));
#5577=DIRECTION('',(0.,1.,0.));
#5578=DIRECTION('center_axis',(0.,0.,1.));
#5579=DIRECTION('ref_axis',(1.,0.,0.));
#5580=DIRECTION('center_axis',(1.,0.,0.));
#5581=DIRECTION('ref_axis',(0.,0.,1.));
#5582=DIRECTION('center_axis',(0.,0.,-1.));
#5583=DIRECTION('ref_axis',(0.707106781186551,0.707106781186545,0.));
#5584=DIRECTION('center_axis',(0.,0.,1.));
#5585=DIRECTION('ref_axis',(0.707106781186551,0.707106781186545,0.));
#5586=DIRECTION('center_axis',(1.,0.,0.));
#5587=DIRECTION('ref_axis',(0.,-0.70710678118654,0.707106781186555));
#5588=DIRECTION('center_axis',(1.,0.,0.));
#5589=DIRECTION('ref_axis',(0.,0.,1.));
#5590=DIRECTION('',(1.,0.,0.));
#5591=DIRECTION('',(-1.,0.,0.));
#5592=DIRECTION('center_axis',(0.,0.,1.));
#5593=DIRECTION('ref_axis',(1.,0.,0.));
#5594=DIRECTION('center_axis',(0.,1.,0.));
#5595=DIRECTION('ref_axis',(0.,0.,1.));
#5596=DIRECTION('center_axis',(0.,0.,-1.));
#5597=DIRECTION('ref_axis',(-0.707106781186542,0.707106781186553,0.));
#5598=DIRECTION('center_axis',(0.,0.,1.));
#5599=DIRECTION('ref_axis',(-0.707106781186542,0.707106781186553,0.));
#5600=DIRECTION('center_axis',(0.,1.,0.));
#5601=DIRECTION('ref_axis',(0.707106781186548,0.,0.707106781186547));
#5602=DIRECTION('',(0.,-1.,0.));
#5603=DIRECTION('',(0.,1.,0.));
#5604=DIRECTION('center_axis',(0.,1.,0.));
#5605=DIRECTION('ref_axis',(-1.,0.,0.));
#5606=DIRECTION('',(0.,0.,1.));
#5607=DIRECTION('',(-1.,0.,0.));
#5608=DIRECTION('',(0.,0.,-1.));
#5609=DIRECTION('center_axis',(0.,0.,1.));
#5610=DIRECTION('ref_axis',(-0.707106781186542,0.707106781186553,0.));
#5611=DIRECTION('',(0.,0.,-1.));
#5612=DIRECTION('center_axis',(0.,0.,-1.));
#5613=DIRECTION('ref_axis',(-0.707106781186542,0.707106781186553,0.));
#5614=DIRECTION('center_axis',(-1.,0.,0.));
#5615=DIRECTION('ref_axis',(0.,-1.,0.));
#5616=DIRECTION('',(0.,0.,1.));
#5617=DIRECTION('',(0.,-1.,0.));
#5618=DIRECTION('center_axis',(0.,0.,1.));
#5619=DIRECTION('ref_axis',(-0.707106781186551,-0.707106781186544,0.));
#5620=DIRECTION('',(0.,0.,-1.));
#5621=DIRECTION('center_axis',(0.,0.,-1.));
#5622=DIRECTION('ref_axis',(-0.707106781186551,-0.707106781186544,0.));
#5623=DIRECTION('center_axis',(0.,0.,1.));
#5624=DIRECTION('ref_axis',(1.,0.,0.));
#5625=DIRECTION('center_axis',(0.,0.,1.));
#5626=DIRECTION('ref_axis',(-1.,0.,0.));
#5627=DIRECTION('',(1.,0.,0.));
#5628=DIRECTION('center_axis',(0.,0.,1.));
#5629=DIRECTION('ref_axis',(0.,-1.,0.));
#5630=DIRECTION('',(0.,1.,0.));
#5631=DIRECTION('center_axis',(0.,0.,1.));
#5632=DIRECTION('ref_axis',(1.,0.,0.));
#5633=DIRECTION('',(-1.,0.,0.));
#5634=DIRECTION('center_axis',(0.,0.,1.));
#5635=DIRECTION('ref_axis',(0.,1.,0.));
#5636=DIRECTION('',(0.,-1.,0.));
#5637=DIRECTION('center_axis',(0.,0.,-1.));
#5638=DIRECTION('ref_axis',(1.,0.,0.));
#5639=DIRECTION('center_axis',(0.,0.,-1.));
#5640=DIRECTION('ref_axis',(1.,0.,0.));
#5641=DIRECTION('',(-1.,0.,0.));
#5642=DIRECTION('center_axis',(0.,0.,-1.));
#5643=DIRECTION('ref_axis',(-1.,0.,0.));
#5644=DIRECTION('',(0.,1.,0.));
#5645=DIRECTION('center_axis',(0.,0.,-1.));
#5646=DIRECTION('ref_axis',(0.,1.,0.));
#5647=DIRECTION('',(1.,0.,0.));
#5648=DIRECTION('center_axis',(0.,0.,-1.));
#5649=DIRECTION('ref_axis',(1.,0.,0.));
#5650=DIRECTION('',(0.,-1.,0.));
#5651=DIRECTION('center_axis',(0.,0.,-1.));
#5652=DIRECTION('ref_axis',(0.,-1.,0.));
#5653=DIRECTION('center_axis',(0.,0.,-1.));
#5654=DIRECTION('ref_axis',(1.,0.,0.));
#5655=DIRECTION('center_axis',(0.,0.,-1.));
#5656=DIRECTION('ref_axis',(1.,0.,0.));
#5657=DIRECTION('center_axis',(0.,0.,-1.));
#5658=DIRECTION('ref_axis',(1.,0.,0.));
#5659=DIRECTION('center_axis',(0.,0.,-1.));
#5660=DIRECTION('ref_axis',(1.,0.,0.));
#5661=DIRECTION('center_axis',(0.,0.,1.));
#5662=DIRECTION('ref_axis',(0.707106781186552,-0.707106781186543,0.));
#5663=DIRECTION('',(0.,0.,-1.));
#5664=DIRECTION('center_axis',(0.,0.,-1.));
#5665=DIRECTION('ref_axis',(0.707106781186552,-0.707106781186543,0.));
#5666=DIRECTION('',(0.,0.,1.));
#5667=DIRECTION('center_axis',(0.,-1.,0.));
#5668=DIRECTION('ref_axis',(1.,0.,0.));
#5669=DIRECTION('',(1.,0.,0.));
#5670=DIRECTION('center_axis',(0.,0.,1.));
#5671=DIRECTION('ref_axis',(0.707106781186543,0.707106781186552,0.));
#5672=DIRECTION('center_axis',(0.,0.,-1.));
#5673=DIRECTION('ref_axis',(0.707106781186543,0.707106781186552,0.));
#5674=DIRECTION('',(0.,0.,1.));
#5675=DIRECTION('center_axis',(1.,0.,0.));
#5676=DIRECTION('ref_axis',(0.,1.,0.));
#5677=DIRECTION('',(0.,1.,0.));
#5678=DIRECTION('center_axis',(0.,0.,-1.));
#5679=DIRECTION('ref_axis',(1.,0.,0.));
#5680=DIRECTION('center_axis',(0.,0.,1.));
#5681=DIRECTION('ref_axis',(1.,0.,0.));
#5682=DIRECTION('',(0.,0.,-1.));
#5683=DIRECTION('center_axis',(0.,0.,1.));
#5684=DIRECTION('ref_axis',(1.,0.,0.));
#5685=DIRECTION('center_axis',(0.,0.,-1.));
#5686=DIRECTION('ref_axis',(1.,0.,0.));
#5687=DIRECTION('',(0.,0.,-1.));
#5688=DIRECTION('center_axis',(0.,0.,-1.));
#5689=DIRECTION('ref_axis',(1.,0.,0.));
#5690=DIRECTION('center_axis',(0.,0.,1.));
#5691=DIRECTION('ref_axis',(1.,0.,0.));
#5692=DIRECTION('center_axis',(0.,0.,-1.));
#5693=DIRECTION('ref_axis',(1.,0.,0.));
#5694=DIRECTION('center_axis',(0.,0.,1.));
#5695=DIRECTION('ref_axis',(1.,0.,0.));
#5696=DIRECTION('',(0.,0.,-1.));
#5697=DIRECTION('center_axis',(0.,0.,1.));
#5698=DIRECTION('ref_axis',(1.,0.,0.));
#5699=DIRECTION('center_axis',(0.,0.,-1.));
#5700=DIRECTION('ref_axis',(1.,0.,0.));
#5701=DIRECTION('',(0.,0.,-1.));
#5702=DIRECTION('center_axis',(0.,0.,-1.));
#5703=DIRECTION('ref_axis',(1.,0.,0.));
#5704=DIRECTION('center_axis',(0.,0.,1.));
#5705=DIRECTION('ref_axis',(1.,0.,0.));
#5706=DIRECTION('center_axis',(0.,0.,1.));
#5707=DIRECTION('ref_axis',(1.,0.,0.));
#5708=DIRECTION('center_axis',(0.,0.,1.));
#5709=DIRECTION('ref_axis',(1.,0.,0.));
#5710=DIRECTION('center_axis',(0.,-1.,0.));
#5711=DIRECTION('ref_axis',(-1.,0.,0.));
#5712=DIRECTION('',(0.,0.,-1.));
#5713=DIRECTION('',(-1.,0.,0.));
#5714=DIRECTION('',(0.,0.,-1.));
#5715=DIRECTION('center_axis',(0.,0.,-1.));
#5716=DIRECTION('ref_axis',(0.,-1.,0.));
#5717=DIRECTION('',(0.,0.,-1.));
#5718=DIRECTION('center_axis',(0.,0.,-1.));
#5719=DIRECTION('ref_axis',(0.,-1.,0.));
#5720=DIRECTION('center_axis',(1.,0.,0.));
#5721=DIRECTION('ref_axis',(0.,-1.,0.));
#5722=DIRECTION('',(0.,0.,-1.));
#5723=DIRECTION('',(0.,-1.,0.));
#5724=DIRECTION('center_axis',(0.,0.,-1.));
#5725=DIRECTION('ref_axis',(1.,0.,0.));
#5726=DIRECTION('',(0.,0.,-1.));
#5727=DIRECTION('center_axis',(0.,0.,-1.));
#5728=DIRECTION('ref_axis',(1.,0.,0.));
#5729=DIRECTION('center_axis',(0.,1.,0.));
#5730=DIRECTION('ref_axis',(1.,0.,0.));
#5731=DIRECTION('',(0.,0.,-1.));
#5732=DIRECTION('',(1.,0.,0.));
#5733=DIRECTION('center_axis',(0.,0.,-1.));
#5734=DIRECTION('ref_axis',(0.,1.,0.));
#5735=DIRECTION('',(0.,0.,-1.));
#5736=DIRECTION('center_axis',(0.,0.,-1.));
#5737=DIRECTION('ref_axis',(0.,1.,0.));
#5738=DIRECTION('center_axis',(-1.,0.,0.));
#5739=DIRECTION('ref_axis',(0.,1.,0.));
#5740=DIRECTION('',(0.,0.,-1.));
#5741=DIRECTION('',(0.,1.,0.));
#5742=DIRECTION('center_axis',(0.,0.,-1.));
#5743=DIRECTION('ref_axis',(-1.,0.,0.));
#5744=DIRECTION('center_axis',(0.,0.,-1.));
#5745=DIRECTION('ref_axis',(-1.,0.,0.));
#5746=DIRECTION('center_axis',(0.,0.,1.));
#5747=DIRECTION('ref_axis',(1.,0.,0.));
#5748=DIRECTION('center_axis',(0.,1.,0.));
#5749=DIRECTION('ref_axis',(-1.,0.,0.));
#5750=DIRECTION('',(-1.,0.,0.));
#5751=DIRECTION('',(0.,0.,1.));
#5752=DIRECTION('',(-1.,0.,0.));
#5753=DIRECTION('',(0.,0.,1.));
#5754=DIRECTION('center_axis',(1.,0.,0.));
#5755=DIRECTION('ref_axis',(0.,1.,0.));
#5756=DIRECTION('',(0.,1.,0.));
#5757=DIRECTION('',(0.,0.,1.));
#5758=DIRECTION('',(0.,1.,0.));
#5759=DIRECTION('center_axis',(0.,-1.,0.));
#5760=DIRECTION('ref_axis',(1.,0.,0.));
#5761=DIRECTION('',(1.,0.,0.));
#5762=DIRECTION('',(0.,0.,1.));
#5763=DIRECTION('',(1.,0.,0.));
#5764=DIRECTION('center_axis',(-1.,0.,0.));
#5765=DIRECTION('ref_axis',(0.,-1.,0.));
#5766=DIRECTION('',(0.,-1.,0.));
#5767=DIRECTION('',(0.,-1.,0.));
#5768=DIRECTION('center_axis',(0.,0.,1.));
#5769=DIRECTION('ref_axis',(1.,0.,0.));
#5770=DIRECTION('center_axis',(0.,1.,0.));
#5771=DIRECTION('ref_axis',(-1.,0.,0.));
#5772=DIRECTION('',(-1.,0.,0.));
#5773=DIRECTION('',(0.,0.,1.));
#5774=DIRECTION('',(-1.,0.,0.));
#5775=DIRECTION('',(0.,0.,1.));
#5776=DIRECTION('center_axis',(1.,0.,0.));
#5777=DIRECTION('ref_axis',(0.,1.,0.));
#5778=DIRECTION('',(0.,1.,0.));
#5779=DIRECTION('',(0.,0.,1.));
#5780=DIRECTION('',(0.,1.,0.));
#5781=DIRECTION('center_axis',(0.,-1.,0.));
#5782=DIRECTION('ref_axis',(1.,0.,0.));
#5783=DIRECTION('',(1.,0.,0.));
#5784=DIRECTION('',(0.,0.,1.));
#5785=DIRECTION('',(1.,0.,0.));
#5786=DIRECTION('center_axis',(-1.,0.,0.));
#5787=DIRECTION('ref_axis',(0.,-1.,0.));
#5788=DIRECTION('',(0.,-1.,0.));
#5789=DIRECTION('',(0.,-1.,0.));
#5790=DIRECTION('center_axis',(0.,0.,1.));
#5791=DIRECTION('ref_axis',(1.,0.,0.));
#5792=DIRECTION('center_axis',(0.,0.,1.));
#5793=DIRECTION('ref_axis',(1.,0.,0.));
#5794=DIRECTION('center_axis',(0.,0.,1.));
#5795=DIRECTION('ref_axis',(1.,0.,0.));
#5796=DIRECTION('',(0.,0.,1.));
#5797=DIRECTION('center_axis',(0.,0.,1.));
#5798=DIRECTION('ref_axis',(1.,0.,0.));
#5799=DIRECTION('center_axis',(0.,0.,1.));
#5800=DIRECTION('ref_axis',(1.,0.,0.));
#5801=DIRECTION('',(0.,0.,1.));
#5802=DIRECTION('center_axis',(0.,0.,1.));
#5803=DIRECTION('ref_axis',(1.,0.,0.));
#5804=DIRECTION('center_axis',(0.,0.,1.));
#5805=DIRECTION('ref_axis',(1.,0.,0.));
#5806=DIRECTION('',(0.,0.,1.));
#5807=DIRECTION('center_axis',(0.,0.,1.));
#5808=DIRECTION('ref_axis',(1.,0.,0.));
#5809=DIRECTION('center_axis',(0.,0.,1.));
#5810=DIRECTION('ref_axis',(1.,0.,0.));
#5811=DIRECTION('',(0.,0.,1.));
#5812=DIRECTION('center_axis',(0.,0.,-1.));
#5813=DIRECTION('ref_axis',(1.,0.,0.));
#5814=DIRECTION('center_axis',(0.,0.,1.));
#5815=DIRECTION('ref_axis',(1.,0.,0.));
#5816=DIRECTION('',(0.,0.,-1.));
#5817=DIRECTION('center_axis',(0.,0.,1.));
#5818=DIRECTION('ref_axis',(1.,0.,0.));
#5819=DIRECTION('center_axis',(0.,0.,1.));
#5820=DIRECTION('ref_axis',(1.,0.,0.));
#5821=DIRECTION('center_axis',(0.,0.,-1.));
#5822=DIRECTION('ref_axis',(1.,0.,0.));
#5823=DIRECTION('center_axis',(0.,0.,1.));
#5824=DIRECTION('ref_axis',(1.,0.,0.));
#5825=DIRECTION('',(0.,0.,-1.));
#5826=DIRECTION('center_axis',(0.,0.,1.));
#5827=DIRECTION('ref_axis',(1.,0.,0.));
#5828=DIRECTION('center_axis',(0.,0.,1.));
#5829=DIRECTION('ref_axis',(1.,0.,0.));
#5830=DIRECTION('center_axis',(0.,0.,-1.));
#5831=DIRECTION('ref_axis',(1.,0.,0.));
#5832=DIRECTION('center_axis',(0.,0.,1.));
#5833=DIRECTION('ref_axis',(1.,0.,0.));
#5834=DIRECTION('',(0.,0.,-1.));
#5835=DIRECTION('center_axis',(0.,0.,1.));
#5836=DIRECTION('ref_axis',(1.,0.,0.));
#5837=DIRECTION('center_axis',(0.,0.,1.));
#5838=DIRECTION('ref_axis',(1.,0.,0.));
#5839=DIRECTION('center_axis',(0.,0.,-1.));
#5840=DIRECTION('ref_axis',(1.,0.,0.));
#5841=DIRECTION('center_axis',(0.,0.,1.));
#5842=DIRECTION('ref_axis',(1.,0.,0.));
#5843=DIRECTION('',(0.,0.,-1.));
#5844=DIRECTION('center_axis',(0.,0.,1.));
#5845=DIRECTION('ref_axis',(1.,0.,0.));
#5846=DIRECTION('center_axis',(0.,0.,1.));
#5847=DIRECTION('ref_axis',(1.,0.,0.));
#5848=DIRECTION('center_axis',(0.,0.,-1.));
#5849=DIRECTION('ref_axis',(1.,0.,0.));
#5850=DIRECTION('center_axis',(0.,0.,-1.));
#5851=DIRECTION('ref_axis',(1.,0.,0.));
#5852=DIRECTION('',(0.,0.,1.));
#5853=DIRECTION('center_axis',(0.,0.,1.));
#5854=DIRECTION('ref_axis',(1.,0.,0.));
#5855=DIRECTION('center_axis',(0.,0.,1.));
#5856=DIRECTION('ref_axis',(1.,0.,0.));
#5857=DIRECTION('center_axis',(0.,0.,-1.));
#5858=DIRECTION('ref_axis',(1.,0.,0.));
#5859=DIRECTION('center_axis',(0.,0.,-1.));
#5860=DIRECTION('ref_axis',(1.,0.,0.));
#5861=DIRECTION('',(0.,0.,1.));
#5862=DIRECTION('center_axis',(0.,0.,1.));
#5863=DIRECTION('ref_axis',(1.,0.,0.));
#5864=DIRECTION('center_axis',(0.,0.,1.));
#5865=DIRECTION('ref_axis',(1.,0.,0.));
#5866=DIRECTION('center_axis',(0.,0.,-1.));
#5867=DIRECTION('ref_axis',(1.,0.,0.));
#5868=DIRECTION('center_axis',(0.,0.,-1.));
#5869=DIRECTION('ref_axis',(1.,0.,0.));
#5870=DIRECTION('',(0.,0.,1.));
#5871=DIRECTION('center_axis',(0.,0.,1.));
#5872=DIRECTION('ref_axis',(1.,0.,0.));
#5873=DIRECTION('center_axis',(0.,0.,1.));
#5874=DIRECTION('ref_axis',(1.,0.,0.));
#5875=DIRECTION('center_axis',(0.,0.,-1.));
#5876=DIRECTION('ref_axis',(1.,0.,0.));
#5877=DIRECTION('center_axis',(0.,0.,-1.));
#5878=DIRECTION('ref_axis',(1.,0.,0.));
#5879=DIRECTION('',(0.,0.,1.));
#5880=DIRECTION('center_axis',(0.,0.,1.));
#5881=DIRECTION('ref_axis',(1.,0.,0.));
#5882=DIRECTION('center_axis',(0.,0.,1.));
#5883=DIRECTION('ref_axis',(1.,0.,0.));
#5884=DIRECTION('center_axis',(-1.,0.,0.));
#5885=DIRECTION('ref_axis',(0.,-1.,0.));
#5886=DIRECTION('',(0.,-1.,0.));
#5887=DIRECTION('',(0.,0.,1.));
#5888=DIRECTION('',(0.,0.,1.));
#5889=DIRECTION('center_axis',(0.,0.,1.));
#5890=DIRECTION('ref_axis',(0.,1.,0.));
#5891=DIRECTION('center_axis',(0.,0.,1.));
#5892=DIRECTION('ref_axis',(0.,1.,0.));
#5893=DIRECTION('',(0.,0.,1.));
#5894=DIRECTION('center_axis',(0.,1.,0.));
#5895=DIRECTION('ref_axis',(-1.,0.,0.));
#5896=DIRECTION('',(-1.,0.,0.));
#5897=DIRECTION('',(0.,0.,1.));
#5898=DIRECTION('center_axis',(0.,0.,1.));
#5899=DIRECTION('ref_axis',(1.,0.,0.));
#5900=DIRECTION('center_axis',(0.,0.,1.));
#5901=DIRECTION('ref_axis',(1.,0.,0.));
#5902=DIRECTION('',(0.,0.,1.));
#5903=DIRECTION('center_axis',(1.,0.,0.));
#5904=DIRECTION('ref_axis',(0.,1.,0.));
#5905=DIRECTION('',(0.,1.,0.));
#5906=DIRECTION('',(0.,0.,1.));
#5907=DIRECTION('center_axis',(0.,0.,1.));
#5908=DIRECTION('ref_axis',(0.,-1.,0.));
#5909=DIRECTION('center_axis',(0.,0.,1.));
#5910=DIRECTION('ref_axis',(0.,-1.,0.));
#5911=DIRECTION('',(0.,0.,1.));
#5912=DIRECTION('center_axis',(0.,-1.,0.));
#5913=DIRECTION('ref_axis',(1.,0.,0.));
#5914=DIRECTION('',(1.,0.,0.));
#5915=DIRECTION('',(0.,0.,1.));
#5916=DIRECTION('center_axis',(0.,0.,1.));
#5917=DIRECTION('ref_axis',(-1.,0.,0.));
#5918=DIRECTION('center_axis',(0.,0.,1.));
#5919=DIRECTION('ref_axis',(-1.,0.,0.));
#5920=DIRECTION('center_axis',(0.,0.,1.));
#5921=DIRECTION('ref_axis',(1.,0.,0.));
#5922=DIRECTION('center_axis',(0.,0.,1.));
#5923=DIRECTION('ref_axis',(1.,0.,0.));
#5924=DIRECTION('center_axis',(0.,0.,1.));
#5925=DIRECTION('ref_axis',(1.,0.,0.));
#5926=DIRECTION('',(0.,0.,1.));
#5927=DIRECTION('center_axis',(0.,0.,-1.));
#5928=DIRECTION('ref_axis',(1.,0.,0.));
#5929=DIRECTION('center_axis',(0.,0.,1.));
#5930=DIRECTION('ref_axis',(1.,0.,0.));
#5931=DIRECTION('center_axis',(0.,0.,1.));
#5932=DIRECTION('ref_axis',(1.,0.,0.));
#5933=DIRECTION('',(0.,0.,1.));
#5934=DIRECTION('center_axis',(0.,0.,-1.));
#5935=DIRECTION('ref_axis',(1.,0.,0.));
#5936=DIRECTION('center_axis',(0.,0.,1.));
#5937=DIRECTION('ref_axis',(1.,0.,0.));
#5938=DIRECTION('center_axis',(0.,0.,1.));
#5939=DIRECTION('ref_axis',(1.,0.,0.));
#5940=DIRECTION('',(0.,0.,1.));
#5941=DIRECTION('center_axis',(0.,0.,-1.));
#5942=DIRECTION('ref_axis',(1.,0.,0.));
#5943=DIRECTION('center_axis',(0.,0.,1.));
#5944=DIRECTION('ref_axis',(1.,0.,0.));
#5945=DIRECTION('center_axis',(0.,0.,1.));
#5946=DIRECTION('ref_axis',(1.,0.,0.));
#5947=DIRECTION('',(0.,0.,1.));
#5948=DIRECTION('center_axis',(0.,0.,-1.));
#5949=DIRECTION('ref_axis',(1.,0.,0.));
#5950=DIRECTION('center_axis',(0.,0.,1.));
#5951=DIRECTION('ref_axis',(1.,0.,0.));
#5952=DIRECTION('',(0.,-1.,0.));
#5953=DIRECTION('',(-1.,0.,0.));
#5954=DIRECTION('center_axis',(0.,0.,1.));
#5955=DIRECTION('ref_axis',(1.,-2.19303313506204E-15,0.));
#5956=DIRECTION('',(0.,1.,0.));
#5957=DIRECTION('',(1.,0.,0.));
#5958=DIRECTION('',(0.,-1.,0.));
#5959=DIRECTION('center_axis',(0.,0.,-1.));
#5960=DIRECTION('ref_axis',(1.,-5.73018335290407E-15,0.));
#5961=DIRECTION('',(1.,0.,0.));
#5962=DIRECTION('center_axis',(0.,0.,1.));
#5963=DIRECTION('ref_axis',(1.,0.,0.));
#5964=DIRECTION('',(1.,0.,0.));
#5965=DIRECTION('',(0.,-1.,0.));
#5966=DIRECTION('center_axis',(0.,0.,1.));
#5967=DIRECTION('ref_axis',(2.19303313506204E-15,1.,0.));
#5968=DIRECTION('',(-1.,0.,0.));
#5969=DIRECTION('',(0.,1.,0.));
#5970=DIRECTION('',(1.,0.,0.));
#5971=DIRECTION('center_axis',(0.,0.,-1.));
#5972=DIRECTION('ref_axis',(5.73018335290407E-15,1.,0.));
#5973=DIRECTION('',(0.,1.,0.));
#5974=DIRECTION('center_axis',(0.,0.,1.));
#5975=DIRECTION('ref_axis',(1.,0.,0.));
#5976=DIRECTION('',(0.,-1.,0.));
#5977=DIRECTION('',(-1.,4.2700885562506E-17,0.));
#5978=DIRECTION('center_axis',(0.,0.,-1.));
#5979=DIRECTION('ref_axis',(0.,-1.,0.));
#5980=DIRECTION('',(0.,-1.,0.));
#5981=DIRECTION('',(-1.,0.,0.));
#5982=DIRECTION('',(0.,1.,0.));
#5983=DIRECTION('center_axis',(0.,0.,1.));
#5984=DIRECTION('ref_axis',(0.,-1.,0.));
#5985=DIRECTION('',(1.,1.70803524707923E-16,0.));
#5986=DIRECTION('center_axis',(0.,0.,1.));
#5987=DIRECTION('ref_axis',(1.,0.,0.));
#5988=DIRECTION('',(-1.,0.,0.));
#5989=DIRECTION('',(0.,1.,0.));
#5990=DIRECTION('center_axis',(0.,0.,-1.));
#5991=DIRECTION('ref_axis',(-1.,0.,0.));
#5992=DIRECTION('',(-1.,4.2700885562506E-17,0.));
#5993=DIRECTION('',(0.,1.,0.));
#5994=DIRECTION('',(1.,1.70803524707923E-16,0.));
#5995=DIRECTION('center_axis',(0.,0.,1.));
#5996=DIRECTION('ref_axis',(-1.,-4.11193712824132E-16,0.));
#5997=DIRECTION('',(0.,-1.,0.));
#5998=DIRECTION('center_axis',(0.,0.,1.));
#5999=DIRECTION('ref_axis',(2.19303313506204E-15,1.,0.));
#6000=DIRECTION('',(0.,0.,1.));
#6001=DIRECTION('center_axis',(0.,0.,1.));
#6002=DIRECTION('ref_axis',(2.19303313506204E-15,1.,0.));
#6003=DIRECTION('',(0.,0.,1.));
#6004=DIRECTION('center_axis',(0.,0.,1.));
#6005=DIRECTION('ref_axis',(1.,-2.19303313506204E-15,0.));
#6006=DIRECTION('',(0.,0.,1.));
#6007=DIRECTION('center_axis',(0.,0.,1.));
#6008=DIRECTION('ref_axis',(1.,-2.19303313506204E-15,0.));
#6009=DIRECTION('',(0.,0.,1.));
#6010=DIRECTION('center_axis',(0.,0.,1.));
#6011=DIRECTION('ref_axis',(0.,-1.,0.));
#6012=DIRECTION('',(0.,0.,1.));
#6013=DIRECTION('center_axis',(0.,0.,1.));
#6014=DIRECTION('ref_axis',(0.,-1.,0.));
#6015=DIRECTION('',(0.,0.,1.));
#6016=DIRECTION('center_axis',(0.,0.,1.));
#6017=DIRECTION('ref_axis',(-1.,-4.11193712824132E-16,0.));
#6018=DIRECTION('',(0.,0.,1.));
#6019=DIRECTION('center_axis',(0.,0.,1.));
#6020=DIRECTION('ref_axis',(-1.,-4.11193712824132E-16,0.));
#6021=DIRECTION('',(0.,0.,1.));
#6022=DIRECTION('center_axis',(-1.,0.,0.));
#6023=DIRECTION('ref_axis',(0.,-1.,0.));
#6024=DIRECTION('',(0.,-1.,0.));
#6025=DIRECTION('',(0.,0.,-1.));
#6026=DIRECTION('',(0.,-1.,0.));
#6027=DIRECTION('',(0.,0.,1.));
#6028=DIRECTION('',(0.,1.,0.));
#6029=DIRECTION('',(0.,0.,1.));
#6030=DIRECTION('',(0.,-1.,0.));
#6031=DIRECTION('',(0.,0.,-1.));
#6032=DIRECTION('',(0.,1.,0.));
#6033=DIRECTION('',(0.,0.,1.));
#6034=DIRECTION('',(0.,-1.,0.));
#6035=DIRECTION('',(0.,0.,-1.));
#6036=DIRECTION('',(0.,1.,0.));
#6037=DIRECTION('',(0.,0.,1.));
#6038=DIRECTION('',(0.,-1.,0.));
#6039=DIRECTION('',(0.,0.,-1.));
#6040=DIRECTION('center_axis',(0.,0.,1.));
#6041=DIRECTION('ref_axis',(-1.,0.,0.));
#6042=DIRECTION('center_axis',(0.,0.,1.));
#6043=DIRECTION('ref_axis',(-1.,0.,0.));
#6044=DIRECTION('',(0.,0.,1.));
#6045=DIRECTION('center_axis',(0.,0.,1.));
#6046=DIRECTION('ref_axis',(-1.,0.,0.));
#6047=DIRECTION('center_axis',(0.,0.,1.));
#6048=DIRECTION('ref_axis',(5.73018335290407E-15,1.,0.));
#6049=DIRECTION('center_axis',(0.,0.,1.));
#6050=DIRECTION('ref_axis',(5.73018335290407E-15,1.,0.));
#6051=DIRECTION('center_axis',(0.,0.,1.));
#6052=DIRECTION('ref_axis',(5.73018335290407E-15,1.,0.));
#6053=DIRECTION('',(0.,0.,1.));
#6054=DIRECTION('center_axis',(0.,0.,1.));
#6055=DIRECTION('ref_axis',(5.73018335290407E-15,1.,0.));
#6056=DIRECTION('',(0.,0.,1.));
#6057=DIRECTION('center_axis',(0.,0.,-1.));
#6058=DIRECTION('ref_axis',(5.73018335290407E-15,1.,0.));
#6059=DIRECTION('',(0.,0.,1.));
#6060=DIRECTION('center_axis',(-1.,0.,0.));
#6061=DIRECTION('ref_axis',(0.,-1.,0.));
#6062=DIRECTION('',(0.,-0.707106781186547,-0.707106781186548));
#6063=DIRECTION('',(0.,0.,-1.));
#6064=DIRECTION('center_axis',(-4.2700885562506E-17,-1.,0.));
#6065=DIRECTION('ref_axis',(1.,-4.2700885562506E-17,0.));
#6066=DIRECTION('',(1.,-4.2700885562506E-17,0.));
#6067=DIRECTION('',(0.,0.,1.));
#6068=DIRECTION('',(1.,-4.2700885562506E-17,0.));
#6069=DIRECTION('',(0.,0.,1.));
#6070=DIRECTION('',(1.,-4.2700885562506E-17,0.));
#6071=DIRECTION('',(0.,0.,-1.));
#6072=DIRECTION('',(-1.,4.2700885562506E-17,0.));
#6073=DIRECTION('',(0.,0.,1.));
#6074=DIRECTION('',(1.,-4.2700885562506E-17,0.));
#6075=DIRECTION('',(0.,0.,-1.));
#6076=DIRECTION('',(-1.,4.2700885562506E-17,0.));
#6077=DIRECTION('',(0.,0.,1.));
#6078=DIRECTION('',(1.,-4.2700885562506E-17,0.));
#6079=DIRECTION('',(0.,0.,-1.));
#6080=DIRECTION('',(-1.,4.2700885562506E-17,0.));
#6081=DIRECTION('',(0.,0.,1.));
#6082=DIRECTION('',(1.,-4.2700885562506E-17,0.));
#6083=DIRECTION('',(0.,0.,-1.));
#6084=DIRECTION('',(-1.,4.2700885562506E-17,0.));
#6085=DIRECTION('center_axis',(0.,0.,1.));
#6086=DIRECTION('ref_axis',(0.,-1.,0.));
#6087=DIRECTION('',(0.,0.,1.));
#6088=DIRECTION('center_axis',(0.,0.,-1.));
#6089=DIRECTION('ref_axis',(0.,-1.,0.));
#6090=DIRECTION('',(0.,0.,1.));
#6091=DIRECTION('center_axis',(0.,0.,1.));
#6092=DIRECTION('ref_axis',(0.,-1.,0.));
#6093=DIRECTION('center_axis',(0.,0.,1.));
#6094=DIRECTION('ref_axis',(0.,-1.,0.));
#6095=DIRECTION('',(0.,0.,1.));
#6096=DIRECTION('center_axis',(0.,0.,1.));
#6097=DIRECTION('ref_axis',(0.,-1.,0.));
#6098=DIRECTION('center_axis',(1.,0.,0.));
#6099=DIRECTION('ref_axis',(0.,1.,0.));
#6100=DIRECTION('',(0.,0.,1.));
#6101=DIRECTION('',(0.,0.707106781186547,0.707106781186548));
#6102=DIRECTION('center_axis',(0.,1.,0.));
#6103=DIRECTION('ref_axis',(-1.,0.,0.));
#6104=DIRECTION('',(-1.,0.,0.));
#6105=DIRECTION('',(-1.,0.,0.));
#6106=DIRECTION('',(0.,0.,1.));
#6107=DIRECTION('center_axis',(0.,1.,0.));
#6108=DIRECTION('ref_axis',(-1.,0.,0.));
#6109=DIRECTION('',(1.,0.,0.));
#6110=DIRECTION('',(0.,0.,1.));
#6111=DIRECTION('',(1.,0.,0.));
#6112=DIRECTION('',(0.,0.,-1.));
#6113=DIRECTION('',(1.,0.,0.));
#6114=DIRECTION('',(0.,0.,1.));
#6115=DIRECTION('',(1.,0.,0.));
#6116=DIRECTION('center_axis',(0.,0.,1.));
#6117=DIRECTION('ref_axis',(1.,-5.73018335290407E-15,0.));
#6118=DIRECTION('',(0.,0.,1.));
#6119=DIRECTION('center_axis',(0.,0.,-1.));
#6120=DIRECTION('ref_axis',(1.,-5.73018335290407E-15,0.));
#6121=DIRECTION('center_axis',(1.,0.,0.));
#6122=DIRECTION('ref_axis',(0.,1.,0.));
#6123=DIRECTION('',(0.,-1.,0.));
#6124=DIRECTION('',(0.,0.,-1.));
#6125=DIRECTION('',(0.,-1.,0.));
#6126=DIRECTION('',(0.,0.,1.));
#6127=DIRECTION('',(0.,-1.,0.));
#6128=DIRECTION('',(0.,0.,-1.));
#6129=DIRECTION('',(0.,-1.,0.));
#6130=DIRECTION('',(0.,0.,1.));
#6131=DIRECTION('center_axis',(1.,0.,0.));
#6132=DIRECTION('ref_axis',(0.,1.,0.));
#6133=DIRECTION('',(0.,1.,0.));
#6134=DIRECTION('',(0.,0.,1.));
#6135=DIRECTION('',(0.,1.,0.));
#6136=DIRECTION('',(0.,-1.,0.));
#6137=DIRECTION('',(0.,0.,1.));
#6138=DIRECTION('',(0.,1.,0.));
#6139=DIRECTION('',(0.,0.,-1.));
#6140=DIRECTION('',(0.,-1.,0.));
#6141=DIRECTION('',(0.,0.,1.));
#6142=DIRECTION('',(0.,1.,0.));
#6143=DIRECTION('',(0.,0.,-1.));
#6144=DIRECTION('',(0.,-1.,0.));
#6145=DIRECTION('',(0.,0.,1.));
#6146=DIRECTION('',(0.,1.,0.));
#6147=DIRECTION('',(0.,0.,-1.));
#6148=DIRECTION('center_axis',(-1.,0.,0.));
#6149=DIRECTION('ref_axis',(0.,0.,-1.));
#6150=DIRECTION('center_axis',(-1.,0.,0.));
#6151=DIRECTION('ref_axis',(0.,0.,-1.));
#6152=DIRECTION('center_axis',(-1.,0.,0.));
#6153=DIRECTION('ref_axis',(0.,0.,-1.));
#6154=DIRECTION('center_axis',(-1.,0.,0.));
#6155=DIRECTION('ref_axis',(0.,0.,-1.));
#6156=DIRECTION('center_axis',(-1.,0.,0.));
#6157=DIRECTION('ref_axis',(0.,0.,-1.));
#6158=DIRECTION('center_axis',(-1.,0.,0.));
#6159=DIRECTION('ref_axis',(0.,0.,-1.));
#6160=DIRECTION('center_axis',(-1.,0.,0.));
#6161=DIRECTION('ref_axis',(0.,0.,-1.));
#6162=DIRECTION('center_axis',(-1.,0.,0.));
#6163=DIRECTION('ref_axis',(0.,0.,-1.));
#6164=DIRECTION('center_axis',(0.,-1.,0.));
#6165=DIRECTION('ref_axis',(1.,0.,0.));
#6166=DIRECTION('',(0.,0.,1.));
#6167=DIRECTION('',(-1.,0.,0.));
#6168=DIRECTION('',(0.,0.,-1.));
#6169=DIRECTION('',(1.,0.,0.));
#6170=DIRECTION('center_axis',(0.,0.,1.));
#6171=DIRECTION('ref_axis',(1.,0.,0.));
#6172=DIRECTION('',(0.,1.,0.));
#6173=DIRECTION('',(0.,-1.,0.));
#6174=DIRECTION('',(-1.,0.,0.));
#6175=DIRECTION('center_axis',(0.,1.,0.));
#6176=DIRECTION('ref_axis',(-1.,0.,0.));
#6177=DIRECTION('',(0.,0.,-1.));
#6178=DIRECTION('',(0.,0.,1.));
#6179=DIRECTION('',(1.,0.,0.));
#6180=DIRECTION('center_axis',(1.,0.,0.));
#6181=DIRECTION('ref_axis',(0.,-1.,0.));
#6182=DIRECTION('',(0.,-1.,0.));
#6183=DIRECTION('',(0.,0.,1.));
#6184=DIRECTION('',(0.,-1.,0.));
#6185=DIRECTION('',(0.,0.,-1.));
#6186=DIRECTION('',(0.,-1.,0.));
#6187=DIRECTION('',(0.,0.,1.));
#6188=DIRECTION('',(0.,-1.,0.));
#6189=DIRECTION('',(0.,0.,-1.));
#6190=DIRECTION('',(0.,-1.,0.));
#6191=DIRECTION('',(0.,0.,1.));
#6192=DIRECTION('',(0.,-1.,0.));
#6193=DIRECTION('',(0.,0.,-1.));
#6194=DIRECTION('',(0.,-1.,0.));
#6195=DIRECTION('',(0.,1.,0.));
#6196=DIRECTION('',(0.,0.,1.));
#6197=DIRECTION('',(0.,-1.,0.));
#6198=DIRECTION('',(0.,0.,-1.));
#6199=DIRECTION('',(0.,1.,0.));
#6200=DIRECTION('',(0.,0.,1.));
#6201=DIRECTION('',(0.,-1.,0.));
#6202=DIRECTION('',(0.,0.,-1.));
#6203=DIRECTION('',(0.,1.,0.));
#6204=DIRECTION('',(0.,0.,1.));
#6205=DIRECTION('',(0.,-1.,0.));
#6206=DIRECTION('',(0.,0.,-1.));
#6207=DIRECTION('center_axis',(1.,0.,0.));
#6208=DIRECTION('ref_axis',(0.,0.,-1.));
#6209=DIRECTION('center_axis',(1.,0.,0.));
#6210=DIRECTION('ref_axis',(0.,0.,-1.));
#6211=DIRECTION('center_axis',(1.,0.,0.));
#6212=DIRECTION('ref_axis',(0.,0.,-1.));
#6213=DIRECTION('center_axis',(1.,0.,0.));
#6214=DIRECTION('ref_axis',(0.,0.,-1.));
#6215=DIRECTION('center_axis',(1.,0.,0.));
#6216=DIRECTION('ref_axis',(0.,0.,-1.));
#6217=DIRECTION('center_axis',(1.,0.,0.));
#6218=DIRECTION('ref_axis',(0.,0.,-1.));
#6219=DIRECTION('center_axis',(1.,0.,0.));
#6220=DIRECTION('ref_axis',(0.,0.,-1.));
#6221=DIRECTION('center_axis',(1.,0.,0.));
#6222=DIRECTION('ref_axis',(0.,0.,-1.));
#6223=DIRECTION('center_axis',(0.,0.,1.));
#6224=DIRECTION('ref_axis',(1.,0.,0.));
#6225=DIRECTION('',(0.,1.,0.));
#6226=DIRECTION('center_axis',(0.,0.,-1.));
#6227=DIRECTION('ref_axis',(1.,0.,0.));
#6228=DIRECTION('',(0.,-1.,0.));
#6229=DIRECTION('',(-1.,8.5401771125012E-17,0.));
#6230=DIRECTION('',(0.,1.,0.));
#6231=DIRECTION('center_axis',(0.,0.,-1.));
#6232=DIRECTION('ref_axis',(1.,0.,0.));
#6233=DIRECTION('center_axis',(0.,0.,1.));
#6234=DIRECTION('ref_axis',(1.,0.,0.));
#6235=DIRECTION('',(-1.,0.,0.));
#6236=DIRECTION('',(0.,-1.,0.));
#6237=DIRECTION('center_axis',(0.,0.,-1.));
#6238=DIRECTION('ref_axis',(0.,-1.,0.));
#6239=DIRECTION('',(-1.,-8.07434927000113E-16,0.));
#6240=DIRECTION('center_axis',(0.,0.,-1.));
#6241=DIRECTION('ref_axis',(-1.,1.11022302462516E-14,0.));
#6242=DIRECTION('',(7.40148683083438E-16,1.,0.));
#6243=DIRECTION('',(-1.,0.,0.));
#6244=DIRECTION('',(0.,1.,0.));
#6245=DIRECTION('',(1.,0.,0.));
#6246=DIRECTION('',(7.40148683083438E-16,1.,0.));
#6247=DIRECTION('',(-1.,0.,0.));
#6248=DIRECTION('',(0.,1.,0.));
#6249=DIRECTION('',(1.,0.,0.));
#6250=DIRECTION('',(7.40148683083438E-16,1.,0.));
#6251=DIRECTION('center_axis',(0.,0.,-1.));
#6252=DIRECTION('ref_axis',(0.,1.,0.));
#6253=DIRECTION('',(1.,0.,0.));
#6254=DIRECTION('center_axis',(0.,0.,-1.));
#6255=DIRECTION('ref_axis',(1.,0.,0.));
#6256=DIRECTION('',(0.,-1.,0.));
#6257=DIRECTION('',(1.,0.,0.));
#6258=DIRECTION('center_axis',(0.,0.,-1.));
#6259=DIRECTION('ref_axis',(1.,0.,0.));
#6260=DIRECTION('',(1.,0.,0.));
#6261=DIRECTION('center_axis',(0.,0.,-1.));
#6262=DIRECTION('ref_axis',(1.,0.,0.));
#6263=DIRECTION('',(0.,1.,0.));
#6264=DIRECTION('',(1.97372982155583E-15,1.,0.));
#6265=DIRECTION('center_axis',(0.,0.,-1.));
#6266=DIRECTION('ref_axis',(0.,1.,0.));
#6267=DIRECTION('',(1.,0.,0.));
#6268=DIRECTION('center_axis',(0.,0.,-1.));
#6269=DIRECTION('ref_axis',(1.,0.,0.));
#6270=DIRECTION('',(0.,-1.,0.));
#6271=DIRECTION('center_axis',(0.,0.,-1.));
#6272=DIRECTION('ref_axis',(0.,-1.,0.));
#6273=DIRECTION('',(-1.,-1.61486985400023E-15,0.));
#6274=DIRECTION('center_axis',(0.,0.,-1.));
#6275=DIRECTION('ref_axis',(-1.,8.88178419700128E-15,0.));
#6276=DIRECTION('',(0.,1.,0.));
#6277=DIRECTION('center_axis',(0.,0.,-1.));
#6278=DIRECTION('ref_axis',(0.,1.,0.));
#6279=DIRECTION('',(1.,0.,0.));
#6280=DIRECTION('center_axis',(0.,0.,-1.));
#6281=DIRECTION('ref_axis',(1.,0.,0.));
#6282=DIRECTION('',(0.,-1.,0.));
#6283=DIRECTION('center_axis',(0.,0.,-1.));
#6284=DIRECTION('ref_axis',(0.,-1.,0.));
#6285=DIRECTION('',(-1.,0.,0.));
#6286=DIRECTION('center_axis',(0.,0.,-1.));
#6287=DIRECTION('ref_axis',(-1.,0.,0.));
#6288=DIRECTION('',(0.,1.,0.));
#6289=DIRECTION('center_axis',(0.,0.,-1.));
#6290=DIRECTION('ref_axis',(0.,1.,0.));
#6291=DIRECTION('',(1.,0.,0.));
#6292=DIRECTION('center_axis',(0.,0.,-1.));
#6293=DIRECTION('ref_axis',(1.,0.,0.));
#6294=DIRECTION('',(0.,-1.,0.));
#6295=DIRECTION('center_axis',(0.,0.,-1.));
#6296=DIRECTION('ref_axis',(0.,-1.,0.));
#6297=DIRECTION('',(-1.,0.,0.));
#6298=DIRECTION('center_axis',(0.,0.,-1.));
#6299=DIRECTION('ref_axis',(-1.,0.,0.));
#6300=DIRECTION('center_axis',(0.,-1.,0.));
#6301=DIRECTION('ref_axis',(1.,0.,0.));
#6302=DIRECTION('',(1.,0.,0.));
#6303=DIRECTION('',(0.,0.,1.));
#6304=DIRECTION('',(1.,0.,0.));
#6305=DIRECTION('',(-1.,0.,0.));
#6306=DIRECTION('center_axis',(0.,0.,1.));
#6307=DIRECTION('ref_axis',(1.,0.,0.));
#6308=DIRECTION('',(0.,-1.,0.));
#6309=DIRECTION('',(7.40148683083438E-16,1.,0.));
#6310=DIRECTION('',(-1.,0.,0.));
#6311=DIRECTION('center_axis',(0.,1.,0.));
#6312=DIRECTION('ref_axis',(-1.,0.,0.));
#6313=DIRECTION('',(0.,0.,1.));
#6314=DIRECTION('',(-1.,0.,0.));
#6315=DIRECTION('center_axis',(-1.,0.,0.));
#6316=DIRECTION('ref_axis',(0.,-1.,0.));
#6317=DIRECTION('',(0.,-1.,0.));
#6318=DIRECTION('center_axis',(0.,0.,1.));
#6319=DIRECTION('ref_axis',(1.,0.,0.));
#6320=DIRECTION('center_axis',(0.,0.,1.));
#6321=DIRECTION('ref_axis',(1.,0.,0.));
#6322=DIRECTION('',(0.,-1.,0.));
#6323=DIRECTION('',(1.,0.,0.));
#6324=DIRECTION('center_axis',(0.,1.,0.));
#6325=DIRECTION('ref_axis',(-1.,0.,0.));
#6326=DIRECTION('',(-1.,0.,0.));
#6327=DIRECTION('',(0.,0.,1.));
#6328=DIRECTION('',(-1.,0.,0.));
#6329=DIRECTION('center_axis',(0.,0.,1.));
#6330=DIRECTION('ref_axis',(1.,0.,0.));
#6331=DIRECTION('',(0.,-1.,0.));
#6332=DIRECTION('',(1.,0.,0.));
#6333=DIRECTION('',(7.40148683083438E-16,1.,0.));
#6334=DIRECTION('center_axis',(0.,-1.,0.));
#6335=DIRECTION('ref_axis',(1.,0.,0.));
#6336=DIRECTION('',(1.,0.,0.));
#6337=DIRECTION('',(0.,0.,1.));
#6338=DIRECTION('center_axis',(-1.,0.,0.));
#6339=DIRECTION('ref_axis',(0.,-1.,0.));
#6340=DIRECTION('',(0.,-1.,0.));
#6341=DIRECTION('center_axis',(0.,0.,1.));
#6342=DIRECTION('ref_axis',(1.,0.,0.));
#6343=DIRECTION('center_axis',(0.,-1.,0.));
#6344=DIRECTION('ref_axis',(0.,0.,-1.));
#6345=DIRECTION('',(0.,0.,-1.));
#6346=DIRECTION('',(1.,0.,0.));
#6347=DIRECTION('',(0.707106781186547,0.,-0.707106781186548));
#6348=DIRECTION('center_axis',(-0.707106781186548,0.,-0.707106781186547));
#6349=DIRECTION('ref_axis',(-0.707106781186547,0.,0.707106781186548));
#6350=DIRECTION('',(0.,1.,0.));
#6351=DIRECTION('',(3.17206578464331E-16,-1.,0.));
#6352=DIRECTION('',(0.,1.,0.));
#6353=DIRECTION('',(-0.707106781186547,0.,0.707106781186548));
#6354=DIRECTION('center_axis',(0.,1.,0.));
#6355=DIRECTION('ref_axis',(0.,0.,1.));
#6356=DIRECTION('',(0.,0.,1.));
#6357=DIRECTION('center_axis',(0.,0.,1.));
#6358=DIRECTION('ref_axis',(1.,0.,0.));
#6359=DIRECTION('',(0.,1.,0.));
#6360=DIRECTION('',(-1.,0.,0.));
#6361=DIRECTION('',(3.17206578464331E-16,-1.,0.));
#6362=DIRECTION('center_axis',(-1.,0.,0.));
#6363=DIRECTION('ref_axis',(0.,-1.,0.));
#6364=DIRECTION('',(0.,0.,-1.));
#6365=DIRECTION('',(0.,1.,0.));
#6366=DIRECTION('',(0.,0.,1.));
#6367=DIRECTION('',(0.,1.,0.));
#6368=DIRECTION('',(0.,0.,-1.));
#6369=DIRECTION('center_axis',(0.707106781186548,0.,-0.707106781186547));
#6370=DIRECTION('ref_axis',(-0.707106781186547,0.,-0.707106781186548));
#6371=DIRECTION('',(-0.707106781186547,0.,-0.707106781186548));
#6372=DIRECTION('',(0.,1.,0.));
#6373=DIRECTION('',(0.,1.,0.));
#6374=DIRECTION('',(0.707106781186547,0.,0.707106781186548));
#6375=DIRECTION('center_axis',(0.,1.,0.));
#6376=DIRECTION('ref_axis',(0.,0.,1.));
#6377=DIRECTION('center_axis',(0.,-1.,0.));
#6378=DIRECTION('ref_axis',(0.,0.,-1.));
#6379=DIRECTION('',(1.,0.,0.));
#6380=DIRECTION('center_axis',(0.,-1.,0.));
#6381=DIRECTION('ref_axis',(0.,0.,-1.));
#6382=DIRECTION('',(0.707106781186547,0.,-0.707106781186548));
#6383=DIRECTION('center_axis',(-0.707106781186548,0.,-0.707106781186547));
#6384=DIRECTION('ref_axis',(-0.707106781186547,0.,0.707106781186548));
#6385=DIRECTION('',(0.,1.,0.));
#6386=DIRECTION('',(3.17206578464331E-16,-1.,0.));
#6387=DIRECTION('',(-0.707106781186547,0.,0.707106781186548));
#6388=DIRECTION('center_axis',(0.,1.,0.));
#6389=DIRECTION('ref_axis',(0.,0.,1.));
#6390=DIRECTION('center_axis',(0.,1.,0.));
#6391=DIRECTION('ref_axis',(0.,0.,1.));
#6392=DIRECTION('',(-1.,0.,0.));
#6393=DIRECTION('',(-0.707106781186547,0.,-0.707106781186548));
#6394=DIRECTION('center_axis',(0.,-1.,0.));
#6395=DIRECTION('ref_axis',(0.,0.,-1.));
#6396=DIRECTION('',(0.707106781186547,0.,0.707106781186548));
#6397=DIRECTION('center_axis',(0.707106781186548,0.,-0.707106781186547));
#6398=DIRECTION('ref_axis',(-0.707106781186547,0.,-0.707106781186548));
#6399=DIRECTION('',(0.,1.,0.));
#6400=DIRECTION('',(0.,1.,0.));
#6401=DIRECTION('center_axis',(0.,0.,1.));
#6402=DIRECTION('ref_axis',(1.,0.,0.));
#6403=DIRECTION('',(0.,1.,0.));
#6404=DIRECTION('center_axis',(0.,0.707106781186548,-0.707106781186547));
#6405=DIRECTION('ref_axis',(0.,0.707106781186547,0.707106781186548));
#6406=DIRECTION('',(0.,-0.707106781186547,-0.707106781186548));
#6407=DIRECTION('',(1.,0.,0.));
#6408=DIRECTION('center_axis',(1.,0.,0.));
#6409=DIRECTION('ref_axis',(0.,0.,-1.));
#6410=DIRECTION('',(0.,-1.,0.));
#6411=DIRECTION('center_axis',(0.,0.,1.));
#6412=DIRECTION('ref_axis',(1.,0.,0.));
#6413=DIRECTION('',(0.,1.,0.));
#6414=DIRECTION('',(-1.,0.,0.));
#6415=DIRECTION('center_axis',(1.,0.,0.));
#6416=DIRECTION('ref_axis',(0.,0.,-1.));
#6417=DIRECTION('',(0.,0.707106781186547,0.707106781186548));
#6418=DIRECTION('center_axis',(0.,0.707106781186548,-0.707106781186547));
#6419=DIRECTION('ref_axis',(0.,0.707106781186547,0.707106781186548));
#6420=DIRECTION('',(1.,0.,0.));
#6421=DIRECTION('center_axis',(0.,-0.707106781186547,-0.707106781186548));
#6422=DIRECTION('ref_axis',(0.,0.707106781186548,-0.707106781186547));
#6423=DIRECTION('',(-1.,4.2700885562506E-17,-4.2700885562506E-17));
#6424=DIRECTION('',(0.,0.707106781186548,-0.707106781186547));
#6425=DIRECTION('',(1.,0.,0.));
#6426=DIRECTION('',(0.,0.707106781186548,-0.707106781186547));
#6427=DIRECTION('center_axis',(1.,0.,0.));
#6428=DIRECTION('ref_axis',(0.,0.,-1.));
#6429=DIRECTION('',(0.,0.,1.));
#6430=DIRECTION('',(0.,-1.,0.));
#6431=DIRECTION('center_axis',(-4.2700885562506E-17,-1.,0.));
#6432=DIRECTION('ref_axis',(1.,-4.2700885562506E-17,0.));
#6433=DIRECTION('',(0.,0.,1.));
#6434=DIRECTION('',(-1.,4.2700885562506E-17,0.));
#6435=DIRECTION('',(0.,0.,-1.));
#6436=DIRECTION('',(-1.,4.2700885562506E-17,0.));
#6437=DIRECTION('',(0.,0.,-1.));
#6438=DIRECTION('',(-1.,4.2700885562506E-17,-4.2700885562506E-17));
#6439=DIRECTION('',(0.,0.,1.));
#6440=DIRECTION('center_axis',(1.,0.,0.));
#6441=DIRECTION('ref_axis',(0.,0.,-1.));
#6442=DIRECTION('',(0.,1.,0.));
#6443=DIRECTION('',(0.,0.707106781186548,-0.707106781186547));
#6444=DIRECTION('center_axis',(0.,-0.707106781186547,-0.707106781186548));
#6445=DIRECTION('ref_axis',(0.,0.707106781186548,-0.707106781186547));
#6446=DIRECTION('',(1.,0.,0.));
#6447=DIRECTION('',(0.,0.707106781186548,-0.707106781186547));
#6448=DIRECTION('center_axis',(1.,0.,0.));
#6449=DIRECTION('ref_axis',(0.,0.,-1.));
#6450=DIRECTION('',(0.,0.,1.));
#6451=DIRECTION('',(0.,1.,0.));
#6452=DIRECTION('',(0.,1.,0.));
#6453=DIRECTION('center_axis',(0.,0.,1.));
#6454=DIRECTION('ref_axis',(1.,0.,0.));
#6455=DIRECTION('',(-1.,8.54017711250121E-17,0.));
#6456=DIRECTION('',(0.,-1.,0.));
#6457=DIRECTION('center_axis',(-1.,0.,0.));
#6458=DIRECTION('ref_axis',(0.,0.,1.));
#6459=DIRECTION('',(0.,0.,-1.));
#6460=DIRECTION('',(0.,1.,0.));
#6461=DIRECTION('center_axis',(0.,0.,-1.));
#6462=DIRECTION('ref_axis',(-1.,0.,0.));
#6463=DIRECTION('',(1.,-8.54017711250121E-17,0.));
#6464=DIRECTION('center_axis',(1.,0.,0.));
#6465=DIRECTION('ref_axis',(0.,0.,-1.));
#6466=DIRECTION('',(0.,0.,1.));
#6467=DIRECTION('',(0.,1.,0.));
#6468=DIRECTION('',(0.,1.,0.));
#6469=DIRECTION('center_axis',(0.,0.,1.));
#6470=DIRECTION('ref_axis',(1.,0.,0.));
#6471=DIRECTION('',(-1.,8.54017711250121E-17,0.));
#6472=DIRECTION('',(0.,-1.,0.));
#6473=DIRECTION('center_axis',(-1.,0.,0.));
#6474=DIRECTION('ref_axis',(0.,0.,1.));
#6475=DIRECTION('',(0.,0.,-1.));
#6476=DIRECTION('',(0.,1.,0.));
#6477=DIRECTION('center_axis',(0.,0.,-1.));
#6478=DIRECTION('ref_axis',(-1.,0.,0.));
#6479=DIRECTION('',(1.,-8.54017711250121E-17,0.));
#6480=DIRECTION('center_axis',(1.,0.,0.));
#6481=DIRECTION('ref_axis',(0.,0.,-1.));
#6482=DIRECTION('',(0.,0.,1.));
#6483=DIRECTION('',(0.,1.,0.));
#6484=DIRECTION('',(0.,1.,0.));
#6485=DIRECTION('center_axis',(0.,0.,1.));
#6486=DIRECTION('ref_axis',(1.,0.,0.));
#6487=DIRECTION('',(-1.,8.54017711250121E-17,0.));
#6488=DIRECTION('',(0.,-1.,0.));
#6489=DIRECTION('center_axis',(-1.,0.,0.));
#6490=DIRECTION('ref_axis',(0.,0.,1.));
#6491=DIRECTION('',(0.,0.,-1.));
#6492=DIRECTION('',(0.,1.,0.));
#6493=DIRECTION('center_axis',(0.,0.,-1.));
#6494=DIRECTION('ref_axis',(-1.,0.,0.));
#6495=DIRECTION('',(1.,-8.54017711250121E-17,0.));
#6496=DIRECTION('center_axis',(1.,0.,0.));
#6497=DIRECTION('ref_axis',(0.,0.,-1.));
#6498=DIRECTION('',(0.,0.,1.));
#6499=DIRECTION('',(0.,1.,0.));
#6500=DIRECTION('',(0.,1.,0.));
#6501=DIRECTION('center_axis',(0.,0.,1.));
#6502=DIRECTION('ref_axis',(1.,0.,0.));
#6503=DIRECTION('',(-1.,8.54017711250121E-17,0.));
#6504=DIRECTION('',(0.,-1.,0.));
#6505=DIRECTION('center_axis',(-1.,0.,0.));
#6506=DIRECTION('ref_axis',(0.,0.,1.));
#6507=DIRECTION('',(0.,0.,-1.));
#6508=DIRECTION('',(0.,1.,0.));
#6509=DIRECTION('center_axis',(0.,0.,-1.));
#6510=DIRECTION('ref_axis',(-1.,0.,0.));
#6511=DIRECTION('',(1.,-8.54017711250121E-17,0.));
#6512=DIRECTION('center_axis',(0.,0.,1.));
#6513=DIRECTION('ref_axis',(0.,-1.,0.));
#6514=DIRECTION('',(1.,0.,0.));
#6515=DIRECTION('',(1.,0.,0.));
#6516=DIRECTION('center_axis',(0.,-1.,0.));
#6517=DIRECTION('ref_axis',(0.,0.,-1.));
#6518=DIRECTION('',(1.,0.,0.));
#6519=DIRECTION('center_axis',(0.,0.,-1.));
#6520=DIRECTION('ref_axis',(0.,1.,0.));
#6521=DIRECTION('',(1.,0.,0.));
#6522=DIRECTION('center_axis',(0.,1.,0.));
#6523=DIRECTION('ref_axis',(0.,0.,1.));
#6524=DIRECTION('center_axis',(0.,0.,1.));
#6525=DIRECTION('ref_axis',(0.,-1.,0.));
#6526=DIRECTION('',(1.,0.,0.));
#6527=DIRECTION('',(1.,0.,0.));
#6528=DIRECTION('center_axis',(0.,-1.,0.));
#6529=DIRECTION('ref_axis',(0.,0.,-1.));
#6530=DIRECTION('',(1.,0.,0.));
#6531=DIRECTION('center_axis',(0.,0.,-1.));
#6532=DIRECTION('ref_axis',(0.,1.,0.));
#6533=DIRECTION('',(1.,0.,0.));
#6534=DIRECTION('center_axis',(0.,1.,0.));
#6535=DIRECTION('ref_axis',(0.,0.,1.));
#6536=DIRECTION('center_axis',(0.,0.,1.));
#6537=DIRECTION('ref_axis',(0.,-1.,0.));
#6538=DIRECTION('',(1.,0.,0.));
#6539=DIRECTION('',(1.,0.,0.));
#6540=DIRECTION('center_axis',(0.,-1.,0.));
#6541=DIRECTION('ref_axis',(0.,0.,-1.));
#6542=DIRECTION('',(1.,0.,0.));
#6543=DIRECTION('center_axis',(0.,0.,-1.));
#6544=DIRECTION('ref_axis',(0.,1.,0.));
#6545=DIRECTION('',(1.,0.,0.));
#6546=DIRECTION('center_axis',(0.,1.,0.));
#6547=DIRECTION('ref_axis',(0.,0.,1.));
#6548=DIRECTION('center_axis',(0.,0.,1.));
#6549=DIRECTION('ref_axis',(0.,-1.,0.));
#6550=DIRECTION('',(0.,1.,0.));
#6551=DIRECTION('',(1.,0.,0.));
#6552=DIRECTION('',(1.,0.,0.));
#6553=DIRECTION('center_axis',(0.,1.,0.));
#6554=DIRECTION('ref_axis',(0.,0.,1.));
#6555=DIRECTION('',(0.,0.,-1.));
#6556=DIRECTION('',(1.,0.,0.));
#6557=DIRECTION('center_axis',(0.,0.,-1.));
#6558=DIRECTION('ref_axis',(0.,1.,0.));
#6559=DIRECTION('',(0.,-1.,0.));
#6560=DIRECTION('',(1.,0.,0.));
#6561=DIRECTION('center_axis',(0.,-1.,0.));
#6562=DIRECTION('ref_axis',(0.,0.,-1.));
#6563=DIRECTION('',(0.,0.,1.));
#6564=DIRECTION('center_axis',(0.,0.,1.));
#6565=DIRECTION('ref_axis',(0.,-1.,0.));
#6566=DIRECTION('',(0.,1.,0.));
#6567=DIRECTION('',(1.,0.,0.));
#6568=DIRECTION('',(1.,0.,0.));
#6569=DIRECTION('center_axis',(0.,1.,0.));
#6570=DIRECTION('ref_axis',(0.,0.,1.));
#6571=DIRECTION('',(0.,0.,-1.));
#6572=DIRECTION('',(1.,0.,0.));
#6573=DIRECTION('center_axis',(0.,0.,-1.));
#6574=DIRECTION('ref_axis',(0.,1.,0.));
#6575=DIRECTION('',(0.,-1.,0.));
#6576=DIRECTION('',(1.,0.,0.));
#6577=DIRECTION('center_axis',(0.,-1.,0.));
#6578=DIRECTION('ref_axis',(0.,0.,-1.));
#6579=DIRECTION('',(0.,0.,1.));
#6580=DIRECTION('center_axis',(0.,0.,1.));
#6581=DIRECTION('ref_axis',(0.,-1.,0.));
#6582=DIRECTION('',(0.,1.,0.));
#6583=DIRECTION('',(1.,0.,0.));
#6584=DIRECTION('',(1.,0.,0.));
#6585=DIRECTION('center_axis',(0.,1.,0.));
#6586=DIRECTION('ref_axis',(0.,0.,1.));
#6587=DIRECTION('',(0.,0.,-1.));
#6588=DIRECTION('',(1.,0.,0.));
#6589=DIRECTION('center_axis',(0.,0.,-1.));
#6590=DIRECTION('ref_axis',(0.,1.,0.));
#6591=DIRECTION('',(0.,-1.,0.));
#6592=DIRECTION('',(1.,0.,0.));
#6593=DIRECTION('center_axis',(0.,-1.,0.));
#6594=DIRECTION('ref_axis',(0.,0.,-1.));
#6595=DIRECTION('',(0.,0.,1.));
#6596=DIRECTION('center_axis',(1.,0.,0.));
#6597=DIRECTION('ref_axis',(0.,0.,-1.));
#6598=DIRECTION('',(1.,0.,0.));
#6599=DIRECTION('center_axis',(1.,0.,0.));
#6600=DIRECTION('ref_axis',(0.,0.,-1.));
#6601=DIRECTION('',(1.,0.,0.));
#6602=DIRECTION('center_axis',(1.,0.,0.));
#6603=DIRECTION('ref_axis',(0.,0.,-1.));
#6604=DIRECTION('',(1.,0.,0.));
#6605=DIRECTION('center_axis',(1.,0.,0.));
#6606=DIRECTION('ref_axis',(0.,0.,-1.));
#6607=DIRECTION('',(1.,0.,0.));
#6608=DIRECTION('center_axis',(1.,0.,0.));
#6609=DIRECTION('ref_axis',(0.,0.,-1.));
#6610=DIRECTION('',(1.,0.,0.));
#6611=DIRECTION('center_axis',(1.,0.,0.));
#6612=DIRECTION('ref_axis',(0.,0.,-1.));
#6613=DIRECTION('',(1.,0.,0.));
#6614=DIRECTION('center_axis',(1.,0.,0.));
#6615=DIRECTION('ref_axis',(0.,0.,-1.));
#6616=DIRECTION('',(1.,0.,0.));
#6617=DIRECTION('center_axis',(1.,0.,0.));
#6618=DIRECTION('ref_axis',(0.,0.,-1.));
#6619=DIRECTION('',(1.,0.,0.));
#6620=DIRECTION('center_axis',(0.,0.,1.));
#6621=DIRECTION('ref_axis',(1.,0.,0.));
#6622=DIRECTION('',(0.,-1.,0.));
#6623=DIRECTION('',(-1.,8.54017711250121E-17,0.));
#6624=DIRECTION('center_axis',(0.,0.,1.));
#6625=DIRECTION('ref_axis',(-4.22942104619109E-15,-1.,0.));
#6626=DIRECTION('',(0.,1.,0.));
#6627=DIRECTION('center_axis',(0.,0.,1.));
#6628=DIRECTION('ref_axis',(1.,-8.45884209238222E-15,0.));
#6629=DIRECTION('',(-1.,0.,0.));
#6630=DIRECTION('center_axis',(0.,0.,1.));
#6631=DIRECTION('ref_axis',(8.45884209238222E-15,1.,0.));
#6632=DIRECTION('',(0.,-1.,0.));
#6633=DIRECTION('center_axis',(0.,0.,1.));
#6634=DIRECTION('ref_axis',(-1.,0.,0.));
#6635=DIRECTION('',(-1.,8.54017711250121E-17,0.));
#6636=DIRECTION('',(0.,1.,0.));
#6637=DIRECTION('center_axis',(0.,0.,1.));
#6638=DIRECTION('ref_axis',(1.,0.,0.));
#6639=DIRECTION('',(0.,1.,0.));
#6640=DIRECTION('center_axis',(0.,0.,1.));
#6641=DIRECTION('ref_axis',(1.,0.,0.));
#6642=DIRECTION('',(1.,0.,0.));
#6643=DIRECTION('center_axis',(0.,0.,1.));
#6644=DIRECTION('ref_axis',(1.,0.,0.));
#6645=DIRECTION('center_axis',(0.,0.,1.));
#6646=DIRECTION('ref_axis',(1.,0.,0.));
#6647=DIRECTION('center_axis',(0.,0.,1.));
#6648=DIRECTION('ref_axis',(1.,0.,0.));
#6649=DIRECTION('center_axis',(0.,0.,-1.));
#6650=DIRECTION('ref_axis',(6.57909940518612E-15,-1.,0.));
#6651=DIRECTION('',(0.,1.,0.));
#6652=DIRECTION('center_axis',(0.,0.,-1.));
#6653=DIRECTION('ref_axis',(1.,0.,0.));
#6654=DIRECTION('center_axis',(0.,0.,-1.));
#6655=DIRECTION('ref_axis',(1.,0.,0.));
#6656=DIRECTION('center_axis',(0.,0.,-1.));
#6657=DIRECTION('ref_axis',(1.,0.,0.));
#6658=DIRECTION('',(0.,-1.,0.));
#6659=DIRECTION('center_axis',(0.,0.,-1.));
#6660=DIRECTION('ref_axis',(-1.,0.,0.));
#6661=DIRECTION('center_axis',(0.,0.,1.));
#6662=DIRECTION('ref_axis',(1.,0.,0.));
#6663=DIRECTION('center_axis',(0.,0.,-1.));
#6664=DIRECTION('ref_axis',(1.,0.,0.));
#6665=DIRECTION('center_axis',(-1.,0.,0.));
#6666=DIRECTION('ref_axis',(0.,1.,0.));
#6667=DIRECTION('',(0.,0.,1.));
#6668=DIRECTION('',(0.,0.,-1.));
#6669=DIRECTION('center_axis',(1.,0.,0.));
#6670=DIRECTION('ref_axis',(0.,-1.,0.));
#6671=DIRECTION('',(0.,0.,-1.));
#6672=DIRECTION('',(0.,0.,1.));
#6673=DIRECTION('',(0.,-1.,0.));
#6674=DIRECTION('center_axis',(0.,0.,-1.));
#6675=DIRECTION('ref_axis',(1.,0.,0.));
#6676=DIRECTION('',(0.,0.,-1.));
#6677=DIRECTION('center_axis',(0.,0.,-1.));
#6678=DIRECTION('ref_axis',(1.,0.,0.));
#6679=DIRECTION('center_axis',(0.,0.,-1.));
#6680=DIRECTION('ref_axis',(-0.748202927777843,0.663469953249327,0.));
#6681=DIRECTION('center_axis',(0.,0.,-1.));
#6682=DIRECTION('ref_axis',(1.,0.,0.));
#6683=DIRECTION('center_axis',(0.,0.,-1.));
#6684=DIRECTION('ref_axis',(1.,0.,0.));
#6685=DIRECTION('',(0.,0.,-1.));
#6686=DIRECTION('center_axis',(0.,0.,-1.));
#6687=DIRECTION('ref_axis',(6.57909940518612E-15,-1.,0.));
#6688=DIRECTION('center_axis',(0.,0.,-1.));
#6689=DIRECTION('ref_axis',(6.57909940518612E-15,-1.,0.));
#6690=DIRECTION('center_axis',(0.,0.,1.));
#6691=DIRECTION('ref_axis',(1.,0.,0.));
#6692=DIRECTION('center_axis',(-8.54017711250121E-17,-1.,0.));
#6693=DIRECTION('ref_axis',(1.,-8.54017711250121E-17,0.));
#6694=DIRECTION('',(0.,0.,1.));
#6695=DIRECTION('',(0.,0.,1.));
#6696=DIRECTION('',(-1.,8.54017711250121E-17,0.));
#6697=DIRECTION('',(0.,0.,1.));
#6698=DIRECTION('center_axis',(-1.,0.,0.));
#6699=DIRECTION('ref_axis',(0.,1.,0.));
#6700=DIRECTION('',(0.,0.,1.));
#6701=DIRECTION('',(0.,1.,0.));
#6702=DIRECTION('',(0.,0.,-1.));
#6703=DIRECTION('center_axis',(1.,0.,0.));
#6704=DIRECTION('ref_axis',(0.,-1.,0.));
#6705=DIRECTION('',(0.,0.,-1.));
#6706=DIRECTION('center_axis',(0.,0.,-1.));
#6707=DIRECTION('ref_axis',(1.,0.,0.));
#6708=DIRECTION('',(0.,0.,-1.));
#6709=DIRECTION('center_axis',(0.,0.,-1.));
#6710=DIRECTION('ref_axis',(1.,0.,0.));
#6711=DIRECTION('center_axis',(0.,0.,-1.));
#6712=DIRECTION('ref_axis',(1.,0.,0.));
#6713=DIRECTION('',(0.,0.,1.));
#6714=DIRECTION('center_axis',(0.,0.,-1.));
#6715=DIRECTION('ref_axis',(1.,0.,0.));
#6716=DIRECTION('center_axis',(0.,0.,-1.));
#6717=DIRECTION('ref_axis',(1.,0.,0.));
#6718=DIRECTION('',(0.,0.,-1.));
#6719=DIRECTION('center_axis',(0.,0.,1.));
#6720=DIRECTION('ref_axis',(1.,0.,0.));
#6721=DIRECTION('center_axis',(0.,0.,-1.));
#6722=DIRECTION('ref_axis',(-1.,0.,0.));
#6723=DIRECTION('center_axis',(0.,0.,-1.));
#6724=DIRECTION('ref_axis',(1.,0.,0.));
#6725=DIRECTION('',(0.,0.,-1.));
#6726=DIRECTION('center_axis',(0.,0.,-1.));
#6727=DIRECTION('ref_axis',(1.,0.,0.));
#6728=DIRECTION('center_axis',(1.,0.,0.));
#6729=DIRECTION('ref_axis',(0.,1.,0.));
#6730=DIRECTION('',(0.,0.,1.));
#6731=DIRECTION('',(0.,1.,0.));
#6732=DIRECTION('',(0.,0.,1.));
#6733=DIRECTION('center_axis',(0.,0.,1.));
#6734=DIRECTION('ref_axis',(0.,-1.,0.));
#6735=DIRECTION('center_axis',(0.,0.,1.));
#6736=DIRECTION('ref_axis',(0.,-1.,0.));
#6737=DIRECTION('',(0.,0.,1.));
#6738=DIRECTION('center_axis',(8.07434927000113E-16,-1.,0.));
#6739=DIRECTION('ref_axis',(1.,8.07434927000113E-16,0.));
#6740=DIRECTION('',(1.,8.07434927000113E-16,0.));
#6741=DIRECTION('',(0.,0.,1.));
#6742=DIRECTION('center_axis',(0.,0.,1.));
#6743=DIRECTION('ref_axis',(-1.,1.11022302462516E-14,0.));
#6744=DIRECTION('center_axis',(0.,0.,1.));
#6745=DIRECTION('ref_axis',(-1.,1.11022302462516E-14,0.));
#6746=DIRECTION('',(0.,0.,1.));
#6747=DIRECTION('center_axis',(-1.,7.40148683083438E-16,0.));
#6748=DIRECTION('ref_axis',(-7.40148683083438E-16,-1.,0.));
#6749=DIRECTION('',(-7.40148683083438E-16,-1.,0.));
#6750=DIRECTION('',(0.,0.,1.));
#6751=DIRECTION('center_axis',(0.,0.,1.));
#6752=DIRECTION('ref_axis',(0.,1.,0.));
#6753=DIRECTION('center_axis',(0.,0.,1.));
#6754=DIRECTION('ref_axis',(0.,1.,0.));
#6755=DIRECTION('',(0.,0.,1.));
#6756=DIRECTION('center_axis',(0.,1.,0.));
#6757=DIRECTION('ref_axis',(-1.,0.,0.));
#6758=DIRECTION('',(-1.,0.,0.));
#6759=DIRECTION('',(0.,0.,1.));
#6760=DIRECTION('center_axis',(0.,0.,1.));
#6761=DIRECTION('ref_axis',(1.,0.,0.));
#6762=DIRECTION('center_axis',(0.,0.,1.));
#6763=DIRECTION('ref_axis',(1.,0.,0.));
#6764=DIRECTION('center_axis',(1.,0.,0.));
#6765=DIRECTION('ref_axis',(0.,1.,0.));
#6766=DIRECTION('',(0.,0.,1.));
#6767=DIRECTION('',(0.,1.,0.));
#6768=DIRECTION('',(0.,0.,1.));
#6769=DIRECTION('center_axis',(0.,0.,1.));
#6770=DIRECTION('ref_axis',(0.,-1.,0.));
#6771=DIRECTION('center_axis',(0.,0.,1.));
#6772=DIRECTION('ref_axis',(0.,-1.,0.));
#6773=DIRECTION('',(0.,0.,1.));
#6774=DIRECTION('center_axis',(0.,-1.,0.));
#6775=DIRECTION('ref_axis',(1.,0.,0.));
#6776=DIRECTION('',(1.,0.,0.));
#6777=DIRECTION('',(0.,0.,1.));
#6778=DIRECTION('center_axis',(0.,0.,1.));
#6779=DIRECTION('ref_axis',(-1.,0.,0.));
#6780=DIRECTION('center_axis',(0.,0.,1.));
#6781=DIRECTION('ref_axis',(-1.,0.,0.));
#6782=DIRECTION('',(0.,0.,1.));
#6783=DIRECTION('center_axis',(-1.,0.,0.));
#6784=DIRECTION('ref_axis',(0.,-1.,0.));
#6785=DIRECTION('',(0.,-1.,0.));
#6786=DIRECTION('',(0.,0.,1.));
#6787=DIRECTION('center_axis',(0.,0.,1.));
#6788=DIRECTION('ref_axis',(0.,1.,0.));
#6789=DIRECTION('center_axis',(0.,0.,1.));
#6790=DIRECTION('ref_axis',(0.,1.,0.));
#6791=DIRECTION('',(0.,0.,1.));
#6792=DIRECTION('center_axis',(0.,1.,0.));
#6793=DIRECTION('ref_axis',(-1.,0.,0.));
#6794=DIRECTION('',(-1.,0.,0.));
#6795=DIRECTION('',(0.,0.,1.));
#6796=DIRECTION('center_axis',(0.,0.,1.));
#6797=DIRECTION('ref_axis',(1.,0.,0.));
#6798=DIRECTION('center_axis',(0.,0.,1.));
#6799=DIRECTION('ref_axis',(1.,0.,0.));
#6800=DIRECTION('center_axis',(1.,0.,0.));
#6801=DIRECTION('ref_axis',(0.,1.,0.));
#6802=DIRECTION('',(0.,0.,1.));
#6803=DIRECTION('',(0.,1.,0.));
#6804=DIRECTION('',(0.,0.,1.));
#6805=DIRECTION('center_axis',(0.,0.,1.));
#6806=DIRECTION('ref_axis',(0.,-1.,0.));
#6807=DIRECTION('center_axis',(0.,0.,1.));
#6808=DIRECTION('ref_axis',(0.,-1.,0.));
#6809=DIRECTION('',(0.,0.,1.));
#6810=DIRECTION('center_axis',(0.,-1.,0.));
#6811=DIRECTION('ref_axis',(1.,0.,0.));
#6812=DIRECTION('',(1.,0.,0.));
#6813=DIRECTION('',(0.,0.,1.));
#6814=DIRECTION('center_axis',(0.,0.,1.));
#6815=DIRECTION('ref_axis',(-1.,0.,0.));
#6816=DIRECTION('center_axis',(0.,0.,1.));
#6817=DIRECTION('ref_axis',(-1.,0.,0.));
#6818=DIRECTION('',(0.,0.,1.));
#6819=DIRECTION('center_axis',(-1.,0.,0.));
#6820=DIRECTION('ref_axis',(0.,-1.,0.));
#6821=DIRECTION('',(0.,-1.,0.));
#6822=DIRECTION('',(0.,0.,1.));
#6823=DIRECTION('center_axis',(0.,0.,1.));
#6824=DIRECTION('ref_axis',(0.,1.,0.));
#6825=DIRECTION('center_axis',(0.,0.,1.));
#6826=DIRECTION('ref_axis',(0.,1.,0.));
#6827=DIRECTION('',(0.,0.,1.));
#6828=DIRECTION('center_axis',(0.,1.,0.));
#6829=DIRECTION('ref_axis',(-1.,0.,0.));
#6830=DIRECTION('',(-1.,0.,0.));
#6831=DIRECTION('',(0.,0.,1.));
#6832=DIRECTION('center_axis',(0.,0.,1.));
#6833=DIRECTION('ref_axis',(1.,0.,0.));
#6834=DIRECTION('center_axis',(0.,0.,1.));
#6835=DIRECTION('ref_axis',(1.,0.,0.));
#6836=DIRECTION('center_axis',(1.,0.,0.));
#6837=DIRECTION('ref_axis',(0.,1.,0.));
#6838=DIRECTION('',(0.,0.,1.));
#6839=DIRECTION('',(0.,1.,0.));
#6840=DIRECTION('',(0.,0.,1.));
#6841=DIRECTION('center_axis',(0.,0.,1.));
#6842=DIRECTION('ref_axis',(0.,-1.,0.));
#6843=DIRECTION('center_axis',(0.,0.,1.));
#6844=DIRECTION('ref_axis',(0.,-1.,0.));
#6845=DIRECTION('',(0.,0.,1.));
#6846=DIRECTION('center_axis',(1.61486985400023E-15,-1.,0.));
#6847=DIRECTION('ref_axis',(1.,1.61486985400023E-15,0.));
#6848=DIRECTION('',(1.,1.61486985400023E-15,0.));
#6849=DIRECTION('',(0.,0.,1.));
#6850=DIRECTION('center_axis',(0.,0.,1.));
#6851=DIRECTION('ref_axis',(-1.,8.88178419700128E-15,0.));
#6852=DIRECTION('center_axis',(0.,0.,1.));
#6853=DIRECTION('ref_axis',(-1.,8.88178419700128E-15,0.));
#6854=DIRECTION('',(0.,0.,1.));
#6855=DIRECTION('center_axis',(-1.,1.97372982155583E-15,0.));
#6856=DIRECTION('ref_axis',(-1.97372982155583E-15,-1.,0.));
#6857=DIRECTION('',(-1.97372982155583E-15,-1.,0.));
#6858=DIRECTION('',(0.,0.,1.));
#6859=DIRECTION('center_axis',(0.,0.,1.));
#6860=DIRECTION('ref_axis',(0.,1.,0.));
#6861=DIRECTION('center_axis',(0.,0.,1.));
#6862=DIRECTION('ref_axis',(0.,1.,0.));
#6863=DIRECTION('',(0.,0.,1.));
#6864=DIRECTION('center_axis',(0.,1.,0.));
#6865=DIRECTION('ref_axis',(-1.,0.,0.));
#6866=DIRECTION('',(-1.,0.,0.));
#6867=DIRECTION('',(0.,0.,1.));
#6868=DIRECTION('center_axis',(0.,0.,1.));
#6869=DIRECTION('ref_axis',(1.,0.,0.));
#6870=DIRECTION('center_axis',(0.,0.,1.));
#6871=DIRECTION('ref_axis',(1.,0.,0.));
#6872=DIRECTION('center_axis',(1.,0.,0.));
#6873=DIRECTION('ref_axis',(0.,1.,0.));
#6874=DIRECTION('',(0.,1.,0.));
#6875=DIRECTION('',(0.,1.,0.));
#6876=DIRECTION('',(0.,1.,0.));
#6877=DIRECTION('center_axis',(-1.,-3.17206578464331E-16,0.));
#6878=DIRECTION('ref_axis',(3.17206578464331E-16,-1.,0.));
#6879=DIRECTION('',(0.,-1.,0.));
#6880=DIRECTION('',(3.17206578464331E-16,-1.,0.));
#6881=DIRECTION('',(0.,-1.,0.));
#6882=DIRECTION('center_axis',(0.,0.,1.));
#6883=DIRECTION('ref_axis',(1.,0.,0.));
#6884=DIRECTION('',(1.,1.70803524707923E-16,0.));
#6885=DIRECTION('',(-1.,0.,0.));
#6886=DIRECTION('',(-1.,0.,0.));
#6887=DIRECTION('',(-1.,0.,0.));
#6888=DIRECTION('center_axis',(0.,0.,1.));
#6889=DIRECTION('ref_axis',(1.,-5.73018335290407E-15,0.));
#6890=DIRECTION('center_axis',(0.,1.,0.));
#6891=DIRECTION('ref_axis',(-1.,0.,0.));
#6892=DIRECTION('center_axis',(0.,0.,1.));
#6893=DIRECTION('ref_axis',(1.,0.,0.));
#6894=DIRECTION('',(1.,0.,0.));
#6895=DIRECTION('center_axis',(-1.,0.,0.));
#6896=DIRECTION('ref_axis',(0.,-1.,0.));
#6897=DIRECTION('center_axis',(1.,0.,0.));
#6898=DIRECTION('ref_axis',(0.,1.,0.));
#6899=DIRECTION('center_axis',(0.,-1.,0.));
#6900=DIRECTION('ref_axis',(1.,0.,0.));
#6901=DIRECTION('center_axis',(0.,0.,-1.));
#6902=DIRECTION('ref_axis',(1.,0.,0.));
#6903=DIRECTION('',(0.,0.,-1.));
#6904=DIRECTION('center_axis',(0.,0.,-1.));
#6905=DIRECTION('ref_axis',(1.,0.,0.));
#6906=DIRECTION('center_axis',(0.,0.,1.));
#6907=DIRECTION('ref_axis',(1.,0.,0.));
#6908=DIRECTION('center_axis',(0.,0.,1.));
#6909=DIRECTION('ref_axis',(1.,0.,0.));
#6910=DIRECTION('center_axis',(0.,0.,1.));
#6911=DIRECTION('ref_axis',(1.,0.,0.));
#6912=DIRECTION('center_axis',(0.,0.,1.));
#6913=DIRECTION('ref_axis',(1.,0.,0.));
#6914=DIRECTION('center_axis',(0.,0.,-1.));
#6915=DIRECTION('ref_axis',(-0.707106781186549,-0.707106781186546,0.));
#6916=DIRECTION('',(0.,0.,1.));
#6917=DIRECTION('center_axis',(-1.,0.,0.));
#6918=DIRECTION('ref_axis',(0.,1.,0.));
#6919=DIRECTION('',(0.,0.,1.));
#6920=DIRECTION('center_axis',(0.,0.,-1.));
#6921=DIRECTION('ref_axis',(1.,0.,0.));
#6922=DIRECTION('',(0.,0.,-1.));
#6923=DIRECTION('center_axis',(0.,1.,0.));
#6924=DIRECTION('ref_axis',(1.,0.,0.));
#6925=DIRECTION('center_axis',(0.,0.,-1.));
#6926=DIRECTION('ref_axis',(-1.,0.,0.));
#6927=DIRECTION('center_axis',(-1.,0.,0.));
#6928=DIRECTION('ref_axis',(0.,-1.,0.));
#6929=DIRECTION('',(0.,0.,1.));
#6930=DIRECTION('',(0.,1.,0.));
#6931=DIRECTION('',(0.,0.,1.));
#6932=DIRECTION('center_axis',(0.,0.,1.));
#6933=DIRECTION('ref_axis',(8.45884209238222E-15,1.,0.));
#6934=DIRECTION('',(0.,0.,1.));
#6935=DIRECTION('center_axis',(0.,0.,-1.));
#6936=DIRECTION('ref_axis',(8.45884209238222E-15,1.,0.));
#6937=DIRECTION('center_axis',(0.,1.,0.));
#6938=DIRECTION('ref_axis',(-1.,0.,0.));
#6939=DIRECTION('',(0.,0.,1.));
#6940=DIRECTION('',(1.,0.,0.));
#6941=DIRECTION('center_axis',(0.,0.,1.));
#6942=DIRECTION('ref_axis',(1.,-8.45884209238222E-15,0.));
#6943=DIRECTION('',(0.,0.,1.));
#6944=DIRECTION('center_axis',(0.,0.,-1.));
#6945=DIRECTION('ref_axis',(1.,-8.45884209238222E-15,0.));
#6946=DIRECTION('center_axis',(1.,0.,0.));
#6947=DIRECTION('ref_axis',(0.,1.,0.));
#6948=DIRECTION('',(0.,0.,1.));
#6949=DIRECTION('',(0.,-1.,0.));
#6950=DIRECTION('center_axis',(0.,0.,1.));
#6951=DIRECTION('ref_axis',(-4.22942104619109E-15,-1.,0.));
#6952=DIRECTION('center_axis',(0.,0.,-1.));
#6953=DIRECTION('ref_axis',(-4.22942104619109E-15,-1.,0.));
#6954=DIRECTION('center_axis',(0.,0.,1.));
#6955=DIRECTION('ref_axis',(-1.,0.,0.));
#6956=DIRECTION('center_axis',(0.,0.,-1.));
#6957=DIRECTION('ref_axis',(-1.,0.,0.));
#6958=DIRECTION('center_axis',(0.,0.,1.));
#6959=DIRECTION('ref_axis',(1.,0.,0.));
#6960=DIRECTION('center_axis',(0.,0.,-1.));
#6961=DIRECTION('ref_axis',(-1.,0.,0.));
#6962=DIRECTION('center_axis',(0.,0.,1.));
#6963=DIRECTION('ref_axis',(1.,-5.73018335290407E-15,0.));
#6964=DIRECTION('center_axis',(0.,0.,1.));
#6965=DIRECTION('ref_axis',(1.,-5.73018335290407E-15,0.));
#6966=DIRECTION('center_axis',(0.,0.,1.));
#6967=DIRECTION('ref_axis',(-1.,0.,0.));
#6968=DIRECTION('center_axis',(0.,0.,1.));
#6969=DIRECTION('ref_axis',(1.,0.,0.));
#6970=CARTESIAN_POINT('',(0.,0.,0.));
#6971=CARTESIAN_POINT('Origin',(1.94336,8.05164,0.14));
#6972=CARTESIAN_POINT('',(1.79336,8.05164,0.14));
#6973=CARTESIAN_POINT('',(1.73336,8.05164,0.2));
#6974=CARTESIAN_POINT('Origin',(1.73336,8.05164,0.14));
#6975=CARTESIAN_POINT('',(1.94336,7.84164,0.2));
#6976=CARTESIAN_POINT('Origin',(1.94336,8.05164,0.2));
#6977=CARTESIAN_POINT('',(1.94336,7.90164,0.14));
#6978=CARTESIAN_POINT('Origin',(1.94336,7.84164,0.14));
#6979=CARTESIAN_POINT('Origin',(1.94336,8.05164,0.14));
#6980=CARTESIAN_POINT('Origin',(2.39668,7.84164,0.14));
#6981=CARTESIAN_POINT('',(4.04336,7.84164,0.2));
#6982=CARTESIAN_POINT('',(4.04336,7.90164,0.14));
#6983=CARTESIAN_POINT('Origin',(4.04336,7.84164,0.14));
#6984=CARTESIAN_POINT('',(2.39668,7.90164,0.14));
#6985=CARTESIAN_POINT('',(2.39668,7.84164,0.2));
#6986=CARTESIAN_POINT('Origin',(4.04336,8.05164,0.14));
#6987=CARTESIAN_POINT('',(4.25336,8.05164,0.2));
#6988=CARTESIAN_POINT('',(4.19336,8.05164,0.14));
#6989=CARTESIAN_POINT('Origin',(4.25336,8.05164,0.14));
#6990=CARTESIAN_POINT('Origin',(4.04336,8.05164,0.14));
#6991=CARTESIAN_POINT('Origin',(4.04336,8.05164,0.2));
#6992=CARTESIAN_POINT('Origin',(4.25336,6.15582,0.14));
#6993=CARTESIAN_POINT('',(4.25336,9.15164,0.2));
#6994=CARTESIAN_POINT('',(4.19336,9.15164,0.14));
#6995=CARTESIAN_POINT('Origin',(4.25336,9.15164,0.14));
#6996=CARTESIAN_POINT('',(4.19336,6.15582,0.14));
#6997=CARTESIAN_POINT('',(4.25336,6.15582,0.2));
#6998=CARTESIAN_POINT('Origin',(4.04336,9.15164,0.14));
#6999=CARTESIAN_POINT('',(4.04336,9.36164,0.2));
#7000=CARTESIAN_POINT('',(4.04336,9.30164,0.14));
#7001=CARTESIAN_POINT('Origin',(4.04336,9.36164,0.14));
#7002=CARTESIAN_POINT('Origin',(4.04336,9.15164,0.14));
#7003=CARTESIAN_POINT('Origin',(4.04336,9.15164,0.2));
#7004=CARTESIAN_POINT('Origin',(3.59668,9.36164,0.14));
#7005=CARTESIAN_POINT('',(1.94336,9.36164,0.2));
#7006=CARTESIAN_POINT('',(1.94336,9.30164,0.14));
#7007=CARTESIAN_POINT('Origin',(1.94336,9.36164,0.14));
#7008=CARTESIAN_POINT('',(3.59668,9.30164,0.14));
#7009=CARTESIAN_POINT('',(3.59668,9.36164,0.2));
#7010=CARTESIAN_POINT('Origin',(1.94336,9.15164,0.14));
#7011=CARTESIAN_POINT('',(1.73336,9.15164,0.2));
#7012=CARTESIAN_POINT('',(1.79336,9.15164,0.14));
#7013=CARTESIAN_POINT('Origin',(1.73336,9.15164,0.14));
#7014=CARTESIAN_POINT('Origin',(1.94336,9.15164,0.14));
#7015=CARTESIAN_POINT('Origin',(1.94336,9.15164,0.2));
#7016=CARTESIAN_POINT('Origin',(1.73336,6.85582,0.14));
#7017=CARTESIAN_POINT('',(1.73336,6.85582,0.2));
#7018=CARTESIAN_POINT('',(1.79336,6.85582,0.14));
#7019=CARTESIAN_POINT('Origin',(4.19336,9.30164,0.));
#7020=CARTESIAN_POINT('',(1.94336,9.30164,0.));
#7021=CARTESIAN_POINT('',(1.94336,9.30164,0.));
#7022=CARTESIAN_POINT('',(4.04336,9.30164,0.));
#7023=CARTESIAN_POINT('',(3.59668,9.30164,0.));
#7024=CARTESIAN_POINT('',(4.04336,9.30164,0.));
#7025=CARTESIAN_POINT('Origin',(1.94336,9.15164,0.));
#7026=CARTESIAN_POINT('',(1.79336,9.15164,0.));
#7027=CARTESIAN_POINT('',(1.79336,9.15164,0.));
#7028=CARTESIAN_POINT('Origin',(1.94336,9.15164,0.));
#7029=CARTESIAN_POINT('Origin',(1.79336,9.30164,0.));
#7030=CARTESIAN_POINT('',(1.79336,8.05164,0.));
#7031=CARTESIAN_POINT('',(1.79336,8.05164,0.));
#7032=CARTESIAN_POINT('',(1.79336,6.85582,0.));
#7033=CARTESIAN_POINT('Origin',(1.94336,8.05164,0.));
#7034=CARTESIAN_POINT('',(1.94336,7.90164,0.));
#7035=CARTESIAN_POINT('',(1.94336,7.90164,0.));
#7036=CARTESIAN_POINT('Origin',(1.94336,8.05164,0.));
#7037=CARTESIAN_POINT('Origin',(3.,4.41,0.2));
#7038=CARTESIAN_POINT('',(0.,-1.28,0.2));
#7039=CARTESIAN_POINT('',(0.4,-1.68,0.2));
#7040=CARTESIAN_POINT('Origin',(0.4,-1.28,0.2));
#7041=CARTESIAN_POINT('',(5.6,-1.68,0.2));
#7042=CARTESIAN_POINT('',(0.4,-1.68,0.2));
#7043=CARTESIAN_POINT('',(6.,-1.28,0.2));
#7044=CARTESIAN_POINT('Origin',(5.6,-1.28,0.2));
#7045=CARTESIAN_POINT('',(6.,10.1,0.2));
#7046=CARTESIAN_POINT('',(6.,-1.28,0.2));
#7047=CARTESIAN_POINT('',(5.6,10.5,0.2));
#7048=CARTESIAN_POINT('Origin',(5.6,10.1,0.2));
#7049=CARTESIAN_POINT('',(0.4,10.5,0.2));
#7050=CARTESIAN_POINT('',(5.6,10.5,0.2));
#7051=CARTESIAN_POINT('',(-3.33066907387547E-16,10.1,0.2));
#7052=CARTESIAN_POINT('Origin',(0.4,10.1,0.2));
#7053=CARTESIAN_POINT('',(0.,10.1,0.2));
#7054=CARTESIAN_POINT('',(1.62446,5.66164,0.2));
#7055=CARTESIAN_POINT('Origin',(2.12446,5.66164,0.2));
#7056=CARTESIAN_POINT('',(3.39246,5.66164,0.2));
#7057=CARTESIAN_POINT('Origin',(3.89246,5.66164,0.2));
#7058=CARTESIAN_POINT('',(3.92,1.98,0.2));
#7059=CARTESIAN_POINT('',(2.08,1.98,0.2));
#7060=CARTESIAN_POINT('',(3.46,1.98,0.2));
#7061=CARTESIAN_POINT('',(1.98,2.08,0.2));
#7062=CARTESIAN_POINT('Origin',(2.08,2.08,0.2));
#7063=CARTESIAN_POINT('',(1.98,3.92,0.2));
#7064=CARTESIAN_POINT('',(1.98,3.245,0.2));
#7065=CARTESIAN_POINT('',(2.08,4.02,0.2));
#7066=CARTESIAN_POINT('Origin',(2.08,3.92,0.2));
#7067=CARTESIAN_POINT('',(3.92,4.02,0.2));
#7068=CARTESIAN_POINT('',(2.54,4.02,0.2));
#7069=CARTESIAN_POINT('',(4.02,3.92,0.2));
#7070=CARTESIAN_POINT('Origin',(3.92,3.92,0.2));
#7071=CARTESIAN_POINT('',(4.02,2.08,0.2));
#7072=CARTESIAN_POINT('',(4.02,4.165,0.2));
#7073=CARTESIAN_POINT('Origin',(3.92,2.08,0.2));
#7074=CARTESIAN_POINT('',(0.29,10.05,0.2));
#7075=CARTESIAN_POINT('Origin',(0.45,10.05,0.2));
#7076=CARTESIAN_POINT('',(5.39,-1.23,0.2));
#7077=CARTESIAN_POINT('Origin',(5.55,-1.23,0.2));
#7078=CARTESIAN_POINT('',(0.29,-1.23,0.2));
#7079=CARTESIAN_POINT('Origin',(0.45,-1.23,0.2));
#7080=CARTESIAN_POINT('',(5.39,10.05,0.2));
#7081=CARTESIAN_POINT('Origin',(5.55,10.05,0.2));
#7082=CARTESIAN_POINT('Origin',(4.04336,8.05164,0.));
#7083=CARTESIAN_POINT('',(4.19336,8.05164,0.));
#7084=CARTESIAN_POINT('',(4.19336,8.05164,0.));
#7085=CARTESIAN_POINT('',(4.04336,7.90164,0.));
#7086=CARTESIAN_POINT('Origin',(4.04336,8.05164,0.));
#7087=CARTESIAN_POINT('',(4.04336,7.90164,0.));
#7088=CARTESIAN_POINT('Origin',(1.79336,7.90164,0.));
#7089=CARTESIAN_POINT('',(2.39668,7.90164,0.));
#7090=CARTESIAN_POINT('Origin',(4.04336,9.15164,0.));
#7091=CARTESIAN_POINT('',(4.19336,9.15164,0.));
#7092=CARTESIAN_POINT('Origin',(4.04336,9.15164,0.));
#7093=CARTESIAN_POINT('',(4.19336,9.15164,0.));
#7094=CARTESIAN_POINT('Origin',(4.19336,7.90164,0.));
#7095=CARTESIAN_POINT('',(4.19336,6.15582,0.));
#7096=CARTESIAN_POINT('Origin',(2.12446,5.66164,0.2));
#7097=CARTESIAN_POINT('',(1.72446,5.66164,0.2));
#7098=CARTESIAN_POINT('Origin',(2.12446,5.66164,0.2));
#7099=CARTESIAN_POINT('',(1.72446,5.66164,0.17));
#7100=CARTESIAN_POINT('',(1.72446,5.66164,0.2));
#7101=CARTESIAN_POINT('Origin',(2.12446,5.66164,0.17));
#7102=CARTESIAN_POINT('Origin',(2.12446,5.66164,0.2));
#7103=CARTESIAN_POINT('',(1.62446,5.66164,0.17));
#7104=CARTESIAN_POINT('',(1.62446,5.66164,0.2));
#7105=CARTESIAN_POINT('Origin',(2.12446,5.66164,0.17));
#7106=CARTESIAN_POINT('Origin',(2.12446,5.66164,0.17));
#7107=CARTESIAN_POINT('Origin',(3.89246,5.66164,0.2));
#7108=CARTESIAN_POINT('',(3.49246,5.66164,0.2));
#7109=CARTESIAN_POINT('Origin',(3.89246,5.66164,0.2));
#7110=CARTESIAN_POINT('',(3.49246,5.66164,0.17));
#7111=CARTESIAN_POINT('',(3.49246,5.66164,0.2));
#7112=CARTESIAN_POINT('Origin',(3.89246,5.66164,0.17));
#7113=CARTESIAN_POINT('Origin',(3.89246,5.66164,0.2));
#7114=CARTESIAN_POINT('',(3.39246,5.66164,0.17));
#7115=CARTESIAN_POINT('',(3.39246,5.66164,0.2));
#7116=CARTESIAN_POINT('Origin',(3.89246,5.66164,0.17));
#7117=CARTESIAN_POINT('Origin',(3.89246,5.66164,0.17));
#7118=CARTESIAN_POINT('Origin',(3.,4.41,0.2));
#7119=CARTESIAN_POINT('Origin',(3.,4.41,0.2));
#7120=CARTESIAN_POINT('Origin',(3.92,1.98,0.2));
#7121=CARTESIAN_POINT('',(3.92,1.98,0.12));
#7122=CARTESIAN_POINT('',(3.92,1.98,0.2));
#7123=CARTESIAN_POINT('',(2.08,1.98,0.12));
#7124=CARTESIAN_POINT('',(2.08,1.98,0.12));
#7125=CARTESIAN_POINT('',(2.08,1.98,0.2));
#7126=CARTESIAN_POINT('Origin',(3.92,2.08,0.2));
#7127=CARTESIAN_POINT('',(4.02,2.08,0.12));
#7128=CARTESIAN_POINT('',(4.02,2.08,0.2));
#7129=CARTESIAN_POINT('Origin',(3.92,2.08,0.12));
#7130=CARTESIAN_POINT('Origin',(4.02,3.92,0.2));
#7131=CARTESIAN_POINT('',(4.02,3.92,0.12));
#7132=CARTESIAN_POINT('',(4.02,3.92,0.2));
#7133=CARTESIAN_POINT('',(4.02,2.08,0.12));
#7134=CARTESIAN_POINT('Origin',(3.92,3.92,0.2));
#7135=CARTESIAN_POINT('',(3.92,4.02,0.12));
#7136=CARTESIAN_POINT('',(3.92,4.02,0.2));
#7137=CARTESIAN_POINT('Origin',(3.92,3.92,0.12));
#7138=CARTESIAN_POINT('Origin',(2.08,4.02,0.2));
#7139=CARTESIAN_POINT('',(2.08,4.02,0.12));
#7140=CARTESIAN_POINT('',(2.08,4.02,0.2));
#7141=CARTESIAN_POINT('',(3.92,4.02,0.12));
#7142=CARTESIAN_POINT('Origin',(2.08,3.92,0.2));
#7143=CARTESIAN_POINT('',(1.98,3.92,0.12));
#7144=CARTESIAN_POINT('',(1.98,3.92,0.2));
#7145=CARTESIAN_POINT('Origin',(2.08,3.92,0.12));
#7146=CARTESIAN_POINT('Origin',(1.98,2.08,0.2));
#7147=CARTESIAN_POINT('',(1.98,2.08,0.12));
#7148=CARTESIAN_POINT('',(1.98,2.08,0.2));
#7149=CARTESIAN_POINT('',(1.98,3.92,0.12));
#7150=CARTESIAN_POINT('Origin',(2.08,2.08,0.2));
#7151=CARTESIAN_POINT('Origin',(2.08,2.08,0.12));
#7152=CARTESIAN_POINT('Origin',(3.,3.,0.12));
#7153=CARTESIAN_POINT('Origin',(2.77446,6.51164,0.));
#7154=CARTESIAN_POINT('',(2.77446,6.51164,0.));
#7155=CARTESIAN_POINT('',(1.47446,6.51164,0.));
#7156=CARTESIAN_POINT('',(2.88723,6.51164,0.));
#7157=CARTESIAN_POINT('',(2.77446,6.51164,0.11));
#7158=CARTESIAN_POINT('',(2.77446,6.51164,0.));
#7159=CARTESIAN_POINT('',(1.47446,6.51164,0.11));
#7160=CARTESIAN_POINT('',(2.77446,6.51164,0.11));
#7161=CARTESIAN_POINT('',(1.47446,6.51164,0.));
#7162=CARTESIAN_POINT('Origin',(2.77446,4.81164,0.));
#7163=CARTESIAN_POINT('',(2.77446,4.81164,0.));
#7164=CARTESIAN_POINT('',(2.77446,4.61082,0.));
#7165=CARTESIAN_POINT('',(2.77446,4.81164,0.11));
#7166=CARTESIAN_POINT('',(2.77446,4.81164,0.));
#7167=CARTESIAN_POINT('',(2.77446,4.81164,0.11));
#7168=CARTESIAN_POINT('Origin',(1.47446,4.81164,0.));
#7169=CARTESIAN_POINT('',(1.47446,4.81164,0.));
#7170=CARTESIAN_POINT('',(2.23723,4.81164,0.));
#7171=CARTESIAN_POINT('',(1.47446,4.81164,0.11));
#7172=CARTESIAN_POINT('',(1.47446,4.81164,0.));
#7173=CARTESIAN_POINT('',(1.47446,4.81164,0.11));
#7174=CARTESIAN_POINT('Origin',(1.47446,6.51164,0.));
#7175=CARTESIAN_POINT('',(1.47446,5.46082,0.));
#7176=CARTESIAN_POINT('',(1.47446,6.51164,0.11));
#7177=CARTESIAN_POINT('Origin',(2.12446,5.66164,0.11));
#7178=CARTESIAN_POINT('Origin',(4.54246,6.51164,0.));
#7179=CARTESIAN_POINT('',(4.54246,6.51164,0.));
#7180=CARTESIAN_POINT('',(3.24246,6.51164,0.));
#7181=CARTESIAN_POINT('',(3.77123,6.51164,0.));
#7182=CARTESIAN_POINT('',(4.54246,6.51164,0.11));
#7183=CARTESIAN_POINT('',(4.54246,6.51164,0.));
#7184=CARTESIAN_POINT('',(3.24246,6.51164,0.11));
#7185=CARTESIAN_POINT('',(4.54246,6.51164,0.11));
#7186=CARTESIAN_POINT('',(3.24246,6.51164,0.));
#7187=CARTESIAN_POINT('Origin',(4.54246,4.81164,0.));
#7188=CARTESIAN_POINT('',(4.54246,4.81164,0.));
#7189=CARTESIAN_POINT('',(4.54246,4.61082,0.));
#7190=CARTESIAN_POINT('',(4.54246,4.81164,0.11));
#7191=CARTESIAN_POINT('',(4.54246,4.81164,0.));
#7192=CARTESIAN_POINT('',(4.54246,4.81164,0.11));
#7193=CARTESIAN_POINT('Origin',(3.24246,4.81164,0.));
#7194=CARTESIAN_POINT('',(3.24246,4.81164,0.));
#7195=CARTESIAN_POINT('',(3.12123,4.81164,0.));
#7196=CARTESIAN_POINT('',(3.24246,4.81164,0.11));
#7197=CARTESIAN_POINT('',(3.24246,4.81164,0.));
#7198=CARTESIAN_POINT('',(3.24246,4.81164,0.11));
#7199=CARTESIAN_POINT('Origin',(3.24246,6.51164,0.));
#7200=CARTESIAN_POINT('',(3.24246,5.46082,0.));
#7201=CARTESIAN_POINT('',(3.24246,6.51164,0.11));
#7202=CARTESIAN_POINT('Origin',(3.89246,5.66164,0.11));
#7203=CARTESIAN_POINT('Origin',(0.45,10.05,0.));
#7204=CARTESIAN_POINT('',(0.29,10.05,0.));
#7205=CARTESIAN_POINT('Origin',(0.45,10.05,0.));
#7206=CARTESIAN_POINT('',(0.29,10.05,0.));
#7207=CARTESIAN_POINT('Origin',(5.55,-1.23,0.));
#7208=CARTESIAN_POINT('',(5.39,-1.23,0.));
#7209=CARTESIAN_POINT('Origin',(5.55,-1.23,0.));
#7210=CARTESIAN_POINT('',(5.39,-1.23,0.));
#7211=CARTESIAN_POINT('Origin',(0.45,-1.23,0.));
#7212=CARTESIAN_POINT('',(0.29,-1.23,0.));
#7213=CARTESIAN_POINT('Origin',(0.45,-1.23,0.));
#7214=CARTESIAN_POINT('',(0.29,-1.23,0.));
#7215=CARTESIAN_POINT('Origin',(5.55,10.05,0.));
#7216=CARTESIAN_POINT('',(5.39,10.05,0.));
#7217=CARTESIAN_POINT('Origin',(5.55,10.05,0.));
#7218=CARTESIAN_POINT('',(5.39,10.05,0.));
#7219=CARTESIAN_POINT('Origin',(4.85136,9.60852,0.));
#7220=CARTESIAN_POINT('',(4.72636,9.60852,0.));
#7221=CARTESIAN_POINT('Origin',(4.85136,9.60852,0.));
#7222=CARTESIAN_POINT('',(4.72636,9.60852,-0.7));
#7223=CARTESIAN_POINT('',(4.72636,9.60852,0.));
#7224=CARTESIAN_POINT('Origin',(4.85136,9.60852,-0.7));
#7225=CARTESIAN_POINT('Origin',(4.85136,9.60852,0.));
#7226=CARTESIAN_POINT('Origin',(1.13516,0.87122,0.));
#7227=CARTESIAN_POINT('',(1.01016,0.87122,0.));
#7228=CARTESIAN_POINT('Origin',(1.13516,0.87122,0.));
#7229=CARTESIAN_POINT('',(1.01016,0.87122,-0.7));
#7230=CARTESIAN_POINT('',(1.01016,0.87122,0.));
#7231=CARTESIAN_POINT('Origin',(1.13516,0.87122,-0.7));
#7232=CARTESIAN_POINT('Origin',(1.13516,0.87122,0.));
#7233=CARTESIAN_POINT('Origin',(4.84706,0.87122,0.));
#7234=CARTESIAN_POINT('',(4.72206,0.87122,0.));
#7235=CARTESIAN_POINT('Origin',(4.84706,0.87122,0.));
#7236=CARTESIAN_POINT('',(4.72206,0.87122,-0.7));
#7237=CARTESIAN_POINT('',(4.72206,0.87122,0.));
#7238=CARTESIAN_POINT('Origin',(4.84706,0.87122,-0.7));
#7239=CARTESIAN_POINT('Origin',(4.84706,0.87122,0.));
#7240=CARTESIAN_POINT('Origin',(1.10776,9.61372,0.));
#7241=CARTESIAN_POINT('',(0.982759999999999,9.61372,0.));
#7242=CARTESIAN_POINT('Origin',(1.10776,9.61372,0.));
#7243=CARTESIAN_POINT('',(0.982759999999999,9.61372,-0.7));
#7244=CARTESIAN_POINT('',(0.982759999999999,9.61372,0.));
#7245=CARTESIAN_POINT('Origin',(1.10776,9.61372,-0.7));
#7246=CARTESIAN_POINT('Origin',(1.10776,9.61372,0.));
#7247=CARTESIAN_POINT('Origin',(1.10776,9.61372,0.));
#7248=CARTESIAN_POINT('',(0.757759999999999,9.61372,-0.7));
#7249=CARTESIAN_POINT('Origin',(1.10776,9.61372,-0.7));
#7250=CARTESIAN_POINT('',(0.757759999999999,9.61372,0.));
#7251=CARTESIAN_POINT('',(0.757759999999999,9.61372,0.));
#7252=CARTESIAN_POINT('Origin',(1.10776,9.61372,0.));
#7253=CARTESIAN_POINT('Origin',(1.10776,9.61372,-0.7));
#7254=CARTESIAN_POINT('Origin',(4.84706,0.87122,0.));
#7255=CARTESIAN_POINT('',(4.49706,0.87122,-0.7));
#7256=CARTESIAN_POINT('Origin',(4.84706,0.87122,-0.7));
#7257=CARTESIAN_POINT('',(4.49706,0.87122,0.));
#7258=CARTESIAN_POINT('',(4.49706,0.87122,0.));
#7259=CARTESIAN_POINT('Origin',(4.84706,0.87122,0.));
#7260=CARTESIAN_POINT('Origin',(4.84706,0.87122,-0.7));
#7261=CARTESIAN_POINT('Origin',(1.13516,0.87122,0.));
#7262=CARTESIAN_POINT('',(0.785159999999999,0.87122,-0.7));
#7263=CARTESIAN_POINT('Origin',(1.13516,0.87122,-0.7));
#7264=CARTESIAN_POINT('',(0.785159999999999,0.87122,0.));
#7265=CARTESIAN_POINT('',(0.785159999999999,0.87122,0.));
#7266=CARTESIAN_POINT('Origin',(1.13516,0.87122,0.));
#7267=CARTESIAN_POINT('Origin',(1.13516,0.87122,-0.7));
#7268=CARTESIAN_POINT('Origin',(4.85136,9.60852,0.));
#7269=CARTESIAN_POINT('',(4.50136,9.60852,-0.7));
#7270=CARTESIAN_POINT('Origin',(4.85136,9.60852,-0.7));
#7271=CARTESIAN_POINT('',(4.50136,9.60852,0.));
#7272=CARTESIAN_POINT('',(4.50136,9.60852,0.));
#7273=CARTESIAN_POINT('Origin',(4.85136,9.60852,0.));
#7274=CARTESIAN_POINT('Origin',(4.85136,9.60852,-0.7));
#7275=CARTESIAN_POINT('Origin',(0.,10.1,0.));
#7276=CARTESIAN_POINT('',(-3.33066907387547E-16,10.1,0.));
#7277=CARTESIAN_POINT('',(0.,-1.28,0.));
#7278=CARTESIAN_POINT('',(0.,10.1,0.));
#7279=CARTESIAN_POINT('',(0.,-1.28,0.));
#7280=CARTESIAN_POINT('',(-3.33066907387547E-16,10.1,0.));
#7281=CARTESIAN_POINT('Origin',(0.4,10.1,0.));
#7282=CARTESIAN_POINT('',(0.4,10.5,0.));
#7283=CARTESIAN_POINT('Origin',(0.4,10.1,0.));
#7284=CARTESIAN_POINT('',(0.4,10.5,0.));
#7285=CARTESIAN_POINT('Origin',(5.6,10.5,0.));
#7286=CARTESIAN_POINT('',(5.6,10.5,0.));
#7287=CARTESIAN_POINT('',(5.6,10.5,0.));
#7288=CARTESIAN_POINT('',(5.6,10.5,0.));
#7289=CARTESIAN_POINT('Origin',(5.6,10.1,0.));
#7290=CARTESIAN_POINT('',(6.,10.1,0.));
#7291=CARTESIAN_POINT('Origin',(5.6,10.1,0.));
#7292=CARTESIAN_POINT('',(6.,10.1,0.));
#7293=CARTESIAN_POINT('Origin',(6.,-1.28,0.));
#7294=CARTESIAN_POINT('',(6.,-1.28,0.));
#7295=CARTESIAN_POINT('',(6.,-1.28,0.));
#7296=CARTESIAN_POINT('',(6.,-1.28,0.));
#7297=CARTESIAN_POINT('Origin',(5.6,-1.28,0.));
#7298=CARTESIAN_POINT('',(5.6,-1.68,0.));
#7299=CARTESIAN_POINT('Origin',(5.6,-1.28,0.));
#7300=CARTESIAN_POINT('',(5.6,-1.68,0.));
#7301=CARTESIAN_POINT('Origin',(0.4,-1.68,0.));
#7302=CARTESIAN_POINT('',(0.4,-1.68,0.));
#7303=CARTESIAN_POINT('',(0.4,-1.68,0.));
#7304=CARTESIAN_POINT('',(0.4,-1.68,0.));
#7305=CARTESIAN_POINT('Origin',(0.4,-1.28,0.));
#7306=CARTESIAN_POINT('Origin',(0.4,-1.28,0.));
#7307=CARTESIAN_POINT('Origin',(3.,4.41,0.));
#7308=CARTESIAN_POINT('Origin',(8.28,5.25,-1.5));
#7309=CARTESIAN_POINT('',(8.08,5.25,-1.4));
#7310=CARTESIAN_POINT('Origin',(8.28,5.25,-1.4));
#7311=CARTESIAN_POINT('',(8.08,5.25,-1.));
#7312=CARTESIAN_POINT('',(8.08,5.25,-1.5));
#7313=CARTESIAN_POINT('Origin',(8.28,5.25,-1.));
#7314=CARTESIAN_POINT('Origin',(12.,11.22,-1.5));
#7315=CARTESIAN_POINT('',(11.8,11.22,-1.4));
#7316=CARTESIAN_POINT('Origin',(12.,11.22,-1.4));
#7317=CARTESIAN_POINT('',(11.8,11.22,-1.));
#7318=CARTESIAN_POINT('',(11.8,11.22,-1.5));
#7319=CARTESIAN_POINT('Origin',(12.,11.22,-1.));
#7320=CARTESIAN_POINT('Origin',(12.,-2.4,-1.5));
#7321=CARTESIAN_POINT('',(11.8,-2.4,-1.4));
#7322=CARTESIAN_POINT('Origin',(12.,-2.4,-1.4));
#7323=CARTESIAN_POINT('',(11.8,-2.4,-1.));
#7324=CARTESIAN_POINT('',(11.8,-2.4,-1.5));
#7325=CARTESIAN_POINT('Origin',(12.,-2.4,-1.));
#7326=CARTESIAN_POINT('Origin',(15.72,5.25,-1.5));
#7327=CARTESIAN_POINT('',(15.52,5.25,-1.4));
#7328=CARTESIAN_POINT('Origin',(15.72,5.25,-1.4));
#7329=CARTESIAN_POINT('',(15.52,5.25,-1.));
#7330=CARTESIAN_POINT('',(15.52,5.25,-1.5));
#7331=CARTESIAN_POINT('Origin',(15.72,5.25,-1.));
#7332=CARTESIAN_POINT('Origin',(12.,4.4100001335144,-1.4));
#7333=CARTESIAN_POINT('',(13.7,11.72,-1.4));
#7334=CARTESIAN_POINT('',(13.7,10.72,-1.4));
#7335=CARTESIAN_POINT('',(13.7,7.6050000667572,-1.4));
#7336=CARTESIAN_POINT('',(14.6000002670288,11.7200002670288,-1.4));
#7337=CARTESIAN_POINT('',(14.6000002670288,11.7200002670288,-1.4));
#7338=CARTESIAN_POINT('',(16.2200002670288,10.1000002670288,-1.4));
#7339=CARTESIAN_POINT('Origin',(14.6000002670288,10.1000002670288,-1.4));
#7340=CARTESIAN_POINT('',(16.22,7.1,-1.4));
#7341=CARTESIAN_POINT('',(16.2200002670288,-1.28,-1.4));
#7342=CARTESIAN_POINT('',(15.22,7.1,-1.4));
#7343=CARTESIAN_POINT('',(15.17,7.1,-1.4));
#7344=CARTESIAN_POINT('',(15.22,10.1,-1.4));
#7345=CARTESIAN_POINT('',(15.22,1.5650000667572,-1.4));
#7346=CARTESIAN_POINT('',(14.6,10.72,-1.4));
#7347=CARTESIAN_POINT('Origin',(14.6,10.1,-1.4));
#7348=CARTESIAN_POINT('',(13.3,10.72,-1.4));
#7349=CARTESIAN_POINT('Origin',(12.,4.4100001335144,-1.4));
#7350=CARTESIAN_POINT('',(7.78,7.1,-1.4));
#7351=CARTESIAN_POINT('',(8.78,7.1,-1.4));
#7352=CARTESIAN_POINT('',(8.83,7.1,-1.4));
#7353=CARTESIAN_POINT('',(7.77999973297119,10.1000002670288,-1.4));
#7354=CARTESIAN_POINT('',(7.77999973297119,10.1000002670288,-1.4));
#7355=CARTESIAN_POINT('',(9.39999973297119,11.7200002670288,-1.4));
#7356=CARTESIAN_POINT('Origin',(9.39999973297119,10.1000002670288,-1.4));
#7357=CARTESIAN_POINT('',(10.3,11.72,-1.4));
#7358=CARTESIAN_POINT('',(14.6000002670288,11.7200002670288,-1.4));
#7359=CARTESIAN_POINT('',(10.3,10.72,-1.4));
#7360=CARTESIAN_POINT('',(10.3,7.9150000667572,-1.4));
#7361=CARTESIAN_POINT('',(9.4,10.72,-1.4));
#7362=CARTESIAN_POINT('',(13.3,10.72,-1.4));
#7363=CARTESIAN_POINT('',(8.78,10.1,-1.4));
#7364=CARTESIAN_POINT('Origin',(9.4,10.1,-1.4));
#7365=CARTESIAN_POINT('',(8.78,7.2550000667572,-1.4));
#7366=CARTESIAN_POINT('Origin',(12.,4.4100001335144,-1.4));
#7367=CARTESIAN_POINT('',(13.7,-1.9,-1.4));
#7368=CARTESIAN_POINT('',(13.7,-2.9,-1.4));
#7369=CARTESIAN_POINT('',(13.7,0.905000066757201,-1.4));
#7370=CARTESIAN_POINT('',(14.6,-1.9,-1.4));
#7371=CARTESIAN_POINT('',(10.7,-1.9,-1.4));
#7372=CARTESIAN_POINT('',(15.22,-1.28,-1.4));
#7373=CARTESIAN_POINT('Origin',(14.6,-1.28,-1.4));
#7374=CARTESIAN_POINT('',(15.22,3.4,-1.4));
#7375=CARTESIAN_POINT('',(15.22,1.5650000667572,-1.4));
#7376=CARTESIAN_POINT('',(16.22,3.4,-1.4));
#7377=CARTESIAN_POINT('',(15.17,3.4,-1.4));
#7378=CARTESIAN_POINT('',(16.2200002670288,-1.28,-1.4));
#7379=CARTESIAN_POINT('',(16.2200002670288,-1.28,-1.4));
#7380=CARTESIAN_POINT('',(14.6000002670288,-2.9,-1.4));
#7381=CARTESIAN_POINT('Origin',(14.6000002670288,-1.28,-1.4));
#7382=CARTESIAN_POINT('',(9.39999973297119,-2.9,-1.4));
#7383=CARTESIAN_POINT('Origin',(12.,4.4100001335144,-1.4));
#7384=CARTESIAN_POINT('',(8.78,3.4,-1.4));
#7385=CARTESIAN_POINT('',(7.78,3.4,-1.4));
#7386=CARTESIAN_POINT('',(8.83,3.4,-1.4));
#7387=CARTESIAN_POINT('',(8.78,-1.28,-1.4));
#7388=CARTESIAN_POINT('',(8.78,7.2550000667572,-1.4));
#7389=CARTESIAN_POINT('',(9.4,-1.9,-1.4));
#7390=CARTESIAN_POINT('Origin',(9.4,-1.28,-1.4));
#7391=CARTESIAN_POINT('',(10.3,-1.9,-1.4));
#7392=CARTESIAN_POINT('',(10.7,-1.9,-1.4));
#7393=CARTESIAN_POINT('',(10.3,-2.9,-1.4));
#7394=CARTESIAN_POINT('',(10.3,1.1800000667572,-1.4));
#7395=CARTESIAN_POINT('',(9.39999973297119,-2.9,-1.4));
#7396=CARTESIAN_POINT('',(9.39999973297119,-2.9,-1.4));
#7397=CARTESIAN_POINT('',(7.77999973297119,-1.28,-1.4));
#7398=CARTESIAN_POINT('Origin',(9.39999973297119,-1.28,-1.4));
#7399=CARTESIAN_POINT('',(7.77999973297119,10.1000002670288,-1.4));
#7400=CARTESIAN_POINT('Origin',(9.39999973297119,10.1000002670288,-1.4));
#7401=CARTESIAN_POINT('',(7.77999973297119,10.1000002670288,-1.));
#7402=CARTESIAN_POINT('',(7.77999973297119,10.1000002670288,-1.4));
#7403=CARTESIAN_POINT('',(9.39999973297119,11.7200002670288,-1.));
#7404=CARTESIAN_POINT('Origin',(9.39999973297119,10.1000002670288,-1.));
#7405=CARTESIAN_POINT('',(9.39999973297119,11.7200002670288,-1.4));
#7406=CARTESIAN_POINT('Origin',(14.6000002670288,10.1000002670288,-1.4));
#7407=CARTESIAN_POINT('',(14.6000002670288,11.7200002670288,-1.));
#7408=CARTESIAN_POINT('',(14.6000002670288,11.7200002670288,-1.4));
#7409=CARTESIAN_POINT('',(16.2200002670288,10.1000002670288,-1.));
#7410=CARTESIAN_POINT('Origin',(14.6000002670288,10.1000002670288,-1.));
#7411=CARTESIAN_POINT('',(16.2200002670288,10.1000002670288,-1.4));
#7412=CARTESIAN_POINT('Origin',(14.6000002670288,-1.28,-1.4));
#7413=CARTESIAN_POINT('',(16.2200002670288,-1.28,-1.));
#7414=CARTESIAN_POINT('',(16.2200002670288,-1.28,-1.4));
#7415=CARTESIAN_POINT('',(14.6000002670288,-2.9,-1.));
#7416=CARTESIAN_POINT('Origin',(14.6000002670288,-1.28,-1.));
#7417=CARTESIAN_POINT('',(14.6000002670288,-2.9,-1.4));
#7418=CARTESIAN_POINT('Origin',(9.39999973297119,-1.28,-1.4));
#7419=CARTESIAN_POINT('',(9.39999973297119,-2.9,-1.));
#7420=CARTESIAN_POINT('',(9.39999973297119,-2.9,-1.4));
#7421=CARTESIAN_POINT('',(7.77999973297119,-1.28,-1.));
#7422=CARTESIAN_POINT('Origin',(9.39999973297119,-1.28,-1.));
#7423=CARTESIAN_POINT('',(7.77999973297119,-1.28,-1.4));
#7424=CARTESIAN_POINT('Origin',(8.78,10.1,0.));
#7425=CARTESIAN_POINT('',(8.78,10.1,-1.));
#7426=CARTESIAN_POINT('',(8.78,-1.28,-1.));
#7427=CARTESIAN_POINT('',(8.78,7.2550000667572,-1.));
#7428=CARTESIAN_POINT('',(8.78,-1.28,0.2));
#7429=CARTESIAN_POINT('',(8.78,-1.28,0.));
#7430=CARTESIAN_POINT('',(8.78,10.1,0.2));
#7431=CARTESIAN_POINT('',(8.78,10.1,0.2));
#7432=CARTESIAN_POINT('',(8.78,10.1,0.));
#7433=CARTESIAN_POINT('',(8.78,2.3,-0.65));
#7434=CARTESIAN_POINT('',(8.78,2.5,-0.65));
#7435=CARTESIAN_POINT('',(8.78,6.2,-0.65));
#7436=CARTESIAN_POINT('',(8.78,2.5,-0.15));
#7437=CARTESIAN_POINT('',(8.78,2.5,-0.325));
#7438=CARTESIAN_POINT('',(8.78,2.3,-0.15));
#7439=CARTESIAN_POINT('',(8.78,6.3,-0.15));
#7440=CARTESIAN_POINT('',(8.78,2.3,-0.075));
#7441=CARTESIAN_POINT('',(8.78,1.7,-0.65));
#7442=CARTESIAN_POINT('',(8.78,1.9,-0.65));
#7443=CARTESIAN_POINT('',(8.78,5.9,-0.65));
#7444=CARTESIAN_POINT('',(8.78,1.9,-0.15));
#7445=CARTESIAN_POINT('',(8.78,1.9,-0.325));
#7446=CARTESIAN_POINT('',(8.78,1.7,-0.15));
#7447=CARTESIAN_POINT('',(8.78,6.,-0.15));
#7448=CARTESIAN_POINT('',(8.78,1.7,-0.075));
#7449=CARTESIAN_POINT('',(8.78,1.1,-0.65));
#7450=CARTESIAN_POINT('',(8.78,1.3,-0.65));
#7451=CARTESIAN_POINT('',(8.78,5.6,-0.65));
#7452=CARTESIAN_POINT('',(8.78,1.3,-0.15));
#7453=CARTESIAN_POINT('',(8.78,1.3,-0.325));
#7454=CARTESIAN_POINT('',(8.78,1.1,-0.15));
#7455=CARTESIAN_POINT('',(8.78,5.7,-0.15));
#7456=CARTESIAN_POINT('',(8.78,1.1,-0.075));
#7457=CARTESIAN_POINT('Origin',(9.4,-1.28,0.));
#7458=CARTESIAN_POINT('',(9.4,-1.9,-1.));
#7459=CARTESIAN_POINT('Origin',(9.4,-1.28,-1.));
#7460=CARTESIAN_POINT('',(9.4,-1.9,0.2));
#7461=CARTESIAN_POINT('',(9.4,-1.9,0.));
#7462=CARTESIAN_POINT('Origin',(9.4,-1.28,0.2));
#7463=CARTESIAN_POINT('Origin',(9.4,10.1,0.));
#7464=CARTESIAN_POINT('',(9.4,10.72,-1.));
#7465=CARTESIAN_POINT('Origin',(9.4,10.1,-1.));
#7466=CARTESIAN_POINT('',(9.4,10.72,0.2));
#7467=CARTESIAN_POINT('Origin',(9.4,10.1,0.2));
#7468=CARTESIAN_POINT('',(9.4,10.72,0.));
#7469=CARTESIAN_POINT('Origin',(9.4,10.1,0.));
#7470=CARTESIAN_POINT('',(9.4,10.72,-2.6));
#7471=CARTESIAN_POINT('',(9.4,10.72,0.));
#7472=CARTESIAN_POINT('',(8.78,10.1,-2.6));
#7473=CARTESIAN_POINT('Origin',(9.4,10.1,-2.6));
#7474=CARTESIAN_POINT('',(8.78,10.1,0.));
#7475=CARTESIAN_POINT('Origin',(10.3,11.42,-1.4));
#7476=CARTESIAN_POINT('',(10.3,10.72,-2.4));
#7477=CARTESIAN_POINT('',(10.3,11.72,-1.4));
#7478=CARTESIAN_POINT('',(10.3,10.72,-0.9625));
#7479=CARTESIAN_POINT('Origin',(9.4,-1.9,0.));
#7480=CARTESIAN_POINT('',(14.6,-1.9,-1.));
#7481=CARTESIAN_POINT('',(10.7,-1.9,-1.));
#7482=CARTESIAN_POINT('',(14.6,-1.9,0.2));
#7483=CARTESIAN_POINT('',(14.6,-1.9,0.));
#7484=CARTESIAN_POINT('',(9.4,-1.9,0.2));
#7485=CARTESIAN_POINT('',(12.3,-1.9,-0.65));
#7486=CARTESIAN_POINT('',(12.3,-1.9,-0.15));
#7487=CARTESIAN_POINT('',(12.3,-1.9,-0.325));
#7488=CARTESIAN_POINT('',(12.5,-1.9,-0.15));
#7489=CARTESIAN_POINT('',(10.85,-1.9,-0.15));
#7490=CARTESIAN_POINT('',(12.5,-1.9,-0.65));
#7491=CARTESIAN_POINT('',(12.5,-1.9,-0.075));
#7492=CARTESIAN_POINT('',(10.95,-1.9,-0.65));
#7493=CARTESIAN_POINT('',(11.5,-1.9,-0.65));
#7494=CARTESIAN_POINT('',(11.5,-1.9,-0.15));
#7495=CARTESIAN_POINT('',(11.5,-1.9,-0.325));
#7496=CARTESIAN_POINT('',(11.7,-1.9,-0.15));
#7497=CARTESIAN_POINT('',(10.45,-1.9,-0.15));
#7498=CARTESIAN_POINT('',(11.7,-1.9,-0.65));
#7499=CARTESIAN_POINT('',(11.7,-1.9,-0.075));
#7500=CARTESIAN_POINT('',(10.55,-1.9,-0.65));
#7501=CARTESIAN_POINT('',(10.7,-1.9,-0.65));
#7502=CARTESIAN_POINT('',(10.7,-1.9,-0.15));
#7503=CARTESIAN_POINT('',(10.7,-1.9,-0.325));
#7504=CARTESIAN_POINT('',(10.9,-1.9,-0.15));
#7505=CARTESIAN_POINT('',(10.05,-1.9,-0.15));
#7506=CARTESIAN_POINT('',(10.9,-1.9,-0.65));
#7507=CARTESIAN_POINT('',(10.9,-1.9,-0.075));
#7508=CARTESIAN_POINT('',(10.15,-1.9,-0.65));
#7509=CARTESIAN_POINT('',(13.1,-1.9,-0.65));
#7510=CARTESIAN_POINT('',(13.1,-1.9,-0.15));
#7511=CARTESIAN_POINT('',(13.1,-1.9,-0.325));
#7512=CARTESIAN_POINT('',(13.3,-1.9,-0.15));
#7513=CARTESIAN_POINT('',(11.25,-1.9,-0.15));
#7514=CARTESIAN_POINT('',(13.3,-1.9,-0.65));
#7515=CARTESIAN_POINT('',(13.3,-1.9,-0.075));
#7516=CARTESIAN_POINT('',(11.35,-1.9,-0.65));
#7517=CARTESIAN_POINT('Origin',(14.6,-1.28,0.));
#7518=CARTESIAN_POINT('',(14.6,-1.9,-2.6));
#7519=CARTESIAN_POINT('',(14.6,-1.9,0.));
#7520=CARTESIAN_POINT('',(15.22,-1.28,-2.6));
#7521=CARTESIAN_POINT('Origin',(14.6,-1.28,-2.6));
#7522=CARTESIAN_POINT('',(15.22,-1.28,0.));
#7523=CARTESIAN_POINT('Origin',(14.6,-1.28,0.));
#7524=CARTESIAN_POINT('',(15.22,-1.28,-1.));
#7525=CARTESIAN_POINT('Origin',(14.6,-1.28,-1.));
#7526=CARTESIAN_POINT('',(15.22,-1.28,0.2));
#7527=CARTESIAN_POINT('',(15.22,-1.28,0.));
#7528=CARTESIAN_POINT('Origin',(14.6,-1.28,0.2));
#7529=CARTESIAN_POINT('Origin',(13.7,10.8,-1.4));
#7530=CARTESIAN_POINT('',(13.7,10.72,-2.4));
#7531=CARTESIAN_POINT('',(13.7,10.72,-0.9625));
#7532=CARTESIAN_POINT('',(13.7,11.72,-1.4));
#7533=CARTESIAN_POINT('Origin',(14.6,10.72,0.));
#7534=CARTESIAN_POINT('',(14.6,10.72,-1.));
#7535=CARTESIAN_POINT('',(13.3,10.72,-1.));
#7536=CARTESIAN_POINT('',(14.6,10.72,0.2));
#7537=CARTESIAN_POINT('',(14.6,10.72,0.2));
#7538=CARTESIAN_POINT('',(14.6,10.72,0.));
#7539=CARTESIAN_POINT('Origin',(14.6,10.72,0.));
#7540=CARTESIAN_POINT('',(10.6,10.72,-2.4));
#7541=CARTESIAN_POINT('',(12.45,10.72,-2.4));
#7542=CARTESIAN_POINT('',(10.6,10.72,-1.4));
#7543=CARTESIAN_POINT('',(10.6,10.72,-0.9625));
#7544=CARTESIAN_POINT('',(13.4,10.72,-1.4));
#7545=CARTESIAN_POINT('',(13.3,10.72,-1.4));
#7546=CARTESIAN_POINT('',(13.4,10.72,-2.4));
#7547=CARTESIAN_POINT('',(13.4,10.72,-0.9625));
#7548=CARTESIAN_POINT('',(14.,10.72,-2.4));
#7549=CARTESIAN_POINT('',(14.6,10.72,-2.6));
#7550=CARTESIAN_POINT('',(14.6,10.72,0.));
#7551=CARTESIAN_POINT('',(14.6,10.72,-2.6));
#7552=CARTESIAN_POINT('Origin',(14.6,10.1,0.));
#7553=CARTESIAN_POINT('',(15.22,10.1,-2.6));
#7554=CARTESIAN_POINT('',(15.22,10.1,0.));
#7555=CARTESIAN_POINT('Origin',(14.6,10.1,-2.6));
#7556=CARTESIAN_POINT('Origin',(15.22,-1.28,0.));
#7557=CARTESIAN_POINT('',(15.22,-1.28,-2.6));
#7558=CARTESIAN_POINT('',(15.22,7.1,-2.4));
#7559=CARTESIAN_POINT('',(15.22,7.1,-0.9625));
#7560=CARTESIAN_POINT('',(15.22,6.5,-2.4));
#7561=CARTESIAN_POINT('',(15.22,2.76,-2.4));
#7562=CARTESIAN_POINT('',(15.22,6.5,-1.4));
#7563=CARTESIAN_POINT('',(15.22,6.5,-0.9625));
#7564=CARTESIAN_POINT('',(15.22,4.,-1.4));
#7565=CARTESIAN_POINT('',(15.22,1.985,-1.4));
#7566=CARTESIAN_POINT('',(15.22,4.,-2.4));
#7567=CARTESIAN_POINT('',(15.22,4.,-0.9625));
#7568=CARTESIAN_POINT('',(15.22,3.4,-2.4));
#7569=CARTESIAN_POINT('',(15.22,1.21,-2.4));
#7570=CARTESIAN_POINT('',(15.22,3.4,-0.9625));
#7571=CARTESIAN_POINT('Origin',(15.22,-1.28,0.));
#7572=CARTESIAN_POINT('',(15.22,10.1,-1.));
#7573=CARTESIAN_POINT('',(15.22,1.5650000667572,-1.));
#7574=CARTESIAN_POINT('',(15.22,10.1,0.2));
#7575=CARTESIAN_POINT('',(15.22,10.1,0.));
#7576=CARTESIAN_POINT('',(15.22,-1.28,0.2));
#7577=CARTESIAN_POINT('',(15.22,1.3,-0.65));
#7578=CARTESIAN_POINT('',(15.22,1.1,-0.65));
#7579=CARTESIAN_POINT('',(15.22,-0.0900000000000015,-0.65));
#7580=CARTESIAN_POINT('',(15.22,1.1,-0.15));
#7581=CARTESIAN_POINT('',(15.22,1.1,-0.075));
#7582=CARTESIAN_POINT('',(15.22,1.3,-0.15));
#7583=CARTESIAN_POINT('',(15.22,0.00999999999999845,-0.15));
#7584=CARTESIAN_POINT('',(15.22,1.3,-0.325));
#7585=CARTESIAN_POINT('',(15.22,1.9,-0.65));
#7586=CARTESIAN_POINT('',(15.22,1.7,-0.65));
#7587=CARTESIAN_POINT('',(15.22,0.209999999999999,-0.65));
#7588=CARTESIAN_POINT('',(15.22,1.7,-0.15));
#7589=CARTESIAN_POINT('',(15.22,1.7,-0.075));
#7590=CARTESIAN_POINT('',(15.22,1.9,-0.15));
#7591=CARTESIAN_POINT('',(15.22,0.309999999999998,-0.15));
#7592=CARTESIAN_POINT('',(15.22,1.9,-0.325));
#7593=CARTESIAN_POINT('',(15.22,2.5,-0.65));
#7594=CARTESIAN_POINT('',(15.22,2.3,-0.65));
#7595=CARTESIAN_POINT('',(15.22,0.509999999999999,-0.65));
#7596=CARTESIAN_POINT('',(15.22,2.3,-0.15));
#7597=CARTESIAN_POINT('',(15.22,2.3,-0.075));
#7598=CARTESIAN_POINT('',(15.22,2.5,-0.15));
#7599=CARTESIAN_POINT('',(15.22,0.609999999999998,-0.15));
#7600=CARTESIAN_POINT('',(15.22,2.5,-0.325));
#7601=CARTESIAN_POINT('',(15.22,4.,-0.425));
#7602=CARTESIAN_POINT('Origin',(15.22,4.,-0.5));
#7603=CARTESIAN_POINT('',(15.22,3.7,-0.425));
#7604=CARTESIAN_POINT('Origin',(15.22,3.7,-0.5));
#7605=CARTESIAN_POINT('',(15.22,3.1,-0.175));
#7606=CARTESIAN_POINT('Origin',(15.22,3.1,-0.25));
#7607=CARTESIAN_POINT('',(15.22,3.4,-0.175));
#7608=CARTESIAN_POINT('Origin',(15.22,3.4,-0.25));
#7609=CARTESIAN_POINT('',(15.22,3.1,-0.425));
#7610=CARTESIAN_POINT('Origin',(15.22,3.1,-0.5));
#7611=CARTESIAN_POINT('',(15.22,3.4,-0.425));
#7612=CARTESIAN_POINT('Origin',(15.22,3.4,-0.5));
#7613=CARTESIAN_POINT('',(15.22,3.7,-0.175));
#7614=CARTESIAN_POINT('Origin',(15.22,3.7,-0.25));
#7615=CARTESIAN_POINT('',(15.22,4.,-0.175));
#7616=CARTESIAN_POINT('Origin',(15.22,4.,-0.25));
#7617=CARTESIAN_POINT('Origin',(9.1,0.38,-2.45));
#7618=CARTESIAN_POINT('',(9.13,0.380000000000001,-2.4));
#7619=CARTESIAN_POINT('',(9.13,0.38,-0.0300000000000002));
#7620=CARTESIAN_POINT('',(9.13,0.38,-1.225));
#7621=CARTESIAN_POINT('',(14.87,0.38,-2.4));
#7622=CARTESIAN_POINT('',(10.55,0.38,-2.4));
#7623=CARTESIAN_POINT('',(14.87,0.38,-0.0300000000000002));
#7624=CARTESIAN_POINT('',(14.87,0.380000000000001,-1.225));
#7625=CARTESIAN_POINT('',(9.1,0.38,-0.0300000000000002));
#7626=CARTESIAN_POINT('Origin',(12.,0.435,-0.0300000000000002));
#7627=CARTESIAN_POINT('',(9.13,0.49,-0.0300000000000002));
#7628=CARTESIAN_POINT('',(9.13,-0.4975,-0.0300000000000002));
#7629=CARTESIAN_POINT('',(14.87,0.49,-0.0300000000000002));
#7630=CARTESIAN_POINT('',(14.87,5.2675,-0.0300000000000002));
#7631=CARTESIAN_POINT('',(14.9,0.49,-0.0300000000000002));
#7632=CARTESIAN_POINT('Origin',(14.9,0.49,-2.45));
#7633=CARTESIAN_POINT('',(9.13,0.49,-2.4));
#7634=CARTESIAN_POINT('',(9.13,0.49,-1.225));
#7635=CARTESIAN_POINT('',(14.87,0.49,-2.4));
#7636=CARTESIAN_POINT('',(14.87,0.49,-1.225));
#7637=CARTESIAN_POINT('',(13.45,0.49,-2.4));
#7638=CARTESIAN_POINT('Origin',(14.87,10.1,0.));
#7639=CARTESIAN_POINT('',(14.87,-0.989999999999998,-2.4));
#7640=CARTESIAN_POINT('',(14.87,-1.43,-2.4));
#7641=CARTESIAN_POINT('',(14.87,-0.989999999999998,0.));
#7642=CARTESIAN_POINT('',(14.87,-0.989999999999998,0.));
#7643=CARTESIAN_POINT('',(14.87,9.81,0.));
#7644=CARTESIAN_POINT('',(14.87,7.255,0.));
#7645=CARTESIAN_POINT('',(14.87,9.81,-2.4));
#7646=CARTESIAN_POINT('',(14.87,9.81,0.));
#7647=CARTESIAN_POINT('',(14.87,3.75,-2.4));
#7648=CARTESIAN_POINT('',(14.87,-1.43,-2.4));
#7649=CARTESIAN_POINT('',(14.87,3.75,-2.15));
#7650=CARTESIAN_POINT('',(14.87,3.75,-1.2));
#7651=CARTESIAN_POINT('',(14.87,3.45,-2.15));
#7652=CARTESIAN_POINT('',(14.87,6.85,-2.15));
#7653=CARTESIAN_POINT('',(14.87,3.45,-2.4));
#7654=CARTESIAN_POINT('',(14.87,3.45,-1.2));
#7655=CARTESIAN_POINT('',(14.87,2.35,-2.4));
#7656=CARTESIAN_POINT('',(14.87,-1.43,-2.4));
#7657=CARTESIAN_POINT('',(14.87,2.35,-2.15));
#7658=CARTESIAN_POINT('',(14.87,2.35,-1.2));
#7659=CARTESIAN_POINT('',(14.87,2.05,-2.15));
#7660=CARTESIAN_POINT('',(14.87,6.15,-2.15));
#7661=CARTESIAN_POINT('',(14.87,2.05,-2.4));
#7662=CARTESIAN_POINT('',(14.87,2.05,-1.2));
#7663=CARTESIAN_POINT('',(14.87,-1.43,-2.4));
#7664=CARTESIAN_POINT('',(14.87,1.1,-0.65));
#7665=CARTESIAN_POINT('',(14.87,1.3,-0.65));
#7666=CARTESIAN_POINT('',(14.87,5.6,-0.65));
#7667=CARTESIAN_POINT('',(14.87,1.3,-0.15));
#7668=CARTESIAN_POINT('',(14.87,1.3,-0.325));
#7669=CARTESIAN_POINT('',(14.87,1.1,-0.15));
#7670=CARTESIAN_POINT('',(14.87,5.7,-0.15));
#7671=CARTESIAN_POINT('',(14.87,1.1,-0.075));
#7672=CARTESIAN_POINT('',(14.87,1.7,-0.65));
#7673=CARTESIAN_POINT('',(14.87,1.9,-0.65));
#7674=CARTESIAN_POINT('',(14.87,5.9,-0.65));
#7675=CARTESIAN_POINT('',(14.87,1.9,-0.15));
#7676=CARTESIAN_POINT('',(14.87,1.9,-0.325));
#7677=CARTESIAN_POINT('',(14.87,1.7,-0.15));
#7678=CARTESIAN_POINT('',(14.87,6.,-0.15));
#7679=CARTESIAN_POINT('',(14.87,1.7,-0.075));
#7680=CARTESIAN_POINT('',(14.87,2.3,-0.65));
#7681=CARTESIAN_POINT('',(14.87,2.5,-0.65));
#7682=CARTESIAN_POINT('',(14.87,6.2,-0.65));
#7683=CARTESIAN_POINT('',(14.87,2.5,-0.15));
#7684=CARTESIAN_POINT('',(14.87,2.5,-0.325));
#7685=CARTESIAN_POINT('',(14.87,2.3,-0.15));
#7686=CARTESIAN_POINT('',(14.87,6.3,-0.15));
#7687=CARTESIAN_POINT('',(14.87,2.3,-0.075));
#7688=CARTESIAN_POINT('',(14.87,4.,-0.425));
#7689=CARTESIAN_POINT('Origin',(14.87,4.,-0.5));
#7690=CARTESIAN_POINT('',(14.87,3.7,-0.425));
#7691=CARTESIAN_POINT('Origin',(14.87,3.7,-0.5));
#7692=CARTESIAN_POINT('',(14.87,3.1,-0.175));
#7693=CARTESIAN_POINT('Origin',(14.87,3.1,-0.25));
#7694=CARTESIAN_POINT('',(14.87,3.4,-0.175));
#7695=CARTESIAN_POINT('Origin',(14.87,3.4,-0.25));
#7696=CARTESIAN_POINT('',(14.87,3.1,-0.425));
#7697=CARTESIAN_POINT('Origin',(14.87,3.1,-0.5));
#7698=CARTESIAN_POINT('',(14.87,3.4,-0.425));
#7699=CARTESIAN_POINT('Origin',(14.87,3.4,-0.5));
#7700=CARTESIAN_POINT('',(14.87,3.7,-0.175));
#7701=CARTESIAN_POINT('Origin',(14.87,3.7,-0.25));
#7702=CARTESIAN_POINT('',(14.87,4.,-0.175));
#7703=CARTESIAN_POINT('Origin',(14.87,4.,-0.25));
#7704=CARTESIAN_POINT('Origin',(12.,4.335,-2.4));
#7705=CARTESIAN_POINT('',(9.13,-0.99,-2.4));
#7706=CARTESIAN_POINT('',(9.13,10.1,-2.4));
#7707=CARTESIAN_POINT('',(9.65,-1.57641016151378,-2.4));
#7708=CARTESIAN_POINT('Origin',(9.45,-1.23,-2.4));
#7709=CARTESIAN_POINT('',(9.65,-1.7,-2.4));
#7710=CARTESIAN_POINT('',(9.65,1.5525,-2.4));
#7711=CARTESIAN_POINT('',(14.35,-1.7,-2.4));
#7712=CARTESIAN_POINT('',(9.4,-1.7,-2.4));
#7713=CARTESIAN_POINT('',(14.35,-1.57641016151378,-2.4));
#7714=CARTESIAN_POINT('',(14.35,1.2925,-2.4));
#7715=CARTESIAN_POINT('Origin',(14.55,-1.23,-2.4));
#7716=CARTESIAN_POINT('Origin',(12.,4.335,-2.4));
#7717=CARTESIAN_POINT('',(14.82,2.05,-2.4));
#7718=CARTESIAN_POINT('',(12.985,2.05,-2.4));
#7719=CARTESIAN_POINT('',(14.82,1.69,-2.4));
#7720=CARTESIAN_POINT('',(14.82,3.0125,-2.4));
#7721=CARTESIAN_POINT('',(14.72,1.59,-2.4));
#7722=CARTESIAN_POINT('Origin',(14.72,1.69,-2.4));
#7723=CARTESIAN_POINT('',(14.17,1.59,-2.4));
#7724=CARTESIAN_POINT('',(13.085,1.59,-2.4));
#7725=CARTESIAN_POINT('',(14.07,1.69,-2.4));
#7726=CARTESIAN_POINT('Origin',(14.17,1.69,-2.4));
#7727=CARTESIAN_POINT('',(14.07,2.05,-2.4));
#7728=CARTESIAN_POINT('',(14.07,4.2125,-2.4));
#7729=CARTESIAN_POINT('',(13.97,2.05,-2.4));
#7730=CARTESIAN_POINT('',(12.985,2.05,-2.4));
#7731=CARTESIAN_POINT('',(13.97,2.35,-2.4));
#7732=CARTESIAN_POINT('',(13.97,3.3425,-2.4));
#7733=CARTESIAN_POINT('',(14.07,2.35,-2.4));
#7734=CARTESIAN_POINT('',(13.46,2.35,-2.4));
#7735=CARTESIAN_POINT('',(14.07,3.45,-2.4));
#7736=CARTESIAN_POINT('',(14.07,4.2125,-2.4));
#7737=CARTESIAN_POINT('',(13.97,3.45,-2.4));
#7738=CARTESIAN_POINT('',(12.985,3.45,-2.4));
#7739=CARTESIAN_POINT('',(13.97,3.75,-2.4));
#7740=CARTESIAN_POINT('',(13.97,4.0425,-2.4));
#7741=CARTESIAN_POINT('',(14.07,3.75,-2.4));
#7742=CARTESIAN_POINT('',(13.46,3.75,-2.4));
#7743=CARTESIAN_POINT('',(14.07,4.09,-2.4));
#7744=CARTESIAN_POINT('',(14.07,4.2125,-2.4));
#7745=CARTESIAN_POINT('',(14.17,4.19,-2.4));
#7746=CARTESIAN_POINT('Origin',(14.17,4.09,-2.4));
#7747=CARTESIAN_POINT('',(14.72,4.19,-2.4));
#7748=CARTESIAN_POINT('',(13.36,4.19,-2.4));
#7749=CARTESIAN_POINT('',(14.82,4.09,-2.4));
#7750=CARTESIAN_POINT('Origin',(14.72,4.09,-2.4));
#7751=CARTESIAN_POINT('',(14.82,3.75,-2.4));
#7752=CARTESIAN_POINT('',(14.82,3.0125,-2.4));
#7753=CARTESIAN_POINT('',(13.46,3.75,-2.4));
#7754=CARTESIAN_POINT('',(14.31,10.37,-2.4));
#7755=CARTESIAN_POINT('Origin',(14.55,10.05,-2.4));
#7756=CARTESIAN_POINT('',(9.69,10.37,-2.4));
#7757=CARTESIAN_POINT('',(14.6,10.37,-2.4));
#7758=CARTESIAN_POINT('',(9.13,9.81,-2.4));
#7759=CARTESIAN_POINT('Origin',(9.45,10.05,-2.4));
#7760=CARTESIAN_POINT('',(9.13,10.1,-2.4));
#7761=CARTESIAN_POINT('',(14.07,4.88,-2.4));
#7762=CARTESIAN_POINT('',(14.07,5.78,-2.4));
#7763=CARTESIAN_POINT('',(14.07,5.0575,-2.4));
#7764=CARTESIAN_POINT('',(14.17,5.88,-2.4));
#7765=CARTESIAN_POINT('Origin',(14.17,5.78,-2.4));
#7766=CARTESIAN_POINT('',(14.72,5.88,-2.4));
#7767=CARTESIAN_POINT('',(13.36,5.88,-2.4));
#7768=CARTESIAN_POINT('',(14.82,5.78,-2.4));
#7769=CARTESIAN_POINT('Origin',(14.72,5.78,-2.4));
#7770=CARTESIAN_POINT('',(14.82,4.88,-2.4));
#7771=CARTESIAN_POINT('',(14.82,4.6075,-2.4));
#7772=CARTESIAN_POINT('',(14.72,4.78,-2.4));
#7773=CARTESIAN_POINT('Origin',(14.72,4.88,-2.4));
#7774=CARTESIAN_POINT('',(14.17,4.78,-2.4));
#7775=CARTESIAN_POINT('',(13.085,4.78,-2.4));
#7776=CARTESIAN_POINT('Origin',(14.17,4.88,-2.4));
#7777=CARTESIAN_POINT('',(9.18,1.69,-2.4));
#7778=CARTESIAN_POINT('',(9.18,4.09,-2.4));
#7779=CARTESIAN_POINT('',(9.18,4.2125,-2.4));
#7780=CARTESIAN_POINT('',(9.28,4.19,-2.4));
#7781=CARTESIAN_POINT('Origin',(9.28,4.09,-2.4));
#7782=CARTESIAN_POINT('',(9.83,4.19,-2.4));
#7783=CARTESIAN_POINT('',(10.915,4.19,-2.4));
#7784=CARTESIAN_POINT('',(9.93,4.09,-2.4));
#7785=CARTESIAN_POINT('Origin',(9.83,4.09,-2.4));
#7786=CARTESIAN_POINT('',(9.93,1.69,-2.4));
#7787=CARTESIAN_POINT('',(9.93,3.0125,-2.4));
#7788=CARTESIAN_POINT('',(9.83,1.59,-2.4));
#7789=CARTESIAN_POINT('Origin',(9.83,1.69,-2.4));
#7790=CARTESIAN_POINT('',(9.28,1.59,-2.4));
#7791=CARTESIAN_POINT('',(10.64,1.59,-2.4));
#7792=CARTESIAN_POINT('Origin',(9.28,1.69,-2.4));
#7793=CARTESIAN_POINT('',(9.18,4.88,-2.4));
#7794=CARTESIAN_POINT('',(9.18,5.78,-2.4));
#7795=CARTESIAN_POINT('',(9.18,5.0575,-2.4));
#7796=CARTESIAN_POINT('',(9.28,5.88,-2.4));
#7797=CARTESIAN_POINT('Origin',(9.28,5.78,-2.4));
#7798=CARTESIAN_POINT('',(9.83,5.88,-2.4));
#7799=CARTESIAN_POINT('',(10.915,5.88,-2.4));
#7800=CARTESIAN_POINT('',(9.93,5.78,-2.4));
#7801=CARTESIAN_POINT('Origin',(9.83,5.78,-2.4));
#7802=CARTESIAN_POINT('',(9.93,4.88,-2.4));
#7803=CARTESIAN_POINT('',(9.93,4.6075,-2.4));
#7804=CARTESIAN_POINT('',(9.83,4.78,-2.4));
#7805=CARTESIAN_POINT('Origin',(9.83,4.88,-2.4));
#7806=CARTESIAN_POINT('',(9.28,4.78,-2.4));
#7807=CARTESIAN_POINT('',(10.64,4.78,-2.4));
#7808=CARTESIAN_POINT('Origin',(9.28,4.88,-2.4));
#7809=CARTESIAN_POINT('Origin',(13.97,3.45,-2.4));
#7810=CARTESIAN_POINT('',(13.97,3.45,-2.15));
#7811=CARTESIAN_POINT('',(13.97,3.45,-2.15));
#7812=CARTESIAN_POINT('',(13.97,3.45,-2.4));
#7813=CARTESIAN_POINT('',(14.82,3.45,-2.4));
#7814=CARTESIAN_POINT('',(13.97,3.45,-2.4));
#7815=CARTESIAN_POINT('',(12.985,3.45,-2.4));
#7816=CARTESIAN_POINT('Origin',(14.445,3.6,-2.4));
#7817=CARTESIAN_POINT('',(14.82,3.0125,-2.4));
#7818=CARTESIAN_POINT('',(14.07,4.2125,-2.4));
#7819=CARTESIAN_POINT('',(14.92,3.75,-2.4));
#7820=CARTESIAN_POINT('Origin',(14.92,3.75,-2.4));
#7821=CARTESIAN_POINT('',(13.97,3.75,-2.15));
#7822=CARTESIAN_POINT('',(13.97,3.75,-2.4));
#7823=CARTESIAN_POINT('',(14.92,3.75,-2.15));
#7824=CARTESIAN_POINT('Origin',(13.97,3.75,-2.4));
#7825=CARTESIAN_POINT('',(13.97,3.75,-2.15));
#7826=CARTESIAN_POINT('Origin',(14.445,3.6,-2.15));
#7827=CARTESIAN_POINT('Origin',(12.,4.335,-2.4));
#7828=CARTESIAN_POINT('',(14.82,2.35,-2.4));
#7829=CARTESIAN_POINT('',(14.82,3.0125,-2.4));
#7830=CARTESIAN_POINT('',(13.46,2.35,-2.4));
#7831=CARTESIAN_POINT('Origin',(14.92,2.35,-2.4));
#7832=CARTESIAN_POINT('',(14.92,2.35,-2.4));
#7833=CARTESIAN_POINT('',(13.97,2.35,-2.15));
#7834=CARTESIAN_POINT('',(13.97,2.35,-2.4));
#7835=CARTESIAN_POINT('',(14.92,2.35,-2.15));
#7836=CARTESIAN_POINT('Origin',(14.445,2.2,-2.4));
#7837=CARTESIAN_POINT('',(14.82,3.0125,-2.4));
#7838=CARTESIAN_POINT('',(13.97,2.05,-2.4));
#7839=CARTESIAN_POINT('',(14.07,4.2125,-2.4));
#7840=CARTESIAN_POINT('Origin',(13.97,2.05,-2.4));
#7841=CARTESIAN_POINT('',(13.97,2.05,-2.15));
#7842=CARTESIAN_POINT('',(13.97,2.05,-2.15));
#7843=CARTESIAN_POINT('',(13.97,2.05,-2.4));
#7844=CARTESIAN_POINT('Origin',(13.97,2.35,-2.4));
#7845=CARTESIAN_POINT('',(13.97,2.35,-2.15));
#7846=CARTESIAN_POINT('Origin',(14.445,2.2,-2.15));
#7847=CARTESIAN_POINT('Origin',(8.305,6.5,-1.925));
#7848=CARTESIAN_POINT('',(8.78,6.5,-1.4));
#7849=CARTESIAN_POINT('',(8.78,6.5,-2.4));
#7850=CARTESIAN_POINT('',(8.78,6.5,-0.9625));
#7851=CARTESIAN_POINT('',(7.78,6.5,-1.4));
#7852=CARTESIAN_POINT('',(8.3475,6.5,-1.4));
#7853=CARTESIAN_POINT('',(7.78,6.5,-1.4));
#7854=CARTESIAN_POINT('Origin',(8.83,6.8,-2.45));
#7855=CARTESIAN_POINT('',(8.78,7.1,-2.4));
#7856=CARTESIAN_POINT('',(8.78,8.45,-2.4));
#7857=CARTESIAN_POINT('',(7.78,6.65,-1.4));
#7858=CARTESIAN_POINT('',(7.78,6.65,-1.4));
#7859=CARTESIAN_POINT('',(7.78,6.8,-1.4));
#7860=CARTESIAN_POINT('',(7.78,7.1,-1.4));
#7861=CARTESIAN_POINT('Origin',(8.305,7.1,-1.925));
#7862=CARTESIAN_POINT('',(8.78,7.1,-0.9625));
#7863=CARTESIAN_POINT('Origin',(8.39,5.25,-1.4));
#7864=CARTESIAN_POINT('',(8.78,4.,-1.4));
#7865=CARTESIAN_POINT('',(8.78,7.675,-1.4));
#7866=CARTESIAN_POINT('',(7.78,4.,-1.4));
#7867=CARTESIAN_POINT('',(8.3475,4.,-1.4));
#7868=CARTESIAN_POINT('',(7.78,6.65,-1.4));
#7869=CARTESIAN_POINT('Origin',(8.78,10.1,0.));
#7870=CARTESIAN_POINT('',(8.78,3.4,-2.4));
#7871=CARTESIAN_POINT('',(8.78,3.4,-0.9625));
#7872=CARTESIAN_POINT('',(8.78,4.,-2.4));
#7873=CARTESIAN_POINT('',(8.78,6.9,-2.4));
#7874=CARTESIAN_POINT('',(8.78,4.,-0.9625));
#7875=CARTESIAN_POINT('',(8.78,-1.28,-2.6));
#7876=CARTESIAN_POINT('',(8.78,10.1,-2.6));
#7877=CARTESIAN_POINT('',(8.78,-1.28,0.));
#7878=CARTESIAN_POINT('Origin',(16.22,6.8,-1.4));
#7879=CARTESIAN_POINT('',(16.22,7.1,-1.4));
#7880=CARTESIAN_POINT('',(16.22,6.65,-1.4));
#7881=CARTESIAN_POINT('',(16.22,6.8,-1.4));
#7882=CARTESIAN_POINT('',(16.22,6.5,-1.4));
#7883=CARTESIAN_POINT('',(16.22,3.85,-1.4));
#7884=CARTESIAN_POINT('',(16.22,6.5,-1.4));
#7885=CARTESIAN_POINT('Origin',(15.695,7.1,-1.925));
#7886=CARTESIAN_POINT('Origin',(15.695,6.5,-1.925));
#7887=CARTESIAN_POINT('',(15.6525,6.5,-1.4));
#7888=CARTESIAN_POINT('Origin',(8.305,3.4,-1.925));
#7889=CARTESIAN_POINT('',(7.78,3.4,-1.4));
#7890=CARTESIAN_POINT('Origin',(8.83,3.7,-2.45));
#7891=CARTESIAN_POINT('',(7.78,3.85,-1.4));
#7892=CARTESIAN_POINT('',(7.78,3.7,-1.4));
#7893=CARTESIAN_POINT('',(7.78,6.65,-1.4));
#7894=CARTESIAN_POINT('',(7.78,4.,-1.4));
#7895=CARTESIAN_POINT('Origin',(8.305,4.,-1.925));
#7896=CARTESIAN_POINT('Origin',(15.695,4.,-1.925));
#7897=CARTESIAN_POINT('',(16.22,4.,-1.4));
#7898=CARTESIAN_POINT('',(15.6525,4.,-1.4));
#7899=CARTESIAN_POINT('',(16.22,4.,-1.4));
#7900=CARTESIAN_POINT('Origin',(15.695,3.4,-1.925));
#7901=CARTESIAN_POINT('',(16.22,3.4,-1.4));
#7902=CARTESIAN_POINT('Origin',(16.22,3.7,-1.4));
#7903=CARTESIAN_POINT('',(16.22,3.85,-1.4));
#7904=CARTESIAN_POINT('',(16.22,3.85,-1.4));
#7905=CARTESIAN_POINT('',(16.22,3.7,-1.4));
#7906=CARTESIAN_POINT('Origin',(15.61,5.25,-1.4));
#7907=CARTESIAN_POINT('',(16.22,3.85,-1.4));
#7908=CARTESIAN_POINT('Origin',(13.4,10.67,-2.45));
#7909=CARTESIAN_POINT('',(13.4,11.72,-1.4));
#7910=CARTESIAN_POINT('',(13.4,11.72,-1.4));
#7911=CARTESIAN_POINT('',(13.4,11.72,-1.4));
#7912=CARTESIAN_POINT('Origin',(13.4,11.195,-1.925));
#7913=CARTESIAN_POINT('',(13.4,11.1525,-1.4));
#7914=CARTESIAN_POINT('Origin',(12.,11.11,-1.4));
#7915=CARTESIAN_POINT('',(10.6,11.72,-1.4));
#7916=CARTESIAN_POINT('',(10.6,11.1525,-1.4));
#7917=CARTESIAN_POINT('',(13.4,11.72,-1.4));
#7918=CARTESIAN_POINT('Origin',(10.6,11.195,-1.925));
#7919=CARTESIAN_POINT('',(10.6,11.72,-1.4));
#7920=CARTESIAN_POINT('Origin',(10.3,10.67,-2.45));
#7921=CARTESIAN_POINT('',(10.3,11.72,-1.4));
#7922=CARTESIAN_POINT('Origin',(13.4,-2.9,-1.4));
#7923=CARTESIAN_POINT('',(13.7,-1.9,-2.4));
#7924=CARTESIAN_POINT('',(13.4,-1.9,-2.4));
#7925=CARTESIAN_POINT('',(11.4,-1.9,-2.4));
#7926=CARTESIAN_POINT('',(13.7,-2.9,-1.4));
#7927=CARTESIAN_POINT('',(13.4,-2.9,-1.4));
#7928=CARTESIAN_POINT('',(13.4,-2.9,-1.4));
#7929=CARTESIAN_POINT('',(13.4,-2.9,-1.4));
#7930=CARTESIAN_POINT('Origin',(13.4,-2.375,-1.925));
#7931=CARTESIAN_POINT('',(13.4,-1.9,-1.4));
#7932=CARTESIAN_POINT('',(13.4,-1.9,-0.9625));
#7933=CARTESIAN_POINT('',(13.4,-2.35,-1.4));
#7934=CARTESIAN_POINT('Origin',(9.4,-1.9,0.));
#7935=CARTESIAN_POINT('',(9.4,-1.9,-2.6));
#7936=CARTESIAN_POINT('',(9.4,-1.9,0.));
#7937=CARTESIAN_POINT('',(9.4,-1.9,-2.6));
#7938=CARTESIAN_POINT('',(13.7,-1.9,-0.9625));
#7939=CARTESIAN_POINT('',(10.6,-1.9,-1.4));
#7940=CARTESIAN_POINT('',(10.7,-1.9,-1.4));
#7941=CARTESIAN_POINT('',(10.6,-1.9,-2.4));
#7942=CARTESIAN_POINT('',(10.6,-1.9,-0.9625));
#7943=CARTESIAN_POINT('',(10.3,-1.9,-2.4));
#7944=CARTESIAN_POINT('',(9.85,-1.9,-2.4));
#7945=CARTESIAN_POINT('',(10.3,-1.9,-0.9625));
#7946=CARTESIAN_POINT('Origin',(10.6,-2.375,-1.925));
#7947=CARTESIAN_POINT('',(10.6,-2.9,-1.4));
#7948=CARTESIAN_POINT('',(10.6,-2.35,-1.4));
#7949=CARTESIAN_POINT('',(10.6,-2.9,-1.4));
#7950=CARTESIAN_POINT('Origin',(10.3,-2.9,-1.4));
#7951=CARTESIAN_POINT('',(10.3,-2.9,-1.4));
#7952=CARTESIAN_POINT('',(10.3,-2.9,-1.4));
#7953=CARTESIAN_POINT('Origin',(12.5,-1.8,-0.15));
#7954=CARTESIAN_POINT('',(12.5,-1.7,-0.65));
#7955=CARTESIAN_POINT('',(12.5,-1.7,-0.15));
#7956=CARTESIAN_POINT('',(12.5,-1.7,-0.075));
#7957=CARTESIAN_POINT('',(12.5,-1.8,-0.65));
#7958=CARTESIAN_POINT('',(12.5,-1.8,-0.15));
#7959=CARTESIAN_POINT('Origin',(12.3,-1.8,-0.15));
#7960=CARTESIAN_POINT('',(12.3,-1.7,-0.15));
#7961=CARTESIAN_POINT('',(10.85,-1.7,-0.15));
#7962=CARTESIAN_POINT('',(12.3,-1.8,-0.15));
#7963=CARTESIAN_POINT('Origin',(12.3,-1.8,-0.65));
#7964=CARTESIAN_POINT('',(12.3,-1.7,-0.65));
#7965=CARTESIAN_POINT('',(12.3,-1.7,-0.325));
#7966=CARTESIAN_POINT('',(12.3,-1.8,-0.65));
#7967=CARTESIAN_POINT('Origin',(12.5,-1.8,-0.65));
#7968=CARTESIAN_POINT('',(10.95,-1.7,-0.65));
#7969=CARTESIAN_POINT('Origin',(11.7,-1.8,-0.15));
#7970=CARTESIAN_POINT('',(11.7,-1.7,-0.65));
#7971=CARTESIAN_POINT('',(11.7,-1.7,-0.15));
#7972=CARTESIAN_POINT('',(11.7,-1.7,-0.075));
#7973=CARTESIAN_POINT('',(11.7,-1.8,-0.65));
#7974=CARTESIAN_POINT('',(11.7,-1.8,-0.15));
#7975=CARTESIAN_POINT('Origin',(11.5,-1.8,-0.15));
#7976=CARTESIAN_POINT('',(11.5,-1.7,-0.15));
#7977=CARTESIAN_POINT('',(10.45,-1.7,-0.15));
#7978=CARTESIAN_POINT('',(11.5,-1.8,-0.15));
#7979=CARTESIAN_POINT('Origin',(11.5,-1.8,-0.65));
#7980=CARTESIAN_POINT('',(11.5,-1.7,-0.65));
#7981=CARTESIAN_POINT('',(11.5,-1.7,-0.325));
#7982=CARTESIAN_POINT('',(11.5,-1.8,-0.65));
#7983=CARTESIAN_POINT('Origin',(11.7,-1.8,-0.65));
#7984=CARTESIAN_POINT('',(10.55,-1.7,-0.65));
#7985=CARTESIAN_POINT('Origin',(10.9,-1.8,-0.15));
#7986=CARTESIAN_POINT('',(10.9,-1.7,-0.65));
#7987=CARTESIAN_POINT('',(10.9,-1.7,-0.15));
#7988=CARTESIAN_POINT('',(10.9,-1.7,-0.075));
#7989=CARTESIAN_POINT('',(10.9,-1.8,-0.65));
#7990=CARTESIAN_POINT('',(10.9,-1.8,-0.15));
#7991=CARTESIAN_POINT('Origin',(10.7,-1.8,-0.15));
#7992=CARTESIAN_POINT('',(10.7,-1.7,-0.15));
#7993=CARTESIAN_POINT('',(10.05,-1.7,-0.15));
#7994=CARTESIAN_POINT('',(10.7,-1.8,-0.15));
#7995=CARTESIAN_POINT('Origin',(10.7,-1.8,-0.65));
#7996=CARTESIAN_POINT('',(10.7,-1.7,-0.65));
#7997=CARTESIAN_POINT('',(10.7,-1.7,-0.325));
#7998=CARTESIAN_POINT('',(10.7,-1.8,-0.65));
#7999=CARTESIAN_POINT('Origin',(10.9,-1.8,-0.65));
#8000=CARTESIAN_POINT('',(10.15,-1.7,-0.65));
#8001=CARTESIAN_POINT('Origin',(13.3,-1.8,-0.15));
#8002=CARTESIAN_POINT('',(13.3,-1.7,-0.65));
#8003=CARTESIAN_POINT('',(13.3,-1.7,-0.15));
#8004=CARTESIAN_POINT('',(13.3,-1.7,-0.075));
#8005=CARTESIAN_POINT('',(13.3,-1.8,-0.65));
#8006=CARTESIAN_POINT('',(13.3,-1.8,-0.15));
#8007=CARTESIAN_POINT('Origin',(13.1,-1.8,-0.15));
#8008=CARTESIAN_POINT('',(13.1,-1.7,-0.15));
#8009=CARTESIAN_POINT('',(11.25,-1.7,-0.15));
#8010=CARTESIAN_POINT('',(13.1,-1.8,-0.15));
#8011=CARTESIAN_POINT('Origin',(13.1,-1.8,-0.65));
#8012=CARTESIAN_POINT('',(13.1,-1.7,-0.65));
#8013=CARTESIAN_POINT('',(13.1,-1.7,-0.325));
#8014=CARTESIAN_POINT('',(13.1,-1.8,-0.65));
#8015=CARTESIAN_POINT('Origin',(13.3,-1.8,-0.65));
#8016=CARTESIAN_POINT('',(11.35,-1.7,-0.65));
#8017=CARTESIAN_POINT('Origin',(14.6,1.3,-0.15));
#8018=CARTESIAN_POINT('',(14.6,1.3,-0.15));
#8019=CARTESIAN_POINT('',(14.6,1.1,-0.15));
#8020=CARTESIAN_POINT('Origin',(14.6,1.1,-0.15));
#8021=CARTESIAN_POINT('',(14.6,1.1,-0.65));
#8022=CARTESIAN_POINT('Origin',(14.6,1.1,-0.65));
#8023=CARTESIAN_POINT('',(14.6,1.3,-0.65));
#8024=CARTESIAN_POINT('Origin',(14.6,1.3,-0.65));
#8025=CARTESIAN_POINT('Origin',(14.6,1.9,-0.15));
#8026=CARTESIAN_POINT('',(14.6,1.9,-0.15));
#8027=CARTESIAN_POINT('',(14.6,1.7,-0.15));
#8028=CARTESIAN_POINT('Origin',(14.6,1.7,-0.15));
#8029=CARTESIAN_POINT('',(14.6,1.7,-0.65));
#8030=CARTESIAN_POINT('Origin',(14.6,1.7,-0.65));
#8031=CARTESIAN_POINT('',(14.6,1.9,-0.65));
#8032=CARTESIAN_POINT('Origin',(14.6,1.9,-0.65));
#8033=CARTESIAN_POINT('Origin',(14.6,2.5,-0.15));
#8034=CARTESIAN_POINT('',(14.6,2.5,-0.15));
#8035=CARTESIAN_POINT('',(14.6,2.3,-0.15));
#8036=CARTESIAN_POINT('Origin',(14.6,2.3,-0.15));
#8037=CARTESIAN_POINT('',(14.6,2.3,-0.65));
#8038=CARTESIAN_POINT('Origin',(14.6,2.3,-0.65));
#8039=CARTESIAN_POINT('',(14.6,2.5,-0.65));
#8040=CARTESIAN_POINT('Origin',(14.6,2.5,-0.65));
#8041=CARTESIAN_POINT('Origin',(8.4,1.3,-0.15));
#8042=CARTESIAN_POINT('',(9.13,1.1,-0.15));
#8043=CARTESIAN_POINT('',(9.13,1.3,-0.15));
#8044=CARTESIAN_POINT('',(9.13,-0.0649999999999998,-0.15));
#8045=CARTESIAN_POINT('',(8.4,1.1,-0.15));
#8046=CARTESIAN_POINT('',(8.4,1.3,-0.15));
#8047=CARTESIAN_POINT('Origin',(8.4,1.3,-0.65));
#8048=CARTESIAN_POINT('',(9.13,1.3,-0.65));
#8049=CARTESIAN_POINT('',(9.13,1.3,-0.325));
#8050=CARTESIAN_POINT('',(8.4,1.3,-0.65));
#8051=CARTESIAN_POINT('Origin',(8.4,1.1,-0.65));
#8052=CARTESIAN_POINT('',(9.13,1.1,-0.65));
#8053=CARTESIAN_POINT('',(9.13,-0.165,-0.65));
#8054=CARTESIAN_POINT('',(8.4,1.1,-0.65));
#8055=CARTESIAN_POINT('Origin',(8.4,1.1,-0.15));
#8056=CARTESIAN_POINT('',(9.13,1.1,-0.075));
#8057=CARTESIAN_POINT('Origin',(8.4,1.9,-0.15));
#8058=CARTESIAN_POINT('',(9.13,1.7,-0.15));
#8059=CARTESIAN_POINT('',(9.13,1.9,-0.15));
#8060=CARTESIAN_POINT('',(9.13,0.235,-0.15));
#8061=CARTESIAN_POINT('',(8.4,1.7,-0.15));
#8062=CARTESIAN_POINT('',(8.4,1.9,-0.15));
#8063=CARTESIAN_POINT('Origin',(8.4,1.9,-0.65));
#8064=CARTESIAN_POINT('',(9.13,1.9,-0.65));
#8065=CARTESIAN_POINT('',(9.13,1.9,-0.325));
#8066=CARTESIAN_POINT('',(8.4,1.9,-0.65));
#8067=CARTESIAN_POINT('Origin',(8.4,1.7,-0.65));
#8068=CARTESIAN_POINT('',(9.13,1.7,-0.65));
#8069=CARTESIAN_POINT('',(9.13,0.135,-0.65));
#8070=CARTESIAN_POINT('',(8.4,1.7,-0.65));
#8071=CARTESIAN_POINT('Origin',(8.4,1.7,-0.15));
#8072=CARTESIAN_POINT('',(9.13,1.7,-0.075));
#8073=CARTESIAN_POINT('Origin',(8.4,2.5,-0.15));
#8074=CARTESIAN_POINT('',(9.13,2.3,-0.15));
#8075=CARTESIAN_POINT('',(9.13,2.5,-0.15));
#8076=CARTESIAN_POINT('',(9.13,0.535,-0.15));
#8077=CARTESIAN_POINT('',(8.4,2.3,-0.15));
#8078=CARTESIAN_POINT('',(8.4,2.5,-0.15));
#8079=CARTESIAN_POINT('Origin',(8.4,2.5,-0.65));
#8080=CARTESIAN_POINT('',(9.13,2.5,-0.65));
#8081=CARTESIAN_POINT('',(9.13,2.5,-0.325));
#8082=CARTESIAN_POINT('',(8.4,2.5,-0.65));
#8083=CARTESIAN_POINT('Origin',(8.4,2.3,-0.65));
#8084=CARTESIAN_POINT('',(9.13,2.3,-0.65));
#8085=CARTESIAN_POINT('',(9.13,0.435,-0.65));
#8086=CARTESIAN_POINT('',(8.4,2.3,-0.65));
#8087=CARTESIAN_POINT('Origin',(8.4,2.3,-0.15));
#8088=CARTESIAN_POINT('',(9.13,2.3,-0.075));
#8089=CARTESIAN_POINT('Origin',(14.6,4.,-0.25));
#8090=CARTESIAN_POINT('',(14.6,4.,-0.175));
#8091=CARTESIAN_POINT('Origin',(14.6,3.7,-0.25));
#8092=CARTESIAN_POINT('',(14.6,3.7,-0.175));
#8093=CARTESIAN_POINT('Origin',(14.6,3.4,-0.5));
#8094=CARTESIAN_POINT('',(14.6,3.4,-0.425));
#8095=CARTESIAN_POINT('Origin',(14.6,3.1,-0.5));
#8096=CARTESIAN_POINT('',(14.6,3.1,-0.425));
#8097=CARTESIAN_POINT('Origin',(14.6,3.4,-0.25));
#8098=CARTESIAN_POINT('',(14.6,3.4,-0.175));
#8099=CARTESIAN_POINT('Origin',(14.6,3.1,-0.25));
#8100=CARTESIAN_POINT('',(14.6,3.1,-0.175));
#8101=CARTESIAN_POINT('Origin',(14.6,3.7,-0.5));
#8102=CARTESIAN_POINT('',(14.6,3.7,-0.425));
#8103=CARTESIAN_POINT('Origin',(14.6,4.,-0.5));
#8104=CARTESIAN_POINT('',(14.6,4.,-0.425));
#8105=CARTESIAN_POINT('Origin',(12.,4.41,0.));
#8106=CARTESIAN_POINT('',(14.35,-1.57641016151378,0.));
#8107=CARTESIAN_POINT('',(14.35,-1.7,0.));
#8108=CARTESIAN_POINT('',(14.35,-1.23,0.));
#8109=CARTESIAN_POINT('',(14.6,-1.7,0.));
#8110=CARTESIAN_POINT('',(11.975,-1.7,0.));
#8111=CARTESIAN_POINT('',(15.02,-1.28,0.));
#8112=CARTESIAN_POINT('Origin',(14.6,-1.28,0.));
#8113=CARTESIAN_POINT('',(15.02,10.1,0.));
#8114=CARTESIAN_POINT('',(15.02,-1.28,0.));
#8115=CARTESIAN_POINT('',(14.6,10.52,0.));
#8116=CARTESIAN_POINT('Origin',(14.6,10.1,0.));
#8117=CARTESIAN_POINT('',(9.4,10.52,0.));
#8118=CARTESIAN_POINT('',(14.6,10.52,0.));
#8119=CARTESIAN_POINT('',(8.98,10.1,0.));
#8120=CARTESIAN_POINT('Origin',(9.4,10.1,0.));
#8121=CARTESIAN_POINT('',(8.98,-1.28,0.));
#8122=CARTESIAN_POINT('',(8.98,10.1,0.));
#8123=CARTESIAN_POINT('',(9.4,-1.7,0.));
#8124=CARTESIAN_POINT('Origin',(9.4,-1.28,0.));
#8125=CARTESIAN_POINT('',(9.65,-1.7,0.));
#8126=CARTESIAN_POINT('',(9.425,-1.7,0.));
#8127=CARTESIAN_POINT('',(9.65,-1.57641016151378,0.));
#8128=CARTESIAN_POINT('',(9.65,-1.75,0.));
#8129=CARTESIAN_POINT('',(9.13,-0.989999999999998,0.));
#8130=CARTESIAN_POINT('Origin',(9.45,-1.23,0.));
#8131=CARTESIAN_POINT('',(9.13,9.81,0.));
#8132=CARTESIAN_POINT('',(9.13,1.49,0.));
#8133=CARTESIAN_POINT('',(9.69,10.37,0.));
#8134=CARTESIAN_POINT('Origin',(9.45,10.05,0.));
#8135=CARTESIAN_POINT('',(14.31,10.37,0.));
#8136=CARTESIAN_POINT('',(10.7,10.37,0.));
#8137=CARTESIAN_POINT('Origin',(14.55,10.05,0.));
#8138=CARTESIAN_POINT('Origin',(14.55,-1.23,0.));
#8139=CARTESIAN_POINT('',(14.75,-1.57641016151378,0.));
#8140=CARTESIAN_POINT('',(14.8662334486665,-1.47494163783338,0.));
#8141=CARTESIAN_POINT('Origin',(14.55,-1.23,0.));
#8142=CARTESIAN_POINT('',(14.75,-1.65449944320644,0.));
#8143=CARTESIAN_POINT('Origin',(14.6,-1.43,0.));
#8144=CARTESIAN_POINT('',(14.75,-1.75,0.));
#8145=CARTESIAN_POINT('',(9.25,-1.23,0.));
#8146=CARTESIAN_POINT('Origin',(9.45,-1.23,0.));
#8147=CARTESIAN_POINT('',(14.35,10.05,0.));
#8148=CARTESIAN_POINT('Origin',(14.55,10.05,0.));
#8149=CARTESIAN_POINT('',(9.25,10.05,0.));
#8150=CARTESIAN_POINT('Origin',(9.45,10.05,0.));
#8151=CARTESIAN_POINT('',(9.25,-1.57641016151378,0.));
#8152=CARTESIAN_POINT('',(9.25,-1.65449944320644,0.));
#8153=CARTESIAN_POINT('',(9.25,-1.23,0.));
#8154=CARTESIAN_POINT('',(9.13376655133351,-1.47494163783338,0.));
#8155=CARTESIAN_POINT('Origin',(9.4,-1.43,0.));
#8156=CARTESIAN_POINT('Origin',(9.45,-1.23,0.));
#8157=CARTESIAN_POINT('',(14.35,-1.23,0.));
#8158=CARTESIAN_POINT('Origin',(14.55,-1.23,0.));
#8159=CARTESIAN_POINT('Origin',(14.35,-1.75,0.));
#8160=CARTESIAN_POINT('',(14.35,-1.57641016151378,0.));
#8161=CARTESIAN_POINT('',(14.35,-1.7,0.));
#8162=CARTESIAN_POINT('Origin',(14.75,-1.23,0.));
#8163=CARTESIAN_POINT('',(14.75,-1.57641016151378,-2.4));
#8164=CARTESIAN_POINT('',(14.75,-1.57641016151378,0.));
#8165=CARTESIAN_POINT('',(14.75,-1.65449944320644,-2.4));
#8166=CARTESIAN_POINT('',(14.75,-1.65449944320644,0.));
#8167=CARTESIAN_POINT('',(14.75,1.5525,-2.4));
#8168=CARTESIAN_POINT('Origin',(14.55,-1.23,0.));
#8169=CARTESIAN_POINT('',(14.35,-1.23,-1.));
#8170=CARTESIAN_POINT('',(14.35,-1.23,0.));
#8171=CARTESIAN_POINT('Origin',(14.55,-1.23,-1.));
#8172=CARTESIAN_POINT('Origin',(14.55,-1.23,0.));
#8173=CARTESIAN_POINT('Origin',(14.55,-1.23,0.));
#8174=CARTESIAN_POINT('',(14.8662334486665,-1.47494163783338,-2.4));
#8175=CARTESIAN_POINT('Origin',(14.55,-1.23,-2.4));
#8176=CARTESIAN_POINT('',(14.8662334486665,-1.47494163783338,0.));
#8177=CARTESIAN_POINT('Origin',(14.6,-1.43,0.));
#8178=CARTESIAN_POINT('Origin',(14.6,-1.43,-2.4));
#8179=CARTESIAN_POINT('Origin',(12.,4.335,-2.4));
#8180=CARTESIAN_POINT('Origin',(9.4,-1.7,0.));
#8181=CARTESIAN_POINT('',(9.65,-1.7,0.));
#8182=CARTESIAN_POINT('',(9.4,-1.7,0.2));
#8183=CARTESIAN_POINT('',(9.4,-1.7,0.));
#8184=CARTESIAN_POINT('',(14.6,-1.7,0.2));
#8185=CARTESIAN_POINT('',(10.7,-1.7,0.2));
#8186=CARTESIAN_POINT('',(14.6,-1.7,0.));
#8187=CARTESIAN_POINT('Origin',(9.25,-1.75,0.));
#8188=CARTESIAN_POINT('',(9.25,-1.57641016151378,-2.4));
#8189=CARTESIAN_POINT('',(9.25,-1.57641016151378,0.));
#8190=CARTESIAN_POINT('',(9.25,-1.65449944320644,-2.4));
#8191=CARTESIAN_POINT('',(9.25,1.2925,-2.4));
#8192=CARTESIAN_POINT('',(9.25,-1.65449944320644,0.));
#8193=CARTESIAN_POINT('Origin',(9.65,-1.23,0.));
#8194=CARTESIAN_POINT('',(9.65,-1.57641016151378,0.));
#8195=CARTESIAN_POINT('Origin',(9.45,-1.23,0.));
#8196=CARTESIAN_POINT('',(9.25,-1.23,-1.));
#8197=CARTESIAN_POINT('',(9.25,-1.23,0.));
#8198=CARTESIAN_POINT('Origin',(9.45,-1.23,-1.));
#8199=CARTESIAN_POINT('Origin',(9.45,-1.23,0.));
#8200=CARTESIAN_POINT('',(9.13376655133351,-1.47494163783338,-2.4));
#8201=CARTESIAN_POINT('',(9.13376655133351,-1.47494163783338,0.));
#8202=CARTESIAN_POINT('Origin',(9.45,-1.23,-2.4));
#8203=CARTESIAN_POINT('Origin',(9.45,-1.23,0.));
#8204=CARTESIAN_POINT('',(9.13,-0.99,0.));
#8205=CARTESIAN_POINT('Origin',(12.,4.335,-2.4));
#8206=CARTESIAN_POINT('Origin',(9.4,-1.43,-2.4));
#8207=CARTESIAN_POINT('Origin',(14.55,10.05,0.));
#8208=CARTESIAN_POINT('',(14.35,10.05,-1.));
#8209=CARTESIAN_POINT('',(14.35,10.05,0.));
#8210=CARTESIAN_POINT('Origin',(14.55,10.05,-1.));
#8211=CARTESIAN_POINT('Origin',(14.82,1.69,-2.7));
#8212=CARTESIAN_POINT('',(14.82,4.09,-2.6));
#8213=CARTESIAN_POINT('',(14.82,4.09,-2.7));
#8214=CARTESIAN_POINT('',(14.82,1.69,-2.6));
#8215=CARTESIAN_POINT('',(14.82,3.05,-2.6));
#8216=CARTESIAN_POINT('',(14.82,1.69,-2.7));
#8217=CARTESIAN_POINT('Origin',(14.72,1.69,-2.7));
#8218=CARTESIAN_POINT('',(14.72,1.59,-2.6));
#8219=CARTESIAN_POINT('Origin',(14.72,1.69,-2.6));
#8220=CARTESIAN_POINT('',(14.72,1.59,-2.7));
#8221=CARTESIAN_POINT('Origin',(14.17,1.59,-2.7));
#8222=CARTESIAN_POINT('',(14.17,1.59,-2.6));
#8223=CARTESIAN_POINT('',(13.085,1.59,-2.6));
#8224=CARTESIAN_POINT('',(14.17,1.59,-2.7));
#8225=CARTESIAN_POINT('Origin',(14.17,1.69,-2.7));
#8226=CARTESIAN_POINT('',(14.07,1.69,-2.6));
#8227=CARTESIAN_POINT('Origin',(14.17,1.69,-2.6));
#8228=CARTESIAN_POINT('',(14.07,1.69,-2.7));
#8229=CARTESIAN_POINT('Origin',(14.07,4.09,-2.7));
#8230=CARTESIAN_POINT('',(14.07,4.09,-2.6));
#8231=CARTESIAN_POINT('',(14.07,4.25,-2.6));
#8232=CARTESIAN_POINT('',(14.07,4.09,-2.7));
#8233=CARTESIAN_POINT('Origin',(14.17,4.09,-2.7));
#8234=CARTESIAN_POINT('',(14.17,4.19,-2.6));
#8235=CARTESIAN_POINT('Origin',(14.17,4.09,-2.6));
#8236=CARTESIAN_POINT('',(14.17,4.19,-2.7));
#8237=CARTESIAN_POINT('Origin',(14.72,4.19,-2.7));
#8238=CARTESIAN_POINT('',(14.72,4.19,-2.6));
#8239=CARTESIAN_POINT('',(13.36,4.19,-2.6));
#8240=CARTESIAN_POINT('',(14.72,4.19,-2.7));
#8241=CARTESIAN_POINT('Origin',(14.72,4.09,-2.7));
#8242=CARTESIAN_POINT('Origin',(14.72,4.09,-2.6));
#8243=CARTESIAN_POINT('Origin',(9.93,4.88,-2.7));
#8244=CARTESIAN_POINT('',(9.93,5.78,-2.6));
#8245=CARTESIAN_POINT('',(9.93,5.78,-2.7));
#8246=CARTESIAN_POINT('',(9.93,4.88,-2.6));
#8247=CARTESIAN_POINT('',(9.93,4.645,-2.6));
#8248=CARTESIAN_POINT('',(9.93,4.88,-2.7));
#8249=CARTESIAN_POINT('Origin',(9.83,4.88,-2.7));
#8250=CARTESIAN_POINT('',(9.83,4.78,-2.6));
#8251=CARTESIAN_POINT('Origin',(9.83,4.88,-2.6));
#8252=CARTESIAN_POINT('',(9.83,4.78,-2.7));
#8253=CARTESIAN_POINT('Origin',(9.28,4.78,-2.7));
#8254=CARTESIAN_POINT('',(9.28,4.78,-2.6));
#8255=CARTESIAN_POINT('',(10.64,4.78,-2.6));
#8256=CARTESIAN_POINT('',(9.28,4.78,-2.7));
#8257=CARTESIAN_POINT('Origin',(9.28,4.88,-2.7));
#8258=CARTESIAN_POINT('',(9.18,4.88,-2.6));
#8259=CARTESIAN_POINT('Origin',(9.28,4.88,-2.6));
#8260=CARTESIAN_POINT('',(9.18,4.88,-2.7));
#8261=CARTESIAN_POINT('Origin',(9.18,5.78,-2.7));
#8262=CARTESIAN_POINT('',(9.18,5.78,-2.6));
#8263=CARTESIAN_POINT('',(9.18,5.095,-2.6));
#8264=CARTESIAN_POINT('',(9.18,5.78,-2.7));
#8265=CARTESIAN_POINT('Origin',(9.28,5.78,-2.7));
#8266=CARTESIAN_POINT('',(9.28,5.88,-2.6));
#8267=CARTESIAN_POINT('Origin',(9.28,5.78,-2.6));
#8268=CARTESIAN_POINT('',(9.28,5.88,-2.7));
#8269=CARTESIAN_POINT('Origin',(9.83,5.88,-2.7));
#8270=CARTESIAN_POINT('',(9.83,5.88,-2.6));
#8271=CARTESIAN_POINT('',(10.915,5.88,-2.6));
#8272=CARTESIAN_POINT('',(9.83,5.88,-2.7));
#8273=CARTESIAN_POINT('Origin',(9.83,5.78,-2.7));
#8274=CARTESIAN_POINT('Origin',(9.83,5.78,-2.6));
#8275=CARTESIAN_POINT('Origin',(9.93,1.69,-2.7));
#8276=CARTESIAN_POINT('',(9.93,4.09,-2.6));
#8277=CARTESIAN_POINT('',(9.93,4.09,-2.7));
#8278=CARTESIAN_POINT('',(9.93,1.69,-2.6));
#8279=CARTESIAN_POINT('',(9.93,3.05,-2.6));
#8280=CARTESIAN_POINT('',(9.93,1.69,-2.7));
#8281=CARTESIAN_POINT('Origin',(9.83,1.69,-2.7));
#8282=CARTESIAN_POINT('',(9.83,1.59,-2.6));
#8283=CARTESIAN_POINT('Origin',(9.83,1.69,-2.6));
#8284=CARTESIAN_POINT('',(9.83,1.59,-2.7));
#8285=CARTESIAN_POINT('Origin',(9.28,1.59,-2.7));
#8286=CARTESIAN_POINT('',(9.28,1.59,-2.6));
#8287=CARTESIAN_POINT('',(10.64,1.59,-2.6));
#8288=CARTESIAN_POINT('',(9.28,1.59,-2.7));
#8289=CARTESIAN_POINT('Origin',(9.28,1.69,-2.7));
#8290=CARTESIAN_POINT('',(9.18,1.69,-2.6));
#8291=CARTESIAN_POINT('Origin',(9.28,1.69,-2.6));
#8292=CARTESIAN_POINT('',(9.18,1.69,-2.7));
#8293=CARTESIAN_POINT('Origin',(9.18,4.09,-2.7));
#8294=CARTESIAN_POINT('',(9.18,4.09,-2.6));
#8295=CARTESIAN_POINT('',(9.18,4.25,-2.6));
#8296=CARTESIAN_POINT('',(9.18,4.09,-2.7));
#8297=CARTESIAN_POINT('Origin',(9.28,4.09,-2.7));
#8298=CARTESIAN_POINT('',(9.28,4.19,-2.6));
#8299=CARTESIAN_POINT('Origin',(9.28,4.09,-2.6));
#8300=CARTESIAN_POINT('',(9.28,4.19,-2.7));
#8301=CARTESIAN_POINT('Origin',(9.83,4.19,-2.7));
#8302=CARTESIAN_POINT('',(9.83,4.19,-2.6));
#8303=CARTESIAN_POINT('',(10.915,4.19,-2.6));
#8304=CARTESIAN_POINT('',(9.83,4.19,-2.7));
#8305=CARTESIAN_POINT('Origin',(9.83,4.09,-2.7));
#8306=CARTESIAN_POINT('Origin',(9.83,4.09,-2.6));
#8307=CARTESIAN_POINT('Origin',(14.82,4.88,-2.7));
#8308=CARTESIAN_POINT('',(14.82,5.78,-2.6));
#8309=CARTESIAN_POINT('',(14.82,5.78,-2.7));
#8310=CARTESIAN_POINT('',(14.82,4.88,-2.6));
#8311=CARTESIAN_POINT('',(14.82,4.645,-2.6));
#8312=CARTESIAN_POINT('',(14.82,4.88,-2.7));
#8313=CARTESIAN_POINT('Origin',(14.72,4.88,-2.7));
#8314=CARTESIAN_POINT('',(14.72,4.78,-2.6));
#8315=CARTESIAN_POINT('Origin',(14.72,4.88,-2.6));
#8316=CARTESIAN_POINT('',(14.72,4.78,-2.7));
#8317=CARTESIAN_POINT('Origin',(14.17,4.78,-2.7));
#8318=CARTESIAN_POINT('',(14.17,4.78,-2.6));
#8319=CARTESIAN_POINT('',(13.085,4.78,-2.6));
#8320=CARTESIAN_POINT('',(14.17,4.78,-2.7));
#8321=CARTESIAN_POINT('Origin',(14.17,4.88,-2.7));
#8322=CARTESIAN_POINT('',(14.07,4.88,-2.6));
#8323=CARTESIAN_POINT('Origin',(14.17,4.88,-2.6));
#8324=CARTESIAN_POINT('',(14.07,4.88,-2.7));
#8325=CARTESIAN_POINT('Origin',(14.07,5.78,-2.7));
#8326=CARTESIAN_POINT('',(14.07,5.78,-2.6));
#8327=CARTESIAN_POINT('',(14.07,5.095,-2.6));
#8328=CARTESIAN_POINT('',(14.07,5.78,-2.7));
#8329=CARTESIAN_POINT('Origin',(14.17,5.78,-2.7));
#8330=CARTESIAN_POINT('',(14.17,5.88,-2.6));
#8331=CARTESIAN_POINT('Origin',(14.17,5.78,-2.6));
#8332=CARTESIAN_POINT('',(14.17,5.88,-2.7));
#8333=CARTESIAN_POINT('Origin',(14.72,5.88,-2.7));
#8334=CARTESIAN_POINT('',(14.72,5.88,-2.6));
#8335=CARTESIAN_POINT('',(13.36,5.88,-2.6));
#8336=CARTESIAN_POINT('',(14.72,5.88,-2.7));
#8337=CARTESIAN_POINT('Origin',(14.72,5.78,-2.7));
#8338=CARTESIAN_POINT('Origin',(14.72,5.78,-2.6));
#8339=CARTESIAN_POINT('Origin',(16.22,3.85,-1.4));
#8340=CARTESIAN_POINT('',(16.22,6.65,-1.));
#8341=CARTESIAN_POINT('',(16.2200002670288,-1.28,-1.));
#8342=CARTESIAN_POINT('',(16.22,3.85,-1.));
#8343=CARTESIAN_POINT('',(16.22,3.85,-1.));
#8344=CARTESIAN_POINT('',(16.2200002670288,-1.28,-1.));
#8345=CARTESIAN_POINT('Origin',(7.78,6.65,-1.4));
#8346=CARTESIAN_POINT('',(7.78,3.85,-1.));
#8347=CARTESIAN_POINT('',(7.77999973297119,10.1000002670288,-1.));
#8348=CARTESIAN_POINT('',(7.78,6.65,-1.));
#8349=CARTESIAN_POINT('',(7.78,6.65,-1.));
#8350=CARTESIAN_POINT('',(7.77999973297119,10.1000002670288,-1.));
#8351=CARTESIAN_POINT('Origin',(8.39,5.25,-1.));
#8352=CARTESIAN_POINT('',(9.39999973297119,-2.9,-1.));
#8353=CARTESIAN_POINT('',(13.4,11.72,-1.));
#8354=CARTESIAN_POINT('',(14.6000002670288,11.7200002670288,-1.));
#8355=CARTESIAN_POINT('',(10.6,11.72,-1.));
#8356=CARTESIAN_POINT('',(13.4,11.72,-1.));
#8357=CARTESIAN_POINT('',(14.6000002670288,11.7200002670288,-1.));
#8358=CARTESIAN_POINT('Origin',(14.6,10.1,-1.));
#8359=CARTESIAN_POINT('Origin',(13.4,11.72,-1.4));
#8360=CARTESIAN_POINT('Origin',(12.,-2.325,-1.4));
#8361=CARTESIAN_POINT('',(10.6,-2.9,-1.4));
#8362=CARTESIAN_POINT('Origin',(10.3,-2.05,-1.4));
#8363=CARTESIAN_POINT('Origin',(13.7,-2.6,-1.4));
#8364=CARTESIAN_POINT('Origin',(10.6,-2.9,-1.4));
#8365=CARTESIAN_POINT('Origin',(9.45,10.05,0.));
#8366=CARTESIAN_POINT('',(9.25,10.05,-1.));
#8367=CARTESIAN_POINT('',(9.25,10.05,0.));
#8368=CARTESIAN_POINT('Origin',(9.45,10.05,-1.));
#8369=CARTESIAN_POINT('Origin',(9.45,10.05,-1.));
#8370=CARTESIAN_POINT('Origin',(14.55,-1.23,-1.));
#8371=CARTESIAN_POINT('Origin',(9.45,-1.23,-1.));
#8372=CARTESIAN_POINT('Origin',(14.55,10.05,-1.));
#8373=CARTESIAN_POINT('Origin',(14.55,10.05,0.));
#8374=CARTESIAN_POINT('',(14.31,10.37,0.));
#8375=CARTESIAN_POINT('Origin',(9.13,-1.43,0.));
#8376=CARTESIAN_POINT('',(9.13,9.81,0.));
#8377=CARTESIAN_POINT('Origin',(9.45,10.05,0.));
#8378=CARTESIAN_POINT('',(9.69,10.37,0.));
#8379=CARTESIAN_POINT('Origin',(9.4,10.37,0.));
#8380=CARTESIAN_POINT('Origin',(9.4,-1.43,0.));
#8381=CARTESIAN_POINT('Origin',(8.98,10.1,0.));
#8382=CARTESIAN_POINT('',(8.98,10.1,0.2));
#8383=CARTESIAN_POINT('',(8.98,10.1,0.));
#8384=CARTESIAN_POINT('',(8.98,-1.28,0.2));
#8385=CARTESIAN_POINT('',(8.98,7.255,0.2));
#8386=CARTESIAN_POINT('',(8.98,-1.28,0.));
#8387=CARTESIAN_POINT('Origin',(9.4,10.1,0.));
#8388=CARTESIAN_POINT('',(9.4,10.52,0.2));
#8389=CARTESIAN_POINT('',(9.4,10.52,0.));
#8390=CARTESIAN_POINT('Origin',(9.4,10.1,0.2));
#8391=CARTESIAN_POINT('Origin',(14.6,10.52,0.));
#8392=CARTESIAN_POINT('',(14.6,10.52,0.2));
#8393=CARTESIAN_POINT('',(14.6,10.52,0.));
#8394=CARTESIAN_POINT('',(13.3,10.52,0.2));
#8395=CARTESIAN_POINT('Origin',(14.6,10.1,0.));
#8396=CARTESIAN_POINT('',(15.02,10.1,0.2));
#8397=CARTESIAN_POINT('',(15.02,10.1,0.));
#8398=CARTESIAN_POINT('Origin',(14.6,10.1,0.2));
#8399=CARTESIAN_POINT('Origin',(15.02,-1.28,0.));
#8400=CARTESIAN_POINT('',(15.02,-1.28,0.2));
#8401=CARTESIAN_POINT('',(15.02,-1.28,0.));
#8402=CARTESIAN_POINT('',(15.02,1.565,0.2));
#8403=CARTESIAN_POINT('Origin',(14.6,-1.28,0.));
#8404=CARTESIAN_POINT('Origin',(14.6,-1.28,0.2));
#8405=CARTESIAN_POINT('Origin',(9.4,-1.28,0.));
#8406=CARTESIAN_POINT('Origin',(9.4,-1.28,0.2));
#8407=CARTESIAN_POINT('Origin',(12.,4.41,-2.6));
#8408=CARTESIAN_POINT('Origin',(9.4,-1.28,-2.6));
#8409=CARTESIAN_POINT('Origin',(14.6,10.1,0.));
#8410=CARTESIAN_POINT('Origin',(14.6,10.1,0.2));
#8411=CARTESIAN_POINT('Origin',(9.4,-1.28,0.));
#8412=CARTESIAN_POINT('Origin',(12.,4.41,0.2));
#8413=UNCERTAINTY_MEASURE_WITH_UNIT(LENGTH_MEASURE(0.001),#8417,
'DISTANCE_ACCURACY_VALUE',
'Maximum model space distance between geometric entities at asserted c
onnectivities');
#8414=UNCERTAINTY_MEASURE_WITH_UNIT(LENGTH_MEASURE(0.001),#8417,
'DISTANCE_ACCURACY_VALUE',
'Maximum model space distance between geometric entities at asserted c
onnectivities');
#8415=(
GEOMETRIC_REPRESENTATION_CONTEXT(3)
GLOBAL_UNCERTAINTY_ASSIGNED_CONTEXT((#8413))
GLOBAL_UNIT_ASSIGNED_CONTEXT((#8417,#8419,#8420))
REPRESENTATION_CONTEXT('','3D')
);
#8416=(
GEOMETRIC_REPRESENTATION_CONTEXT(3)
GLOBAL_UNCERTAINTY_ASSIGNED_CONTEXT((#8414))
GLOBAL_UNIT_ASSIGNED_CONTEXT((#8417,#8419,#8420))
REPRESENTATION_CONTEXT('','3D')
);
#8417=(
LENGTH_UNIT()
NAMED_UNIT(*)
SI_UNIT(.CENTI.,.METRE.)
);
#8418=(
LENGTH_UNIT()
NAMED_UNIT(*)
SI_UNIT($,.METRE.)
);
#8419=(
NAMED_UNIT(*)
PLANE_ANGLE_UNIT()
SI_UNIT($,.RADIAN.)
);
#8420=(
NAMED_UNIT(*)
SI_UNIT($,.STERADIAN.)
SOLID_ANGLE_UNIT()
);
#8421=SHAPE_DEFINITION_REPRESENTATION(#8422,#8423);
#8422=PRODUCT_DEFINITION_SHAPE('',$,#8425);
#8423=SHAPE_REPRESENTATION('',(#5099),#8415);
#8424=PRODUCT_DEFINITION_CONTEXT('part definition',#8429,'design');
#8425=PRODUCT_DEFINITION('2026-09-04-16-03-50-091','CARA_TEO',#8426,#8424);
#8426=PRODUCT_DEFINITION_FORMATION('',$,#8431);
#8427=PRODUCT_RELATED_PRODUCT_CATEGORY('CARA_TEO','CARA_TEO',(#8431));
#8428=APPLICATION_PROTOCOL_DEFINITION('international standard',
'automotive_design',2009,#8429);
#8429=APPLICATION_CONTEXT(
'Core Data for Automotive Mechanical Design Process');
#8430=PRODUCT_CONTEXT('part definition',#8429,'mechanical');
#8431=PRODUCT('2026-09-04-16-03-50-091','CARA_TEO',$,(#8430));
#8432=PRESENTATION_STYLE_ASSIGNMENT((#8433));
#8433=SURFACE_STYLE_USAGE(.BOTH.,#8434);
#8434=SURFACE_SIDE_STYLE('',(#8435));
#8435=SURFACE_STYLE_FILL_AREA(#8436);
#8436=FILL_AREA_STYLE('Acero - Satinado',(#8437));
#8437=FILL_AREA_STYLE_COLOUR('Acero - Satinado',#8438);
#8438=COLOUR_RGB('Acero - Satinado',0.627450980392157,0.627450980392157,
0.627450980392157);
ENDSEC;
END-ISO-10303-21;
